Workbook
Name Matrice: OBJECTIFS!$C$45:$J$49

Sheet Cartouche
A5: CARTOUCHE
A7: DOCUMENT
A8: Référence | B8: MCC_S01_FEG-GRILLE PRIMES AGENT-PVCP GE SE
A9: Intitulé | B9: Grille de prime agent pour business hors télèvente
A10: Qui le remplit | B10: Chef de projet
A11: Quand le remplir | B11: avant le 10 de chaque mois
A12: A qui l'envoyer | B12: Directeur Général, Directeur des Opérations, DRH, Responsable Service Administratif RH
A13: Diffusion | B13: Prod et service paie
A16: TITRES | C16: DESIGNATION | E16: FORMAT
A17: Manager | C17: Nom du manager responsable de l'équipe | E17: Texte
A18: Opération | C18: Nom de l'opération ( Liste de choix) | E18: Texte
A19: Matricule | C19: Le matricule de l'agent | E19: alpha numérique
A20: Statut | C20: Liste de choix des différents statuts agent | E20: Texte
A21: Montant Cible | C21: Le montant total possible de la prime | E21: Monétaire
A22: Productivité | C22: Engloble 3 indicateurs quantitatifs de l'activité | E22: Nombre
A23: Qualité | C23: Englobe 2 indicateurs qualitatifs de l'activité | E23: Nombre
A24: Satisfaction client | C24: Le nombre de réclamations sur agent : Elément déclencheur de la prime) | E24: Nombre
A25: Heures produites | C25: les heures produites par l'agent en M-1 | E25: Nombre
A26: Assiduité, Comportement & Prorata | C26: Absences, retards, congés … etc. (Plus les mesures disciplinaires) | E26: Nombre
A27: Malus (en %) | C27: Taux de malus appliqué à la totalité de la prime | E27: Pourcentage
... A35: MEA | C35: mise en attente | E35: Pourcentage
A51: TABLEAU DE REVISION
A53: DATE | B53: VERSION | C53: NATURE MODIFICATION | D53: REDACTEUR | E53: VERIFICATEUR | F53: APPROBATEUR
A54: 45627 | B54: 01 | C54: Création | D54: Yassine Karim | E54: FZ FATIH | F54: FATIH FATIMA ZAHRA

Sheet Variable
J1: Eléments déclencheurs = Réclamation client Agent | AH1: Règles d'assiduité | AR1: En cas d'execo on choisit par ordre
A2: Auteur EG: | J2: 1 réclamation client sur le mois | O2: Toute la prime est perdue | AH2: 1 Absence injustifiée ou 4 Retards | AM2: Moitié de la prime est perdue | AR2: 1 | AT2: Le statut le plus Haut
A3: Date émission EG: | AH3: 2 Absences injustifiée ou 8 Retards ou sanction | AM3: Totalité de la prime est perdue | AR3: 2 | AT3: La progression en nombre de points /mois précédent
AR4: 3 | AT4: Le nombre moyen de points du dernier trimestre
A5: SOURCE PLANILICATION | B5: Interne
A6: Noms prénoms | B6: Matricule | C6: Manager | D6: Opération | E6: Sanction disciplinaire | F6: Statut | H6: Montant Cible | J6: Productivité | V6: Qualité | AD6: Satisfaction client | AF6: Nb de points avant l'assiduité | AH6: Assiduité, Comportement & Prorata | AO6: Malus (en %) | AP6: Montant de la prime hors Super Bonus | AR6: Autres Primes | BA6: Montant Final de la prime | BC6: Nombre de points Final | BE6: L'agent du mois de l'activité
J7: =+OBJECTIFS!E5 -> DMT | K7: Objectif VS Statut | L7: Taux d'atteinte | M7: Nb de points | N7: =+OBJECTIFS!F5 -> CVR | O7: Objectif VS Statut | P7: Taux d'atteinte | Q7: Nb de points | R7: =+OBJECTIFS!G5 -> Avg NBR | S7: Objectif VS Statut | T7: Taux d'atteinte | U7: Nb de points | V7: =+OBJECTIFS!H5 -> Tx MEA | W7: Objectif VS Statut | X7: Taux d'atteinte | Y7: Nb de points | Z7: =+OBJECTIFS!I5 -> Note qualité | AA7: Objectif VS Statut | AB7: Taux d'atteinte | AC7: Nb de points | AD7: Réclamation client sur Agent | AH7: Heures produites | AI7: Abs injust. | AJ7: Retards | AK7: Abs just. | AL7: Congé payé + CSS (en j) | AM7: Nb de jours non travaillés | AN7: Nb de jours ouvrés du mois | AR7: MISSION | AT7: Prime LANGUE | AU7: PRIME DE LANGUE Finale | AW7: =+IF(OBJECTIFS!G68="","BONUS 3",OBJECTIFS!G68) -> BONUS 3 | AX7: =+IF(OBJECTIFS!G69="","BONUS 4",OBJECTIFS!G69) -> BONUS 4 | AY7: SUPER BONUS VENTES
M8: =OBJECTIFS!E4 -> 45 | Q8: =OBJECTIFS!F4 -> 10 | U8: =OBJECTIFS!G4 -> 10 | Y8: =OBJECTIFS!H4 -> 15 | AC8: =OBJECTIFS!I4 -> 20
H9: =IF(OR(D9="",F9="",A9=""),"",IF(E9="oui",0,IF(D9=OBJECTIFS!$C$45,VLOOKUP(F9,OBJECTIFS!$C$9:$D$11,2,FALSE),IF(D9=OBJECTIFS!$C$46,VLOOKUP(F9,OBJECTIFS!$C$16:$D$18,2,FALSE),IF(D9=OBJECTIFS!$C$47,VLOOKUP(F9,OBJECTIFS!$C$23:$D$25,2,FALSE),IF(D9=OBJECTIFS!$C$48,VLOOKUP(F9,OBJECTIFS!$C$30:$D$32,2,FALSE),IF(D9=OBJECTIFS!$C$49,VLOOKUP(F9,OBJECTIFS!$C$37:$D$39,2,FALSE)))))))) | K9: =IF(OR($A9="",$D9="",J9=""),"",SUMIFS(OBJECTIFS!E$9:E$39,OBJECTIFS!$A$9:$A$39,$D9,OBJECTIFS!$C$9:$C$39,$F9)) | L9: =IF(OR(AND($D9=OBJECTIFS!$B$6,OBJECTIFS!E$8="dmt"),AND($D9=OBJECTIFS!$B$13,OBJECTIFS!$E$15="dmt"),AND($D9=OBJECTIFS!$B$20,OBJECTIFS!$E$22="dmt"),AND($D9=OBJECTIFS!$B$27,OBJECTIFS!$E$29="dmt"),AND($D9=OBJECTIFS!$B$34,OBJECTIFS!$E$36="dmt"),AND($D9=OBJECTIFS!$B$6,OBJECTIFS!$E$8="taux de chute"),AND($D9=OBJECTIFS!$B$13,OBJECTIFS!$E$15="taux de chute"),AND($D9=OBJECTIFS!$B$20,OBJECTIFS!$E$22="taux de chute"),AND($D9=OBJECTIFS!$B$27,OBJECTIFS!$E$29="taux de chute"),AND($D9=OBJECTIFS!$B$34,OBJECTIFS!$E$36="taux de chute"),AND($D9=OBJECTIFS!$B$6,OBJECTIFS!E$8="tx mea"),AND($D9=OBJECTIFS!$B$13,OBJECTIFS!$E$15="tx mea"),AND($D9=OBJECTIFS!$B$20,OBJECTIFS!$E$22="tx mea"),AND($D9=OBJECTIFS!$B$27,OBJECTIFS!$E$29="tx mea"),AND($D9=OBJECTIFS!$B$34,OBJECTIFS!$E$36="tx mea")),IFERROR(K9/J9,""),IFERROR(J9/K9,"")) | M9: =IFERROR(IF(OR(J9="",K9="",L9=""),0,IF(L9<OBJECTIFS!$E$56,0,IF(L9<OBJECTIFS!$G$56,M$8*OBJECTIFS!$F$60,IF(L9<OBJECTIFS!$I$56,M$8*OBJECTIFS!$H$60,M$8)))),0) -> 0 | O9: =IF(OR($A9="",$D9="",N9=""),"",SUMIFS(OBJECTIFS!F$9:F$39,OBJECTIFS!$A$9:$A$39,$D9,OBJECTIFS!$C$9:$C$39,$F9)) | P9: =IF(OR(AND($D9=OBJECTIFS!$B$6,OBJECTIFS!$F$8="dmt"),AND($D9=OBJECTIFS!$B$13,OBJECTIFS!$F$15="dmt"),AND($D9=OBJECTIFS!$B$20,OBJECTIFS!$F$22="dmt"),AND($D9=OBJECTIFS!$B$27,OBJECTIFS!$F$29="dmt"),AND($D9=OBJECTIFS!$B$34,OBJECTIFS!$F$36="dmt"),AND($D9=OBJECTIFS!$B$6,OBJECTIFS!$F$8="taux de chute"),AND($D9=OBJECTIFS!$B$13,OBJECTIFS!$F$15="taux de chute"),AND($D9=OBJECTIFS!$B$20,OBJECTIFS!$F$22="taux de chute"),AND($D9=OBJECTIFS!$B$27,OBJECTIFS!$F$29="taux de chute"),AND($D9=OBJECTIFS!$B$34,OBJECTIFS!$F$36="taux de chute"),AND($D9=OBJECTIFS!$B$6,OBJECTIFS!$F$8="tx mea"),AND($D9=OBJECTIFS!$B$13,OBJECTIFS!$F$15="tx mea"),AND($D9=OBJECTIFS!$B$20,OBJECTIFS!$F$22="tx mea"),AND($D9=OBJECTIFS!$B$27,OBJECTIFS!$F$29="tx mea"),AND($D9=OBJECTIFS!$B$34,OBJECTIFS!$F$36="tx mea")),IFERROR(O9/N9,""),IFERROR(N9/O9,"")) | Q9: =IFERROR(IF(OR(N9="",O9="",P9=""),0,IF(P9<OBJECTIFS!$E$56,0,IF(P9<OBJECTIFS!$G$56,Q$8*OBJECTIFS!$F$60,IF(P9<OBJECTIFS!$I$56,Q$8*OBJECTIFS!$H$60,Q$8)))),0) -> 0 | S9: =IF(OR($A9="",$D9="",R9=""),"",SUMIFS(OBJECTIFS!G$9:G$39,OBJECTIFS!$A$9:$A$39,$D9,OBJECTIFS!$C$9:$C$39,$F9)) | T9: =IF(OR(AND($D9=OBJECTIFS!$B$6,OBJECTIFS!G$8="dmt"),AND($D9=OBJECTIFS!$B$13,OBJECTIFS!$G$15="dmt"),AND($D9=OBJECTIFS!$B$20,OBJECTIFS!$G$22="dmt"),AND($D9=OBJECTIFS!$B$27,OBJECTIFS!$G$29="dmt"),AND($D9=OBJECTIFS!$B$34,OBJECTIFS!$G$36="dmt"),AND($D9=OBJECTIFS!$B$6,OBJECTIFS!$G$8="taux de chute"),AND($D9=OBJECTIFS!$B$13,OBJECTIFS!$G$15="taux de chute"),AND($D9=OBJECTIFS!$B$20,OBJECTIFS!$G$22="taux de chute"),AND($D9=OBJECTIFS!$B$27,OBJECTIFS!$G$29="taux de chute"),AND($D9=OBJECTIFS!$B$34,OBJECTIFS!$G$36="taux de chute",AND($D9=OBJECTIFS!$B$6,OBJECTIFS!G$8="tx mea"),AND($D9=OBJECTIFS!$B$13,OBJECTIFS!$G$15="tx mea"),AND($D9=OBJECTIFS!$B$20,OBJECTIFS!$G$22="tx mea"),AND($D9=OBJECTIFS!$B$27,OBJECTIFS!$G$29="tx mea"),AND($D9=OBJECTIFS!$B$34,OBJECTIFS!$G$36="tx mea"))),IFERROR(S9/R9,""),IFERROR(R9/S9,"")) | U9: =IFERROR(IF(OR(R9="",S9="",T9=""),0,IF(T9<OBJECTIFS!$E$56,0,IF(T9<OBJECTIFS!$G$56,U$8*OBJECTIFS!$F$60,IF(T9<OBJECTIFS!$I$56,U$8*OBJECTIFS!$H$60,U$8)))),0) -> 0 | W9: =IF(OR($A9="",$D9="",V9=""),"",SUMIFS(OBJECTIFS!H$9:H$39,OBJECTIFS!$A$9:$A$39,$D9,OBJECTIFS!$C$9:$C$39,$F9)) | X9: =IF(OR(AND($D9=OBJECTIFS!$B$6,OBJECTIFS!H$8="dmt"),AND($D9=OBJECTIFS!$B$13,OBJECTIFS!$H$15="dmt"),AND($D9=OBJECTIFS!$B$20,OBJECTIFS!$H$22="dmt"),AND($D9=OBJECTIFS!$B$27,OBJECTIFS!$H$29="dmt"),AND($D9=OBJECTIFS!$B$34,OBJECTIFS!$H$36="dmt"),AND($D9=OBJECTIFS!$B$6,OBJECTIFS!$H$8="taux de chute"),AND($D9=OBJECTIFS!$B$13,OBJECTIFS!$H$15="taux de chute"),AND($D9=OBJECTIFS!$B$20,OBJECTIFS!$H$22="taux de chute"),AND($D9=OBJECTIFS!$B$27,OBJECTIFS!$H$29="taux de chute"),AND($D9=OBJECTIFS!$B$34,OBJECTIFS!$H$36="taux de chute"),AND($D9=OBJECTIFS!$B$6,OBJECTIFS!H$8="tx mea"),AND($D9=OBJECTIFS!$B$13,OBJECTIFS!$H$15="tx mea"),AND($D9=OBJECTIFS!$B$20,OBJECTIFS!$H$22="tx mea"),AND($D9=OBJECTIFS!$B$27,OBJECTIFS!$H$29="tx mea"),AND($D9=OBJECTIFS!$B$34,OBJECTIFS!$H$36="tx mea")),IFERROR(W9/V9,""),IFERROR(V9/W9,"")) | Y9: =IFERROR(IF(OR(V9="",W9="",X9=""),0,IF(X9<OBJECTIFS!$E$56,0,IF(X9<OBJECTIFS!$G$56,Y$8*OBJECTIFS!$F$60,IF(X9<OBJECTIFS!$I$56,Y$8*OBJECTIFS!$H$60,Y$8)))),0) -> 0 | AA9: =IF(OR($A9="",$D9="",Z9=""),"",SUMIFS(OBJECTIFS!I$9:I$39,OBJECTIFS!$A$9:$A$39,$D9,OBJECTIFS!$C$9:$C$39,$F9)) | AB9: =IF(OR(AND($D9=OBJECTIFS!$B$6,OBJECTIFS!I$8="dmt"),AND($D9=OBJECTIFS!$B$13,OBJECTIFS!$I$15="dmt"),AND($D9=OBJECTIFS!$B$20,OBJECTIFS!$I$22="dmt"),AND($D9=OBJECTIFS!$B$27,OBJECTIFS!$I$29="dmt"),AND($D9=OBJECTIFS!$B$34,OBJECTIFS!$I$36="dmt"),AND($D9=OBJECTIFS!$B$6,OBJECTIFS!$I$8="taux de chute"),AND($D9=OBJECTIFS!$B$13,OBJECTIFS!$I$15="taux de chute"),AND($D9=OBJECTIFS!$B$20,OBJECTIFS!$I$22="taux de chute"),AND($D9=OBJECTIFS!$B$27,OBJECTIFS!$I$29="taux de chute"),AND($D9=OBJECTIFS!$B$34,OBJECTIFS!$I$36="taux de chute"),AND($D9=OBJECTIFS!$B$6,OBJECTIFS!I$8="tx mea"),AND($D9=OBJECTIFS!$B$13,OBJECTIFS!$I$15="tx mea"),AND($D9=OBJECTIFS!$B$20,OBJECTIFS!$I$22="tx mea"),AND($D9=OBJECTIFS!$B$27,OBJECTIFS!$I$29="tx mea"),AND($D9=OBJECTIFS!$B$34,OBJECTIFS!$I$36="tx mea")),IFERROR(AA9/Z9,""),IFERROR(Z9/AA9,"")) | AC9: =IFERROR(IF(OR(Z9="",AA9="",AB9=""),0,IF(AB9<OBJECTIFS!$E$56,0,IF(AB9<OBJECTIFS!$G$56,AC$8*OBJECTIFS!$F$60,IF(AB9<OBJECTIFS!$I$56,AC$8*OBJECTIFS!$H$60,AC$8)))),0) -> 0 | AF9: =IF(AD9>=1,0,IF(AD9=1,SUMIF($J$7:$AC$8,"Nb de points",$J9:$AC9)/2,SUMIF($J$7:$AC$8,"Nb de points",$J9:$AC9))) -> 0 | AM9: =SUM(AK9:AL9,AI9) -> 0 | AN9: 22 | AO9: =IFERROR(IF(IF(OR(AI9>=2,AJ9>=8,AND(AI9=1,AJ9>=4)),0,IF(OR(AND(AI9=1,AJ9<4),AND(AI9=0,AJ9>=4,AJ9<8)),50%,100%))*(AN9-AM9)/AN9=0,-100%,IF(OR(AI9>=2,AJ9>=8,AND(AI9=1,AJ9>=4)),0,IF(OR(AND(AI9=1,AJ9<4),AND(AI9=0,AJ9>=4,AJ9<8)),50%,100%))*(AN9-AM9)/AN9-1),"") -> 0 | AP9: =IFERROR((H9*AF9/100)*(1+AO9),"") | AR9: =IFERROR(VLOOKUP(B9,OBJECTIFS!$C$76:$E$137,2,FALSE),0) -> 0 | AT9: =IFERROR(VLOOKUP(B9,OBJECTIFS!$H$76:$J$137,2,FALSE),0) -> 0 | AU9: =IF($B$5="interne",AT9/191*AH9,AT9/176*AH9) -> 0 | AW9: =IFERROR(VLOOKUP(B9,OBJECTIFS!$C$142:$E$203,2,FALSE),0) -> 0 | AX9: =IFERROR(VLOOKUP(B9,OBJECTIFS!$H$142:$J$203,2,FALSE),0) -> 0 | AY9: =IFERROR(VLOOKUP(B9,OBJECTIFS!$F$208:$H$269,3,FALSE),0) -> 0 | BA9: =IFERROR((AP9+SUM(AW9:AY9)+AU9+AR9),"") | BC9: =IFERROR(IF(OR(AI9>=2,AJ9>=8,AND(AI9=1,AJ9>=4)),0,IF(OR(AND(AI9=1,AJ9<4),AND(AI9=0,AJ9>=4,AJ9<8)),0.5,1))*AF9*(AN9-AM9)/AN9,"") -> 0 | BD9: =IF(BE9="","","è") | BE9: =IF(BC9=0,"",IF(BC9>=MAX($BC$9:$BC$79),A9,""))
H10: =IF(OR(D10="",F10="",A10=""),"",IF(E10="oui",0,IF(D10=OBJECTIFS!$C$45,VLOOKUP(F10,OBJECTIFS!$C$9:$D$11,2,FALSE),IF(D10=OBJECTIFS!$C$46,VLOOKUP(F10,OBJECTIFS!$C$16:$D$18,2,FALSE),IF(D10=OBJECTIFS!$C$47,VLOOKUP(F10,OBJECTIFS!$C$23:$D$25,2,FALSE),IF(D10=OBJECTIFS!$C$48,VLOOKUP(F10,OBJECTIFS!$C$30:$D$32,2,FALSE),IF(D10=OBJECTIFS!$C$49,VLOOKUP(F10,OBJECTIFS!$C$37:$D$39,2,FALSE)))))))) | K10: =IF(OR($A10="",$D10="",J10=""),"",SUMIFS(OBJECTIFS!E$9:E$39,OBJECTIFS!$A$9:$A$39,$D10,OBJECTIFS!$C$9:$C$39,$F10)) | L10: =IF(OR(AND($D10=OBJECTIFS!$B$6,OBJECTIFS!E$8="dmt"),AND($D10=OBJECTIFS!$B$13,OBJECTIFS!$E$15="dmt"),AND($D10=OBJECTIFS!$B$20,OBJECTIFS!$E$22="dmt"),AND($D10=OBJECTIFS!$B$27,OBJECTIFS!$E$29="dmt"),AND($D10=OBJECTIFS!$B$34,OBJECTIFS!$E$36="dmt"),AND($D10=OBJECTIFS!$B$6,OBJECTIFS!$E$8="taux de chute"),AND($D10=OBJECTIFS!$B$13,OBJECTIFS!$E$15="taux de chute"),AND($D10=OBJECTIFS!$B$20,OBJECTIFS!$E$22="taux de chute"),AND($D10=OBJECTIFS!$B$27,OBJECTIFS!$E$29="taux de chute"),AND($D10=OBJECTIFS!$B$34,OBJECTIFS!$E$36="taux de chute"),AND($D10=OBJECTIFS!$B$6,OBJECTIFS!E$8="tx mea"),AND($D10=OBJECTIFS!$B$13,OBJECTIFS!$E$15="tx mea"),AND($D10=OBJECTIFS!$B$20,OBJECTIFS!$E$22="tx mea"),AND($D10=OBJECTIFS!$B$27,OBJECTIFS!$E$29="tx mea"),AND($D10=OBJECTIFS!$B$34,OBJECTIFS!$E$36="tx mea")),IFERROR(K10/J10,""),IFERROR(J10/K10,"")) | M10: =IFERROR(IF(OR(J10="",K10="",L10=""),0,IF(L10<OBJECTIFS!$E$56,0,IF(L10<OBJECTIFS!$G$56,M$8*OBJECTIFS!$F$60,IF(L10<OBJECTIFS!$I$56,M$8*OBJECTIFS!$H$60,M$8)))),0) -> 0 | O10: =IF(OR($A10="",$D10="",N10=""),"",SUMIFS(OBJECTIFS!F$9:F$39,OBJECTIFS!$A$9:$A$39,$D10,OBJECTIFS!$C$9:$C$39,$F10)) | P10: =IF(OR(AND($D10=OBJECTIFS!$B$6,OBJECTIFS!$F$8="dmt"),AND($D10=OBJECTIFS!$B$13,OBJECTIFS!$F$15="dmt"),AND($D10=OBJECTIFS!$B$20,OBJECTIFS!$F$22="dmt"),AND($D10=OBJECTIFS!$B$27,OBJECTIFS!$F$29="dmt"),AND($D10=OBJECTIFS!$B$34,OBJECTIFS!$F$36="dmt"),AND($D10=OBJECTIFS!$B$6,OBJECTIFS!$F$8="taux de chute"),AND($D10=OBJECTIFS!$B$13,OBJECTIFS!$F$15="taux de chute"),AND($D10=OBJECTIFS!$B$20,OBJECTIFS!$F$22="taux de chute"),AND($D10=OBJECTIFS!$B$27,OBJECTIFS!$F$29="taux de chute"),AND($D10=OBJECTIFS!$B$34,OBJECTIFS!$F$36="taux de chute"),AND($D10=OBJECTIFS!$B$6,OBJECTIFS!$F$8="tx mea"),AND($D10=OBJECTIFS!$B$13,OBJECTIFS!$F$15="tx mea"),AND($D10=OBJECTIFS!$B$20,OBJECTIFS!$F$22="tx mea"),AND($D10=OBJECTIFS!$B$27,OBJECTIFS!$F$29="tx mea"),AND($D10=OBJECTIFS!$B$34,OBJECTIFS!$F$36="tx mea")),IFERROR(O10/N10,""),IFERROR(N10/O10,"")) | Q10: =IFERROR(IF(OR(N10="",O10="",P10=""),0,IF(P10<OBJECTIFS!$E$56,0,IF(P10<OBJECTIFS!$G$56,Q$8*OBJECTIFS!$F$60,IF(P10<OBJECTIFS!$I$56,Q$8*OBJECTIFS!$H$60,Q$8)))),0) -> 0 | S10: =IF(OR($A10="",$D10="",R10=""),"",SUMIFS(OBJECTIFS!G$9:G$39,OBJECTIFS!$A$9:$A$39,$D10,OBJECTIFS!$C$9:$C$39,$F10)) | T10: =IF(OR(AND($D10=OBJECTIFS!$B$6,OBJECTIFS!G$8="dmt"),AND($D10=OBJECTIFS!$B$13,OBJECTIFS!$G$15="dmt"),AND($D10=OBJECTIFS!$B$20,OBJECTIFS!$G$22="dmt"),AND($D10=OBJECTIFS!$B$27,OBJECTIFS!$G$29="dmt"),AND($D10=OBJECTIFS!$B$34,OBJECTIFS!$G$36="dmt"),AND($D10=OBJECTIFS!$B$6,OBJECTIFS!$G$8="taux de chute"),AND($D10=OBJECTIFS!$B$13,OBJECTIFS!$G$15="taux de chute"),AND($D10=OBJECTIFS!$B$20,OBJECTIFS!$G$22="taux de chute"),AND($D10=OBJECTIFS!$B$27,OBJECTIFS!$G$29="taux de chute"),AND($D10=OBJECTIFS!$B$34,OBJECTIFS!$G$36="taux de chute",AND($D10=OBJECTIFS!$B$6,OBJECTIFS!G$8="tx mea"),AND($D10=OBJECTIFS!$B$13,OBJECTIFS!$G$15="tx mea"),AND($D10=OBJECTIFS!$B$20,OBJECTIFS!$G$22="tx mea"),AND($D10=OBJECTIFS!$B$27,OBJECTIFS!$G$29="tx mea"),AND($D10=OBJECTIFS!$B$34,OBJECTIFS!$G$36="tx mea"))),IFERROR(S10/R10,""),IFERROR(R10/S10,"")) | U10: =IFERROR(IF(OR(R10="",S10="",T10=""),0,IF(T10<OBJECTIFS!$E$56,0,IF(T10<OBJECTIFS!$G$56,U$8*OBJECTIFS!$F$60,IF(T10<OBJECTIFS!$I$56,U$8*OBJECTIFS!$H$60,U$8)))),0) -> 0 | W10: =IF(OR($A10="",$D10="",V10=""),"",SUMIFS(OBJECTIFS!H$9:H$39,OBJECTIFS!$A$9:$A$39,$D10,OBJECTIFS!$C$9:$C$39,$F10)) | X10: =IF(OR(AND($D10=OBJECTIFS!$B$6,OBJECTIFS!H$8="dmt"),AND($D10=OBJECTIFS!$B$13,OBJECTIFS!$H$15="dmt"),AND($D10=OBJECTIFS!$B$20,OBJECTIFS!$H$22="dmt"),AND($D10=OBJECTIFS!$B$27,OBJECTIFS!$H$29="dmt"),AND($D10=OBJECTIFS!$B$34,OBJECTIFS!$H$36="dmt"),AND($D10=OBJECTIFS!$B$6,OBJECTIFS!$H$8="taux de chute"),AND($D10=OBJECTIFS!$B$13,OBJECTIFS!$H$15="taux de chute"),AND($D10=OBJECTIFS!$B$20,OBJECTIFS!$H$22="taux de chute"),AND($D10=OBJECTIFS!$B$27,OBJECTIFS!$H$29="taux de chute"),AND($D10=OBJECTIFS!$B$34,OBJECTIFS!$H$36="taux de chute"),AND($D10=OBJECTIFS!$B$6,OBJECTIFS!H$8="tx mea"),AND($D10=OBJECTIFS!$B$13,OBJECTIFS!$H$15="tx mea"),AND($D10=OBJECTIFS!$B$20,OBJECTIFS!$H$22="tx mea"),AND($D10=OBJECTIFS!$B$27,OBJECTIFS!$H$29="tx mea"),AND($D10=OBJECTIFS!$B$34,OBJECTIFS!$H$36="tx mea")),IFERROR(W10/V10,""),IFERROR(V10/W10,"")) | Y10: =IFERROR(IF(OR(V10="",W10="",X10=""),0,IF(X10<OBJECTIFS!$E$56,0,IF(X10<OBJECTIFS!$G$56,Y$8*OBJECTIFS!$F$60,IF(X10<OBJECTIFS!$I$56,Y$8*OBJECTIFS!$H$60,Y$8)))),0) -> 0 | AA10: =IF(OR($A10="",$D10="",Z10=""),"",SUMIFS(OBJECTIFS!I$9:I$39,OBJECTIFS!$A$9:$A$39,$D10,OBJECTIFS!$C$9:$C$39,$F10)) | AB10: =IF(OR(AND($D10=OBJECTIFS!$B$6,OBJECTIFS!I$8="dmt"),AND($D10=OBJECTIFS!$B$13,OBJECTIFS!$I$15="dmt"),AND($D10=OBJECTIFS!$B$20,OBJECTIFS!$I$22="dmt"),AND($D10=OBJECTIFS!$B$27,OBJECTIFS!$I$29="dmt"),AND($D10=OBJECTIFS!$B$34,OBJECTIFS!$I$36="dmt"),AND($D10=OBJECTIFS!$B$6,OBJECTIFS!$I$8="taux de chute"),AND($D10=OBJECTIFS!$B$13,OBJECTIFS!$I$15="taux de chute"),AND($D10=OBJECTIFS!$B$20,OBJECTIFS!$I$22="taux de chute"),AND($D10=OBJECTIFS!$B$27,OBJECTIFS!$I$29="taux de chute"),AND($D10=OBJECTIFS!$B$34,OBJECTIFS!$I$36="taux de chute"),AND($D10=OBJECTIFS!$B$6,OBJECTIFS!I$8="tx mea"),AND($D10=OBJECTIFS!$B$13,OBJECTIFS!$I$15="tx mea"),AND($D10=OBJECTIFS!$B$20,OBJECTIFS!$I$22="tx mea"),AND($D10=OBJECTIFS!$B$27,OBJECTIFS!$I$29="tx mea"),AND($D10=OBJECTIFS!$B$34,OBJECTIFS!$I$36="tx mea")),IFERROR(AA10/Z10,""),IFERROR(Z10/AA10,"")) | AC10: =IFERROR(IF(OR(Z10="",AA10="",AB10=""),0,IF(AB10<OBJECTIFS!$E$56,0,IF(AB10<OBJECTIFS!$G$56,AC$8*OBJECTIFS!$F$60,IF(AB10<OBJECTIFS!$I$56,AC$8*OBJECTIFS!$H$60,AC$8)))),0) -> 0 | AF10: =IF(AD10>=1,0,IF(AD10=1,SUMIF($J$7:$AC$8,"Nb de points",$J10:$AC10)/2,SUMIF($J$7:$AC$8,"Nb de points",$J10:$AC10))) -> 0 | AM10: =SUM(AK10:AL10,AI10) -> 0 | AN10: =AN9 -> 22 | AO10: =IFERROR(IF(IF(OR(AI10>=2,AJ10>=8,AND(AI10=1,AJ10>=4)),0,IF(OR(AND(AI10=1,AJ10<4),AND(AI10=0,AJ10>=4,AJ10<8)),50%,100%))*(AN10-AM10)/AN10=0,-100%,IF(OR(AI10>=2,AJ10>=8,AND(AI10=1,AJ10>=4)),0,IF(OR(AND(AI10=1,AJ10<4),AND(AI10=0,AJ10>=4,AJ10<8)),50%,100%))*(AN10-AM10)/AN10-1),"") -> 0 | AP10: =IFERROR((H10*AF10/100)*(1+AO10),"") | AR10: =IFERROR(VLOOKUP(B10,OBJECTIFS!$C$76:$E$137,2,FALSE),0) -> 0 | AT10: =IFERROR(VLOOKUP(B10,OBJECTIFS!$H$76:$J$137,2,FALSE),0) -> 0 | AU10: =IF($B$5="interne",AT10/191*AH10,AT10/176*AH10) -> 0 | AW10: =IFERROR(VLOOKUP(B10,OBJECTIFS!$C$142:$E$203,2,FALSE),0) -> 0 | AX10: =IFERROR(VLOOKUP(B10,OBJECTIFS!$H$142:$J$203,2,FALSE),0) -> 0 | AY10: =IFERROR(VLOOKUP(B10,OBJECTIFS!$F$208:$H$269,3,FALSE),0) -> 0 | BA10: =IFERROR((AP10+SUM(AW10:AY10)+AU10+AR10),"") | BC10: =IFERROR(IF(OR(AI10>=2,AJ10>=8,AND(AI10=1,AJ10>=4)),0,IF(OR(AND(AI10=1,AJ10<4),AND(AI10=0,AJ10>=4,AJ10<8)),0.5,1))*AF10*(AN10-AM10)/AN10,"") -> 0 | BD10: =IF(BE10="","","è") | BE10: =IF(BC10=0,"",IF(BC10>=MAX($BC$9:$BC$79),A10,""))
H11: =IF(OR(D11="",F11="",A11=""),"",IF(E11="oui",0,IF(D11=OBJECTIFS!$C$45,VLOOKUP(F11,OBJECTIFS!$C$9:$D$11,2,FALSE),IF(D11=OBJECTIFS!$C$46,VLOOKUP(F11,OBJECTIFS!$C$16:$D$18,2,FALSE),IF(D11=OBJECTIFS!$C$47,VLOOKUP(F11,OBJECTIFS!$C$23:$D$25,2,FALSE),IF(D11=OBJECTIFS!$C$48,VLOOKUP(F11,OBJECTIFS!$C$30:$D$32,2,FALSE),IF(D11=OBJECTIFS!$C$49,VLOOKUP(F11,OBJECTIFS!$C$37:$D$39,2,FALSE)))))))) | K11: =IF(OR($A11="",$D11="",J11=""),"",SUMIFS(OBJECTIFS!E$9:E$39,OBJECTIFS!$A$9:$A$39,$D11,OBJECTIFS!$C$9:$C$39,$F11)) | L11: =IF(OR(AND($D11=OBJECTIFS!$B$6,OBJECTIFS!E$8="dmt"),AND($D11=OBJECTIFS!$B$13,OBJECTIFS!$E$15="dmt"),AND($D11=OBJECTIFS!$B$20,OBJECTIFS!$E$22="dmt"),AND($D11=OBJECTIFS!$B$27,OBJECTIFS!$E$29="dmt"),AND($D11=OBJECTIFS!$B$34,OBJECTIFS!$E$36="dmt"),AND($D11=OBJECTIFS!$B$6,OBJECTIFS!$E$8="taux de chute"),AND($D11=OBJECTIFS!$B$13,OBJECTIFS!$E$15="taux de chute"),AND($D11=OBJECTIFS!$B$20,OBJECTIFS!$E$22="taux de chute"),AND($D11=OBJECTIFS!$B$27,OBJECTIFS!$E$29="taux de chute"),AND($D11=OBJECTIFS!$B$34,OBJECTIFS!$E$36="taux de chute"),AND($D11=OBJECTIFS!$B$6,OBJECTIFS!E$8="tx mea"),AND($D11=OBJECTIFS!$B$13,OBJECTIFS!$E$15="tx mea"),AND($D11=OBJECTIFS!$B$20,OBJECTIFS!$E$22="tx mea"),AND($D11=OBJECTIFS!$B$27,OBJECTIFS!$E$29="tx mea"),AND($D11=OBJECTIFS!$B$34,OBJECTIFS!$E$36="tx mea")),IFERROR(K11/J11,""),IFERROR(J11/K11,"")) | M11: =IFERROR(IF(OR(J11="",K11="",L11=""),0,IF(L11<OBJECTIFS!$E$56,0,IF(L11<OBJECTIFS!$G$56,M$8*OBJECTIFS!$F$60,IF(L11<OBJECTIFS!$I$56,M$8*OBJECTIFS!$H$60,M$8)))),0) -> 0 | O11: =IF(OR($A11="",$D11="",N11=""),"",SUMIFS(OBJECTIFS!F$9:F$39,OBJECTIFS!$A$9:$A$39,$D11,OBJECTIFS!$C$9:$C$39,$F11)) | P11: =IF(OR(AND($D11=OBJECTIFS!$B$6,OBJECTIFS!$F$8="dmt"),AND($D11=OBJECTIFS!$B$13,OBJECTIFS!$F$15="dmt"),AND($D11=OBJECTIFS!$B$20,OBJECTIFS!$F$22="dmt"),AND($D11=OBJECTIFS!$B$27,OBJECTIFS!$F$29="dmt"),AND($D11=OBJECTIFS!$B$34,OBJECTIFS!$F$36="dmt"),AND($D11=OBJECTIFS!$B$6,OBJECTIFS!$F$8="taux de chute"),AND($D11=OBJECTIFS!$B$13,OBJECTIFS!$F$15="taux de chute"),AND($D11=OBJECTIFS!$B$20,OBJECTIFS!$F$22="taux de chute"),AND($D11=OBJECTIFS!$B$27,OBJECTIFS!$F$29="taux de chute"),AND($D11=OBJECTIFS!$B$34,OBJECTIFS!$F$36="taux de chute"),AND($D11=OBJECTIFS!$B$6,OBJECTIFS!$F$8="tx mea"),AND($D11=OBJECTIFS!$B$13,OBJECTIFS!$F$15="tx mea"),AND($D11=OBJECTIFS!$B$20,OBJECTIFS!$F$22="tx mea"),AND($D11=OBJECTIFS!$B$27,OBJECTIFS!$F$29="tx mea"),AND($D11=OBJECTIFS!$B$34,OBJECTIFS!$F$36="tx mea")),IFERROR(O11/N11,""),IFERROR(N11/O11,"")) | Q11: =IFERROR(IF(OR(N11="",O11="",P11=""),0,IF(P11<OBJECTIFS!$E$56,0,IF(P11<OBJECTIFS!$G$56,Q$8*OBJECTIFS!$F$60,IF(P11<OBJECTIFS!$I$56,Q$8*OBJECTIFS!$H$60,Q$8)))),0) -> 0 | S11: =IF(OR($A11="",$D11="",R11=""),"",SUMIFS(OBJECTIFS!G$9:G$39,OBJECTIFS!$A$9:$A$39,$D11,OBJECTIFS!$C$9:$C$39,$F11)) | T11: =IF(OR(AND($D11=OBJECTIFS!$B$6,OBJECTIFS!G$8="dmt"),AND($D11=OBJECTIFS!$B$13,OBJECTIFS!$G$15="dmt"),AND($D11=OBJECTIFS!$B$20,OBJECTIFS!$G$22="dmt"),AND($D11=OBJECTIFS!$B$27,OBJECTIFS!$G$29="dmt"),AND($D11=OBJECTIFS!$B$34,OBJECTIFS!$G$36="dmt"),AND($D11=OBJECTIFS!$B$6,OBJECTIFS!$G$8="taux de chute"),AND($D11=OBJECTIFS!$B$13,OBJECTIFS!$G$15="taux de chute"),AND($D11=OBJECTIFS!$B$20,OBJECTIFS!$G$22="taux de chute"),AND($D11=OBJECTIFS!$B$27,OBJECTIFS!$G$29="taux de chute"),AND($D11=OBJECTIFS!$B$34,OBJECTIFS!$G$36="taux de chute",AND($D11=OBJECTIFS!$B$6,OBJECTIFS!G$8="tx mea"),AND($D11=OBJECTIFS!$B$13,OBJECTIFS!$G$15="tx mea"),AND($D11=OBJECTIFS!$B$20,OBJECTIFS!$G$22="tx mea"),AND($D11=OBJECTIFS!$B$27,OBJECTIFS!$G$29="tx mea"),AND($D11=OBJECTIFS!$B$34,OBJECTIFS!$G$36="tx mea"))),IFERROR(S11/R11,""),IFERROR(R11/S11,"")) | U11: =IFERROR(IF(OR(R11="",S11="",T11=""),0,IF(T11<OBJECTIFS!$E$56,0,IF(T11<OBJECTIFS!$G$56,U$8*OBJECTIFS!$F$60,IF(T11<OBJECTIFS!$I$56,U$8*OBJECTIFS!$H$60,U$8)))),0) -> 0 | W11: =IF(OR($A11="",$D11="",V11=""),"",SUMIFS(OBJECTIFS!H$9:H$39,OBJECTIFS!$A$9:$A$39,$D11,OBJECTIFS!$C$9:$C$39,$F11)) | X11: =IF(OR(AND($D11=OBJECTIFS!$B$6,OBJECTIFS!H$8="dmt"),AND($D11=OBJECTIFS!$B$13,OBJECTIFS!$H$15="dmt"),AND($D11=OBJECTIFS!$B$20,OBJECTIFS!$H$22="dmt"),AND($D11=OBJECTIFS!$B$27,OBJECTIFS!$H$29="dmt"),AND($D11=OBJECTIFS!$B$34,OBJECTIFS!$H$36="dmt"),AND($D11=OBJECTIFS!$B$6,OBJECTIFS!$H$8="taux de chute"),AND($D11=OBJECTIFS!$B$13,OBJECTIFS!$H$15="taux de chute"),AND($D11=OBJECTIFS!$B$20,OBJECTIFS!$H$22="taux de chute"),AND($D11=OBJECTIFS!$B$27,OBJECTIFS!$H$29="taux de chute"),AND($D11=OBJECTIFS!$B$34,OBJECTIFS!$H$36="taux de chute"),AND($D11=OBJECTIFS!$B$6,OBJECTIFS!H$8="tx mea"),AND($D11=OBJECTIFS!$B$13,OBJECTIFS!$H$15="tx mea"),AND($D11=OBJECTIFS!$B$20,OBJECTIFS!$H$22="tx mea"),AND($D11=OBJECTIFS!$B$27,OBJECTIFS!$H$29="tx mea"),AND($D11=OBJECTIFS!$B$34,OBJECTIFS!$H$36="tx mea")),IFERROR(W11/V11,""),IFERROR(V11/W11,"")) | Y11: =IFERROR(IF(OR(V11="",W11="",X11=""),0,IF(X11<OBJECTIFS!$E$56,0,IF(X11<OBJECTIFS!$G$56,Y$8*OBJECTIFS!$F$60,IF(X11<OBJECTIFS!$I$56,Y$8*OBJECTIFS!$H$60,Y$8)))),0) -> 0 | AA11: =IF(OR($A11="",$D11="",Z11=""),"",SUMIFS(OBJECTIFS!I$9:I$39,OBJECTIFS!$A$9:$A$39,$D11,OBJECTIFS!$C$9:$C$39,$F11)) | AB11: =IF(OR(AND($D11=OBJECTIFS!$B$6,OBJECTIFS!I$8="dmt"),AND($D11=OBJECTIFS!$B$13,OBJECTIFS!$I$15="dmt"),AND($D11=OBJECTIFS!$B$20,OBJECTIFS!$I$22="dmt"),AND($D11=OBJECTIFS!$B$27,OBJECTIFS!$I$29="dmt"),AND($D11=OBJECTIFS!$B$34,OBJECTIFS!$I$36="dmt"),AND($D11=OBJECTIFS!$B$6,OBJECTIFS!$I$8="taux de chute"),AND($D11=OBJECTIFS!$B$13,OBJECTIFS!$I$15="taux de chute"),AND($D11=OBJECTIFS!$B$20,OBJECTIFS!$I$22="taux de chute"),AND($D11=OBJECTIFS!$B$27,OBJECTIFS!$I$29="taux de chute"),AND($D11=OBJECTIFS!$B$34,OBJECTIFS!$I$36="taux de chute"),AND($D11=OBJECTIFS!$B$6,OBJECTIFS!I$8="tx mea"),AND($D11=OBJECTIFS!$B$13,OBJECTIFS!$I$15="tx mea"),AND($D11=OBJECTIFS!$B$20,OBJECTIFS!$I$22="tx mea"),AND($D11=OBJECTIFS!$B$27,OBJECTIFS!$I$29="tx mea"),AND($D11=OBJECTIFS!$B$34,OBJECTIFS!$I$36="tx mea")),IFERROR(AA11/Z11,""),IFERROR(Z11/AA11,"")) | AC11: =IFERROR(IF(OR(Z11="",AA11="",AB11=""),0,IF(AB11<OBJECTIFS!$E$56,0,IF(AB11<OBJECTIFS!$G$56,AC$8*OBJECTIFS!$F$60,IF(AB11<OBJECTIFS!$I$56,AC$8*OBJECTIFS!$H$60,AC$8)))),0) -> 0 | AF11: =IF(AD11>=1,0,IF(AD11=1,SUMIF($J$7:$AC$8,"Nb de points",$J11:$AC11)/2,SUMIF($J$7:$AC$8,"Nb de points",$J11:$AC11))) -> 0 | AM11: =SUM(AK11:AL11,AI11) -> 0 | AN11: =AN10 -> 22 | AO11: =IFERROR(IF(IF(OR(AI11>=2,AJ11>=8,AND(AI11=1,AJ11>=4)),0,IF(OR(AND(AI11=1,AJ11<4),AND(AI11=0,AJ11>=4,AJ11<8)),50%,100%))*(AN11-AM11)/AN11=0,-100%,IF(OR(AI11>=2,AJ11>=8,AND(AI11=1,AJ11>=4)),0,IF(OR(AND(AI11=1,AJ11<4),AND(AI11=0,AJ11>=4,AJ11<8)),50%,100%))*(AN11-AM11)/AN11-1),"") -> 0 | AP11: =IFERROR((H11*AF11/100)*(1+AO11),"") | AR11: =IFERROR(VLOOKUP(B11,OBJECTIFS!$C$76:$E$137,2,FALSE),0) -> 0 | AT11: =IFERROR(VLOOKUP(B11,OBJECTIFS!$H$76:$J$137,2,FALSE),0) -> 0 | AU11: =IF($B$5="interne",AT11/191*AH11,AT11/176*AH11) -> 0 | AW11: =IFERROR(VLOOKUP(B11,OBJECTIFS!$C$142:$E$203,2,FALSE),0) -> 0 | AX11: =IFERROR(VLOOKUP(B11,OBJECTIFS!$H$142:$J$203,2,FALSE),0) -> 0 | AY11: =IFERROR(VLOOKUP(B11,OBJECTIFS!$F$208:$H$269,3,FALSE),0) -> 0 | BA11: =IFERROR((AP11+SUM(AW11:AY11)+AU11+AR11),"") | BC11: =IFERROR(IF(OR(AI11>=2,AJ11>=8,AND(AI11=1,AJ11>=4)),0,IF(OR(AND(AI11=1,AJ11<4),AND(AI11=0,AJ11>=4,AJ11<8)),0.5,1))*AF11*(AN11-AM11)/AN11,"") -> 0 | BD11: =IF(BE11="","","è") | BE11: =IF(BC11=0,"",IF(BC11>=MAX($BC$9:$BC$78),A11,""))
H12: =IF(OR(D12="",F12="",A12=""),"",IF(E12="oui",0,IF(D12=OBJECTIFS!$C$45,VLOOKUP(F12,OBJECTIFS!$C$9:$D$11,2,FALSE),IF(D12=OBJECTIFS!$C$46,VLOOKUP(F12,OBJECTIFS!$C$16:$D$18,2,FALSE),IF(D12=OBJECTIFS!$C$47,VLOOKUP(F12,OBJECTIFS!$C$23:$D$25,2,FALSE),IF(D12=OBJECTIFS!$C$48,VLOOKUP(F12,OBJECTIFS!$C$30:$D$32,2,FALSE),IF(D12=OBJECTIFS!$C$49,VLOOKUP(F12,OBJECTIFS!$C$37:$D$39,2,FALSE)))))))) | K12: =IF(OR($A12="",$D12="",J12=""),"",SUMIFS(OBJECTIFS!E$9:E$39,OBJECTIFS!$A$9:$A$39,$D12,OBJECTIFS!$C$9:$C$39,$F12)) | L12: =IF(OR(AND($D12=OBJECTIFS!$B$6,OBJECTIFS!E$8="dmt"),AND($D12=OBJECTIFS!$B$13,OBJECTIFS!$E$15="dmt"),AND($D12=OBJECTIFS!$B$20,OBJECTIFS!$E$22="dmt"),AND($D12=OBJECTIFS!$B$27,OBJECTIFS!$E$29="dmt"),AND($D12=OBJECTIFS!$B$34,OBJECTIFS!$E$36="dmt"),AND($D12=OBJECTIFS!$B$6,OBJECTIFS!$E$8="taux de chute"),AND($D12=OBJECTIFS!$B$13,OBJECTIFS!$E$15="taux de chute"),AND($D12=OBJECTIFS!$B$20,OBJECTIFS!$E$22="taux de chute"),AND($D12=OBJECTIFS!$B$27,OBJECTIFS!$E$29="taux de chute"),AND($D12=OBJECTIFS!$B$34,OBJECTIFS!$E$36="taux de chute"),AND($D12=OBJECTIFS!$B$6,OBJECTIFS!E$8="tx mea"),AND($D12=OBJECTIFS!$B$13,OBJECTIFS!$E$15="tx mea"),AND($D12=OBJECTIFS!$B$20,OBJECTIFS!$E$22="tx mea"),AND($D12=OBJECTIFS!$B$27,OBJECTIFS!$E$29="tx mea"),AND($D12=OBJECTIFS!$B$34,OBJECTIFS!$E$36="tx mea")),IFERROR(K12/J12,""),IFERROR(J12/K12,"")) | M12: =IFERROR(IF(OR(J12="",K12="",L12=""),0,IF(L12<OBJECTIFS!$E$56,0,IF(L12<OBJECTIFS!$G$56,M$8*OBJECTIFS!$F$60,IF(L12<OBJECTIFS!$I$56,M$8*OBJECTIFS!$H$60,M$8)))),0) -> 0 | O12: =IF(OR($A12="",$D12="",N12=""),"",SUMIFS(OBJECTIFS!F$9:F$39,OBJECTIFS!$A$9:$A$39,$D12,OBJECTIFS!$C$9:$C$39,$F12)) | P12: =IF(OR(AND($D12=OBJECTIFS!$B$6,OBJECTIFS!$F$8="dmt"),AND($D12=OBJECTIFS!$B$13,OBJECTIFS!$F$15="dmt"),AND($D12=OBJECTIFS!$B$20,OBJECTIFS!$F$22="dmt"),AND($D12=OBJECTIFS!$B$27,OBJECTIFS!$F$29="dmt"),AND($D12=OBJECTIFS!$B$34,OBJECTIFS!$F$36="dmt"),AND($D12=OBJECTIFS!$B$6,OBJECTIFS!$F$8="taux de chute"),AND($D12=OBJECTIFS!$B$13,OBJECTIFS!$F$15="taux de chute"),AND($D12=OBJECTIFS!$B$20,OBJECTIFS!$F$22="taux de chute"),AND($D12=OBJECTIFS!$B$27,OBJECTIFS!$F$29="taux de chute"),AND($D12=OBJECTIFS!$B$34,OBJECTIFS!$F$36="taux de chute"),AND($D12=OBJECTIFS!$B$6,OBJECTIFS!$F$8="tx mea"),AND($D12=OBJECTIFS!$B$13,OBJECTIFS!$F$15="tx mea"),AND($D12=OBJECTIFS!$B$20,OBJECTIFS!$F$22="tx mea"),AND($D12=OBJECTIFS!$B$27,OBJECTIFS!$F$29="tx mea"),AND($D12=OBJECTIFS!$B$34,OBJECTIFS!$F$36="tx mea")),IFERROR(O12/N12,""),IFERROR(N12/O12,"")) | Q12: =IFERROR(IF(OR(N12="",O12="",P12=""),0,IF(P12<OBJECTIFS!$E$56,0,IF(P12<OBJECTIFS!$G$56,Q$8*OBJECTIFS!$F$60,IF(P12<OBJECTIFS!$I$56,Q$8*OBJECTIFS!$H$60,Q$8)))),0) -> 0 | S12: =IF(OR($A12="",$D12="",R12=""),"",SUMIFS(OBJECTIFS!G$9:G$39,OBJECTIFS!$A$9:$A$39,$D12,OBJECTIFS!$C$9:$C$39,$F12)) | T12: =IF(OR(AND($D12=OBJECTIFS!$B$6,OBJECTIFS!G$8="dmt"),AND($D12=OBJECTIFS!$B$13,OBJECTIFS!$G$15="dmt"),AND($D12=OBJECTIFS!$B$20,OBJECTIFS!$G$22="dmt"),AND($D12=OBJECTIFS!$B$27,OBJECTIFS!$G$29="dmt"),AND($D12=OBJECTIFS!$B$34,OBJECTIFS!$G$36="dmt"),AND($D12=OBJECTIFS!$B$6,OBJECTIFS!$G$8="taux de chute"),AND($D12=OBJECTIFS!$B$13,OBJECTIFS!$G$15="taux de chute"),AND($D12=OBJECTIFS!$B$20,OBJECTIFS!$G$22="taux de chute"),AND($D12=OBJECTIFS!$B$27,OBJECTIFS!$G$29="taux de chute"),AND($D12=OBJECTIFS!$B$34,OBJECTIFS!$G$36="taux de chute",AND($D12=OBJECTIFS!$B$6,OBJECTIFS!G$8="tx mea"),AND($D12=OBJECTIFS!$B$13,OBJECTIFS!$G$15="tx mea"),AND($D12=OBJECTIFS!$B$20,OBJECTIFS!$G$22="tx mea"),AND($D12=OBJECTIFS!$B$27,OBJECTIFS!$G$29="tx mea"),AND($D12=OBJECTIFS!$B$34,OBJECTIFS!$G$36="tx mea"))),IFERROR(S12/R12,""),IFERROR(R12/S12,"")) | U12: =IFERROR(IF(OR(R12="",S12="",T12=""),0,IF(T12<OBJECTIFS!$E$56,0,IF(T12<OBJECTIFS!$G$56,U$8*OBJECTIFS!$F$60,IF(T12<OBJECTIFS!$I$56,U$8*OBJECTIFS!$H$60,U$8)))),0) -> 0 | W12: =IF(OR($A12="",$D12="",V12=""),"",SUMIFS(OBJECTIFS!H$9:H$39,OBJECTIFS!$A$9:$A$39,$D12,OBJECTIFS!$C$9:$C$39,$F12)) | X12: =IF(OR(AND($D12=OBJECTIFS!$B$6,OBJECTIFS!H$8="dmt"),AND($D12=OBJECTIFS!$B$13,OBJECTIFS!$H$15="dmt"),AND($D12=OBJECTIFS!$B$20,OBJECTIFS!$H$22="dmt"),AND($D12=OBJECTIFS!$B$27,OBJECTIFS!$H$29="dmt"),AND($D12=OBJECTIFS!$B$34,OBJECTIFS!$H$36="dmt"),AND($D12=OBJECTIFS!$B$6,OBJECTIFS!$H$8="taux de chute"),AND($D12=OBJECTIFS!$B$13,OBJECTIFS!$H$15="taux de chute"),AND($D12=OBJECTIFS!$B$20,OBJECTIFS!$H$22="taux de chute"),AND($D12=OBJECTIFS!$B$27,OBJECTIFS!$H$29="taux de chute"),AND($D12=OBJECTIFS!$B$34,OBJECTIFS!$H$36="taux de chute"),AND($D12=OBJECTIFS!$B$6,OBJECTIFS!H$8="tx mea"),AND($D12=OBJECTIFS!$B$13,OBJECTIFS!$H$15="tx mea"),AND($D12=OBJECTIFS!$B$20,OBJECTIFS!$H$22="tx mea"),AND($D12=OBJECTIFS!$B$27,OBJECTIFS!$H$29="tx mea"),AND($D12=OBJECTIFS!$B$34,OBJECTIFS!$H$36="tx mea")),IFERROR(W12/V12,""),IFERROR(V12/W12,"")) | Y12: =IFERROR(IF(OR(V12="",W12="",X12=""),0,IF(X12<OBJECTIFS!$E$56,0,IF(X12<OBJECTIFS!$G$56,Y$8*OBJECTIFS!$F$60,IF(X12<OBJECTIFS!$I$56,Y$8*OBJECTIFS!$H$60,Y$8)))),0) -> 0 | AA12: =IF(OR($A12="",$D12="",Z12=""),"",SUMIFS(OBJECTIFS!I$9:I$39,OBJECTIFS!$A$9:$A$39,$D12,OBJECTIFS!$C$9:$C$39,$F12)) | AB12: =IF(OR(AND($D12=OBJECTIFS!$B$6,OBJECTIFS!I$8="dmt"),AND($D12=OBJECTIFS!$B$13,OBJECTIFS!$I$15="dmt"),AND($D12=OBJECTIFS!$B$20,OBJECTIFS!$I$22="dmt"),AND($D12=OBJECTIFS!$B$27,OBJECTIFS!$I$29="dmt"),AND($D12=OBJECTIFS!$B$34,OBJECTIFS!$I$36="dmt"),AND($D12=OBJECTIFS!$B$6,OBJECTIFS!$I$8="taux de chute"),AND($D12=OBJECTIFS!$B$13,OBJECTIFS!$I$15="taux de chute"),AND($D12=OBJECTIFS!$B$20,OBJECTIFS!$I$22="taux de chute"),AND($D12=OBJECTIFS!$B$27,OBJECTIFS!$I$29="taux de chute"),AND($D12=OBJECTIFS!$B$34,OBJECTIFS!$I$36="taux de chute"),AND($D12=OBJECTIFS!$B$6,OBJECTIFS!I$8="tx mea"),AND($D12=OBJECTIFS!$B$13,OBJECTIFS!$I$15="tx mea"),AND($D12=OBJECTIFS!$B$20,OBJECTIFS!$I$22="tx mea"),AND($D12=OBJECTIFS!$B$27,OBJECTIFS!$I$29="tx mea"),AND($D12=OBJECTIFS!$B$34,OBJECTIFS!$I$36="tx mea")),IFERROR(AA12/Z12,""),IFERROR(Z12/AA12,"")) | AC12: =IFERROR(IF(OR(Z12="",AA12="",AB12=""),0,IF(AB12<OBJECTIFS!$E$56,0,IF(AB12<OBJECTIFS!$G$56,AC$8*OBJECTIFS!$F$60,IF(AB12<OBJECTIFS!$I$56,AC$8*OBJECTIFS!$H$60,AC$8)))),0) -> 0 | AF12: =IF(AD12>=1,0,IF(AD12=1,SUMIF($J$7:$AC$8,"Nb de points",$J12:$AC12)/2,SUMIF($J$7:$AC$8,"Nb de points",$J12:$AC12))) -> 0 | AM12: =SUM(AK12:AL12,AI12) -> 0 | AN12: =AN11 -> 22 | AO12: =IFERROR(IF(IF(OR(AI12>=2,AJ12>=8,AND(AI12=1,AJ12>=4)),0,IF(OR(AND(AI12=1,AJ12<4),AND(AI12=0,AJ12>=4,AJ12<8)),50%,100%))*(AN12-AM12)/AN12=0,-100%,IF(OR(AI12>=2,AJ12>=8,AND(AI12=1,AJ12>=4)),0,IF(OR(AND(AI12=1,AJ12<4),AND(AI12=0,AJ12>=4,AJ12<8)),50%,100%))*(AN12-AM12)/AN12-1),"") -> 0 | AP12: =IFERROR((H12*AF12/100)*(1+AO12),"") | AR12: =IFERROR(VLOOKUP(B12,OBJECTIFS!$C$76:$E$137,2,FALSE),0) -> 0 | AT12: =IFERROR(VLOOKUP(B12,OBJECTIFS!$H$76:$J$137,2,FALSE),0) -> 0 | AU12: =IF($B$5="interne",AT12/191*AH12,AT12/176*AH12) -> 0 | AW12: =IFERROR(VLOOKUP(B12,OBJECTIFS!$C$142:$E$203,2,FALSE),0) -> 0 | AX12: =IFERROR(VLOOKUP(B12,OBJECTIFS!$H$142:$J$203,2,FALSE),0) -> 0 | AY12: =IFERROR(VLOOKUP(B12,OBJECTIFS!$F$208:$H$269,3,FALSE),0) -> 0 | BA12: =IFERROR((AP12+SUM(AW12:AY12)+AU12+AR12),"") | BC12: =IFERROR(IF(OR(AI12>=2,AJ12>=8,AND(AI12=1,AJ12>=4)),0,IF(OR(AND(AI12=1,AJ12<4),AND(AI12=0,AJ12>=4,AJ12<8)),0.5,1))*AF12*(AN12-AM12)/AN12,"") -> 0 | BD12: =IF(BE12="","","è") | BE12: =IF(BC12=0,"",IF(BC12>=MAX($BC$9:$BC$78),A12,""))
H13: =IF(OR(D13="",F13="",A13=""),"",IF(E13="oui",0,IF(D13=OBJECTIFS!$C$45,VLOOKUP(F13,OBJECTIFS!$C$9:$D$11,2,FALSE),IF(D13=OBJECTIFS!$C$46,VLOOKUP(F13,OBJECTIFS!$C$16:$D$18,2,FALSE),IF(D13=OBJECTIFS!$C$47,VLOOKUP(F13,OBJECTIFS!$C$23:$D$25,2,FALSE),IF(D13=OBJECTIFS!$C$48,VLOOKUP(F13,OBJECTIFS!$C$30:$D$32,2,FALSE),IF(D13=OBJECTIFS!$C$49,VLOOKUP(F13,OBJECTIFS!$C$37:$D$39,2,FALSE)))))))) | K13: =IF(OR($A13="",$D13="",J13=""),"",SUMIFS(OBJECTIFS!E$9:E$39,OBJECTIFS!$A$9:$A$39,$D13,OBJECTIFS!$C$9:$C$39,$F13)) | L13: =IF(OR(AND($D13=OBJECTIFS!$B$6,OBJECTIFS!E$8="dmt"),AND($D13=OBJECTIFS!$B$13,OBJECTIFS!$E$15="dmt"),AND($D13=OBJECTIFS!$B$20,OBJECTIFS!$E$22="dmt"),AND($D13=OBJECTIFS!$B$27,OBJECTIFS!$E$29="dmt"),AND($D13=OBJECTIFS!$B$34,OBJECTIFS!$E$36="dmt"),AND($D13=OBJECTIFS!$B$6,OBJECTIFS!$E$8="taux de chute"),AND($D13=OBJECTIFS!$B$13,OBJECTIFS!$E$15="taux de chute"),AND($D13=OBJECTIFS!$B$20,OBJECTIFS!$E$22="taux de chute"),AND($D13=OBJECTIFS!$B$27,OBJECTIFS!$E$29="taux de chute"),AND($D13=OBJECTIFS!$B$34,OBJECTIFS!$E$36="taux de chute"),AND($D13=OBJECTIFS!$B$6,OBJECTIFS!E$8="tx mea"),AND($D13=OBJECTIFS!$B$13,OBJECTIFS!$E$15="tx mea"),AND($D13=OBJECTIFS!$B$20,OBJECTIFS!$E$22="tx mea"),AND($D13=OBJECTIFS!$B$27,OBJECTIFS!$E$29="tx mea"),AND($D13=OBJECTIFS!$B$34,OBJECTIFS!$E$36="tx mea")),IFERROR(K13/J13,""),IFERROR(J13/K13,"")) | M13: =IFERROR(IF(OR(J13="",K13="",L13=""),0,IF(L13<OBJECTIFS!$E$56,0,IF(L13<OBJECTIFS!$G$56,M$8*OBJECTIFS!$F$60,IF(L13<OBJECTIFS!$I$56,M$8*OBJECTIFS!$H$60,M$8)))),0) -> 0 | O13: =IF(OR($A13="",$D13="",N13=""),"",SUMIFS(OBJECTIFS!F$9:F$39,OBJECTIFS!$A$9:$A$39,$D13,OBJECTIFS!$C$9:$C$39,$F13)) | P13: =IF(OR(AND($D13=OBJECTIFS!$B$6,OBJECTIFS!$F$8="dmt"),AND($D13=OBJECTIFS!$B$13,OBJECTIFS!$F$15="dmt"),AND($D13=OBJECTIFS!$B$20,OBJECTIFS!$F$22="dmt"),AND($D13=OBJECTIFS!$B$27,OBJECTIFS!$F$29="dmt"),AND($D13=OBJECTIFS!$B$34,OBJECTIFS!$F$36="dmt"),AND($D13=OBJECTIFS!$B$6,OBJECTIFS!$F$8="taux de chute"),AND($D13=OBJECTIFS!$B$13,OBJECTIFS!$F$15="taux de chute"),AND($D13=OBJECTIFS!$B$20,OBJECTIFS!$F$22="taux de chute"),AND($D13=OBJECTIFS!$B$27,OBJECTIFS!$F$29="taux de chute"),AND($D13=OBJECTIFS!$B$34,OBJECTIFS!$F$36="taux de chute"),AND($D13=OBJECTIFS!$B$6,OBJECTIFS!$F$8="tx mea"),AND($D13=OBJECTIFS!$B$13,OBJECTIFS!$F$15="tx mea"),AND($D13=OBJECTIFS!$B$20,OBJECTIFS!$F$22="tx mea"),AND($D13=OBJECTIFS!$B$27,OBJECTIFS!$F$29="tx mea"),AND($D13=OBJECTIFS!$B$34,OBJECTIFS!$F$36="tx mea")),IFERROR(O13/N13,""),IFERROR(N13/O13,"")) | Q13: =IFERROR(IF(OR(N13="",O13="",P13=""),0,IF(P13<OBJECTIFS!$E$56,0,IF(P13<OBJECTIFS!$G$56,Q$8*OBJECTIFS!$F$60,IF(P13<OBJECTIFS!$I$56,Q$8*OBJECTIFS!$H$60,Q$8)))),0) -> 0 | S13: =IF(OR($A13="",$D13="",R13=""),"",SUMIFS(OBJECTIFS!G$9:G$39,OBJECTIFS!$A$9:$A$39,$D13,OBJECTIFS!$C$9:$C$39,$F13)) | T13: =IF(OR(AND($D13=OBJECTIFS!$B$6,OBJECTIFS!G$8="dmt"),AND($D13=OBJECTIFS!$B$13,OBJECTIFS!$G$15="dmt"),AND($D13=OBJECTIFS!$B$20,OBJECTIFS!$G$22="dmt"),AND($D13=OBJECTIFS!$B$27,OBJECTIFS!$G$29="dmt"),AND($D13=OBJECTIFS!$B$34,OBJECTIFS!$G$36="dmt"),AND($D13=OBJECTIFS!$B$6,OBJECTIFS!$G$8="taux de chute"),AND($D13=OBJECTIFS!$B$13,OBJECTIFS!$G$15="taux de chute"),AND($D13=OBJECTIFS!$B$20,OBJECTIFS!$G$22="taux de chute"),AND($D13=OBJECTIFS!$B$27,OBJECTIFS!$G$29="taux de chute"),AND($D13=OBJECTIFS!$B$34,OBJECTIFS!$G$36="taux de chute",AND($D13=OBJECTIFS!$B$6,OBJECTIFS!G$8="tx mea"),AND($D13=OBJECTIFS!$B$13,OBJECTIFS!$G$15="tx mea"),AND($D13=OBJECTIFS!$B$20,OBJECTIFS!$G$22="tx mea"),AND($D13=OBJECTIFS!$B$27,OBJECTIFS!$G$29="tx mea"),AND($D13=OBJECTIFS!$B$34,OBJECTIFS!$G$36="tx mea"))),IFERROR(S13/R13,""),IFERROR(R13/S13,"")) | U13: =IFERROR(IF(OR(R13="",S13="",T13=""),0,IF(T13<OBJECTIFS!$E$56,0,IF(T13<OBJECTIFS!$G$56,U$8*OBJECTIFS!$F$60,IF(T13<OBJECTIFS!$I$56,U$8*OBJECTIFS!$H$60,U$8)))),0) -> 0 | W13: =IF(OR($A13="",$D13="",V13=""),"",SUMIFS(OBJECTIFS!H$9:H$39,OBJECTIFS!$A$9:$A$39,$D13,OBJECTIFS!$C$9:$C$39,$F13)) | X13: =IF(OR(AND($D13=OBJECTIFS!$B$6,OBJECTIFS!H$8="dmt"),AND($D13=OBJECTIFS!$B$13,OBJECTIFS!$H$15="dmt"),AND($D13=OBJECTIFS!$B$20,OBJECTIFS!$H$22="dmt"),AND($D13=OBJECTIFS!$B$27,OBJECTIFS!$H$29="dmt"),AND($D13=OBJECTIFS!$B$34,OBJECTIFS!$H$36="dmt"),AND($D13=OBJECTIFS!$B$6,OBJECTIFS!$H$8="taux de chute"),AND($D13=OBJECTIFS!$B$13,OBJECTIFS!$H$15="taux de chute"),AND($D13=OBJECTIFS!$B$20,OBJECTIFS!$H$22="taux de chute"),AND($D13=OBJECTIFS!$B$27,OBJECTIFS!$H$29="taux de chute"),AND($D13=OBJECTIFS!$B$34,OBJECTIFS!$H$36="taux de chute"),AND($D13=OBJECTIFS!$B$6,OBJECTIFS!H$8="tx mea"),AND($D13=OBJECTIFS!$B$13,OBJECTIFS!$H$15="tx mea"),AND($D13=OBJECTIFS!$B$20,OBJECTIFS!$H$22="tx mea"),AND($D13=OBJECTIFS!$B$27,OBJECTIFS!$H$29="tx mea"),AND($D13=OBJECTIFS!$B$34,OBJECTIFS!$H$36="tx mea")),IFERROR(W13/V13,""),IFERROR(V13/W13,"")) | Y13: =IFERROR(IF(OR(V13="",W13="",X13=""),0,IF(X13<OBJECTIFS!$E$56,0,IF(X13<OBJECTIFS!$G$56,Y$8*OBJECTIFS!$F$60,IF(X13<OBJECTIFS!$I$56,Y$8*OBJECTIFS!$H$60,Y$8)))),0) -> 0 | AA13: =IF(OR($A13="",$D13="",Z13=""),"",SUMIFS(OBJECTIFS!I$9:I$39,OBJECTIFS!$A$9:$A$39,$D13,OBJECTIFS!$C$9:$C$39,$F13)) | AB13: =IF(OR(AND($D13=OBJECTIFS!$B$6,OBJECTIFS!I$8="dmt"),AND($D13=OBJECTIFS!$B$13,OBJECTIFS!$I$15="dmt"),AND($D13=OBJECTIFS!$B$20,OBJECTIFS!$I$22="dmt"),AND($D13=OBJECTIFS!$B$27,OBJECTIFS!$I$29="dmt"),AND($D13=OBJECTIFS!$B$34,OBJECTIFS!$I$36="dmt"),AND($D13=OBJECTIFS!$B$6,OBJECTIFS!$I$8="taux de chute"),AND($D13=OBJECTIFS!$B$13,OBJECTIFS!$I$15="taux de chute"),AND($D13=OBJECTIFS!$B$20,OBJECTIFS!$I$22="taux de chute"),AND($D13=OBJECTIFS!$B$27,OBJECTIFS!$I$29="taux de chute"),AND($D13=OBJECTIFS!$B$34,OBJECTIFS!$I$36="taux de chute"),AND($D13=OBJECTIFS!$B$6,OBJECTIFS!I$8="tx mea"),AND($D13=OBJECTIFS!$B$13,OBJECTIFS!$I$15="tx mea"),AND($D13=OBJECTIFS!$B$20,OBJECTIFS!$I$22="tx mea"),AND($D13=OBJECTIFS!$B$27,OBJECTIFS!$I$29="tx mea"),AND($D13=OBJECTIFS!$B$34,OBJECTIFS!$I$36="tx mea")),IFERROR(AA13/Z13,""),IFERROR(Z13/AA13,"")) | AC13: =IFERROR(IF(OR(Z13="",AA13="",AB13=""),0,IF(AB13<OBJECTIFS!$E$56,0,IF(AB13<OBJECTIFS!$G$56,AC$8*OBJECTIFS!$F$60,IF(AB13<OBJECTIFS!$I$56,AC$8*OBJECTIFS!$H$60,AC$8)))),0) -> 0 | AF13: =IF(AD13>=1,0,IF(AD13=1,SUMIF($J$7:$AC$8,"Nb de points",$J13:$AC13)/2,SUMIF($J$7:$AC$8,"Nb de points",$J13:$AC13))) -> 0 | AM13: =SUM(AK13:AL13,AI13) -> 0 | AN13: =AN12 -> 22 | AO13: =IFERROR(IF(IF(OR(AI13>=2,AJ13>=8,AND(AI13=1,AJ13>=4)),0,IF(OR(AND(AI13=1,AJ13<4),AND(AI13=0,AJ13>=4,AJ13<8)),50%,100%))*(AN13-AM13)/AN13=0,-100%,IF(OR(AI13>=2,AJ13>=8,AND(AI13=1,AJ13>=4)),0,IF(OR(AND(AI13=1,AJ13<4),AND(AI13=0,AJ13>=4,AJ13<8)),50%,100%))*(AN13-AM13)/AN13-1),"") -> 0 | AP13: =IFERROR((H13*AF13/100)*(1+AO13),"") | AR13: =IFERROR(VLOOKUP(B13,OBJECTIFS!$C$76:$E$137,2,FALSE),0) -> 0 | AT13: =IFERROR(VLOOKUP(B13,OBJECTIFS!$H$76:$J$137,2,FALSE),0) -> 0 | AU13: =IF($B$5="interne",AT13/191*AH13,AT13/176*AH13) -> 0 | AW13: =IFERROR(VLOOKUP(B13,OBJECTIFS!$C$142:$E$203,2,FALSE),0) -> 0 | AX13: =IFERROR(VLOOKUP(B13,OBJECTIFS!$H$142:$J$203,2,FALSE),0) -> 0 | AY13: =IFERROR(VLOOKUP(B13,OBJECTIFS!$F$208:$H$269,3,FALSE),0) -> 0 | BA13: =IFERROR((AP13+SUM(AW13:AY13)+AU13+AR13),"") | BC13: =IFERROR(IF(OR(AI13>=2,AJ13>=8,AND(AI13=1,AJ13>=4)),0,IF(OR(AND(AI13=1,AJ13<4),AND(AI13=0,AJ13>=4,AJ13<8)),0.5,1))*AF13*(AN13-AM13)/AN13,"") -> 0 | BD13: =IF(BE13="","","è") | BE13: =IF(BC13=0,"",IF(BC13>=MAX($BC$9:$BC$78),A13,""))
H14: =IF(OR(D14="",F14="",A14=""),"",IF(E14="oui",0,IF(D14=OBJECTIFS!$C$45,VLOOKUP(F14,OBJECTIFS!$C$9:$D$11,2,FALSE),IF(D14=OBJECTIFS!$C$46,VLOOKUP(F14,OBJECTIFS!$C$16:$D$18,2,FALSE),IF(D14=OBJECTIFS!$C$47,VLOOKUP(F14,OBJECTIFS!$C$23:$D$25,2,FALSE),IF(D14=OBJECTIFS!$C$48,VLOOKUP(F14,OBJECTIFS!$C$30:$D$32,2,FALSE),IF(D14=OBJECTIFS!$C$49,VLOOKUP(F14,OBJECTIFS!$C$37:$D$39,2,FALSE)))))))) | K14: =IF(OR($A14="",$D14="",J14=""),"",SUMIFS(OBJECTIFS!E$9:E$39,OBJECTIFS!$A$9:$A$39,$D14,OBJECTIFS!$C$9:$C$39,$F14)) | L14: =IF(OR(AND($D14=OBJECTIFS!$B$6,OBJECTIFS!E$8="dmt"),AND($D14=OBJECTIFS!$B$13,OBJECTIFS!$E$15="dmt"),AND($D14=OBJECTIFS!$B$20,OBJECTIFS!$E$22="dmt"),AND($D14=OBJECTIFS!$B$27,OBJECTIFS!$E$29="dmt"),AND($D14=OBJECTIFS!$B$34,OBJECTIFS!$E$36="dmt"),AND($D14=OBJECTIFS!$B$6,OBJECTIFS!$E$8="taux de chute"),AND($D14=OBJECTIFS!$B$13,OBJECTIFS!$E$15="taux de chute"),AND($D14=OBJECTIFS!$B$20,OBJECTIFS!$E$22="taux de chute"),AND($D14=OBJECTIFS!$B$27,OBJECTIFS!$E$29="taux de chute"),AND($D14=OBJECTIFS!$B$34,OBJECTIFS!$E$36="taux de chute"),AND($D14=OBJECTIFS!$B$6,OBJECTIFS!E$8="tx mea"),AND($D14=OBJECTIFS!$B$13,OBJECTIFS!$E$15="tx mea"),AND($D14=OBJECTIFS!$B$20,OBJECTIFS!$E$22="tx mea"),AND($D14=OBJECTIFS!$B$27,OBJECTIFS!$E$29="tx mea"),AND($D14=OBJECTIFS!$B$34,OBJECTIFS!$E$36="tx mea")),IFERROR(K14/J14,""),IFERROR(J14/K14,"")) | M14: =IFERROR(IF(OR(J14="",K14="",L14=""),0,IF(L14<OBJECTIFS!$E$56,0,IF(L14<OBJECTIFS!$G$56,M$8*OBJECTIFS!$F$60,IF(L14<OBJECTIFS!$I$56,M$8*OBJECTIFS!$H$60,M$8)))),0) -> 0 | O14: =IF(OR($A14="",$D14="",N14=""),"",SUMIFS(OBJECTIFS!F$9:F$39,OBJECTIFS!$A$9:$A$39,$D14,OBJECTIFS!$C$9:$C$39,$F14)) | P14: =IF(OR(AND($D14=OBJECTIFS!$B$6,OBJECTIFS!$F$8="dmt"),AND($D14=OBJECTIFS!$B$13,OBJECTIFS!$F$15="dmt"),AND($D14=OBJECTIFS!$B$20,OBJECTIFS!$F$22="dmt"),AND($D14=OBJECTIFS!$B$27,OBJECTIFS!$F$29="dmt"),AND($D14=OBJECTIFS!$B$34,OBJECTIFS!$F$36="dmt"),AND($D14=OBJECTIFS!$B$6,OBJECTIFS!$F$8="taux de chute"),AND($D14=OBJECTIFS!$B$13,OBJECTIFS!$F$15="taux de chute"),AND($D14=OBJECTIFS!$B$20,OBJECTIFS!$F$22="taux de chute"),AND($D14=OBJECTIFS!$B$27,OBJECTIFS!$F$29="taux de chute"),AND($D14=OBJECTIFS!$B$34,OBJECTIFS!$F$36="taux de chute"),AND($D14=OBJECTIFS!$B$6,OBJECTIFS!$F$8="tx mea"),AND($D14=OBJECTIFS!$B$13,OBJECTIFS!$F$15="tx mea"),AND($D14=OBJECTIFS!$B$20,OBJECTIFS!$F$22="tx mea"),AND($D14=OBJECTIFS!$B$27,OBJECTIFS!$F$29="tx mea"),AND($D14=OBJECTIFS!$B$34,OBJECTIFS!$F$36="tx mea")),IFERROR(O14/N14,""),IFERROR(N14/O14,"")) | Q14: =IFERROR(IF(OR(N14="",O14="",P14=""),0,IF(P14<OBJECTIFS!$E$56,0,IF(P14<OBJECTIFS!$G$56,Q$8*OBJECTIFS!$F$60,IF(P14<OBJECTIFS!$I$56,Q$8*OBJECTIFS!$H$60,Q$8)))),0) -> 0 | S14: =IF(OR($A14="",$D14="",R14=""),"",SUMIFS(OBJECTIFS!G$9:G$39,OBJECTIFS!$A$9:$A$39,$D14,OBJECTIFS!$C$9:$C$39,$F14)) | T14: =IF(OR(AND($D14=OBJECTIFS!$B$6,OBJECTIFS!G$8="dmt"),AND($D14=OBJECTIFS!$B$13,OBJECTIFS!$G$15="dmt"),AND($D14=OBJECTIFS!$B$20,OBJECTIFS!$G$22="dmt"),AND($D14=OBJECTIFS!$B$27,OBJECTIFS!$G$29="dmt"),AND($D14=OBJECTIFS!$B$34,OBJECTIFS!$G$36="dmt"),AND($D14=OBJECTIFS!$B$6,OBJECTIFS!$G$8="taux de chute"),AND($D14=OBJECTIFS!$B$13,OBJECTIFS!$G$15="taux de chute"),AND($D14=OBJECTIFS!$B$20,OBJECTIFS!$G$22="taux de chute"),AND($D14=OBJECTIFS!$B$27,OBJECTIFS!$G$29="taux de chute"),AND($D14=OBJECTIFS!$B$34,OBJECTIFS!$G$36="taux de chute",AND($D14=OBJECTIFS!$B$6,OBJECTIFS!G$8="tx mea"),AND($D14=OBJECTIFS!$B$13,OBJECTIFS!$G$15="tx mea"),AND($D14=OBJECTIFS!$B$20,OBJECTIFS!$G$22="tx mea"),AND($D14=OBJECTIFS!$B$27,OBJECTIFS!$G$29="tx mea"),AND($D14=OBJECTIFS!$B$34,OBJECTIFS!$G$36="tx mea"))),IFERROR(S14/R14,""),IFERROR(R14/S14,"")) | U14: =IFERROR(IF(OR(R14="",S14="",T14=""),0,IF(T14<OBJECTIFS!$E$56,0,IF(T14<OBJECTIFS!$G$56,U$8*OBJECTIFS!$F$60,IF(T14<OBJECTIFS!$I$56,U$8*OBJECTIFS!$H$60,U$8)))),0) -> 0 | W14: =IF(OR($A14="",$D14="",V14=""),"",SUMIFS(OBJECTIFS!H$9:H$39,OBJECTIFS!$A$9:$A$39,$D14,OBJECTIFS!$C$9:$C$39,$F14)) | X14: =IF(OR(AND($D14=OBJECTIFS!$B$6,OBJECTIFS!H$8="dmt"),AND($D14=OBJECTIFS!$B$13,OBJECTIFS!$H$15="dmt"),AND($D14=OBJECTIFS!$B$20,OBJECTIFS!$H$22="dmt"),AND($D14=OBJECTIFS!$B$27,OBJECTIFS!$H$29="dmt"),AND($D14=OBJECTIFS!$B$34,OBJECTIFS!$H$36="dmt"),AND($D14=OBJECTIFS!$B$6,OBJECTIFS!$H$8="taux de chute"),AND($D14=OBJECTIFS!$B$13,OBJECTIFS!$H$15="taux de chute"),AND($D14=OBJECTIFS!$B$20,OBJECTIFS!$H$22="taux de chute"),AND($D14=OBJECTIFS!$B$27,OBJECTIFS!$H$29="taux de chute"),AND($D14=OBJECTIFS!$B$34,OBJECTIFS!$H$36="taux de chute"),AND($D14=OBJECTIFS!$B$6,OBJECTIFS!H$8="tx mea"),AND($D14=OBJECTIFS!$B$13,OBJECTIFS!$H$15="tx mea"),AND($D14=OBJECTIFS!$B$20,OBJECTIFS!$H$22="tx mea"),AND($D14=OBJECTIFS!$B$27,OBJECTIFS!$H$29="tx mea"),AND($D14=OBJECTIFS!$B$34,OBJECTIFS!$H$36="tx mea")),IFERROR(W14/V14,""),IFERROR(V14/W14,"")) | Y14: =IFERROR(IF(OR(V14="",W14="",X14=""),0,IF(X14<OBJECTIFS!$E$56,0,IF(X14<OBJECTIFS!$G$56,Y$8*OBJECTIFS!$F$60,IF(X14<OBJECTIFS!$I$56,Y$8*OBJECTIFS!$H$60,Y$8)))),0) -> 0 | AA14: =IF(OR($A14="",$D14="",Z14=""),"",SUMIFS(OBJECTIFS!I$9:I$39,OBJECTIFS!$A$9:$A$39,$D14,OBJECTIFS!$C$9:$C$39,$F14)) | AB14: =IF(OR(AND($D14=OBJECTIFS!$B$6,OBJECTIFS!I$8="dmt"),AND($D14=OBJECTIFS!$B$13,OBJECTIFS!$I$15="dmt"),AND($D14=OBJECTIFS!$B$20,OBJECTIFS!$I$22="dmt"),AND($D14=OBJECTIFS!$B$27,OBJECTIFS!$I$29="dmt"),AND($D14=OBJECTIFS!$B$34,OBJECTIFS!$I$36="dmt"),AND($D14=OBJECTIFS!$B$6,OBJECTIFS!$I$8="taux de chute"),AND($D14=OBJECTIFS!$B$13,OBJECTIFS!$I$15="taux de chute"),AND($D14=OBJECTIFS!$B$20,OBJECTIFS!$I$22="taux de chute"),AND($D14=OBJECTIFS!$B$27,OBJECTIFS!$I$29="taux de chute"),AND($D14=OBJECTIFS!$B$34,OBJECTIFS!$I$36="taux de chute"),AND($D14=OBJECTIFS!$B$6,OBJECTIFS!I$8="tx mea"),AND($D14=OBJECTIFS!$B$13,OBJECTIFS!$I$15="tx mea"),AND($D14=OBJECTIFS!$B$20,OBJECTIFS!$I$22="tx mea"),AND($D14=OBJECTIFS!$B$27,OBJECTIFS!$I$29="tx mea"),AND($D14=OBJECTIFS!$B$34,OBJECTIFS!$I$36="tx mea")),IFERROR(AA14/Z14,""),IFERROR(Z14/AA14,"")) | AC14: =IFERROR(IF(OR(Z14="",AA14="",AB14=""),0,IF(AB14<OBJECTIFS!$E$56,0,IF(AB14<OBJECTIFS!$G$56,AC$8*OBJECTIFS!$F$60,IF(AB14<OBJECTIFS!$I$56,AC$8*OBJECTIFS!$H$60,AC$8)))),0) -> 0 | AF14: =IF(AD14>=1,0,IF(AD14=1,SUMIF($J$7:$AC$8,"Nb de points",$J14:$AC14)/2,SUMIF($J$7:$AC$8,"Nb de points",$J14:$AC14))) -> 0 | AM14: =SUM(AK14:AL14,AI14) -> 0 | AN14: =AN13 -> 22 | AO14: =IFERROR(IF(IF(OR(AI14>=2,AJ14>=8,AND(AI14=1,AJ14>=4)),0,IF(OR(AND(AI14=1,AJ14<4),AND(AI14=0,AJ14>=4,AJ14<8)),50%,100%))*(AN14-AM14)/AN14=0,-100%,IF(OR(AI14>=2,AJ14>=8,AND(AI14=1,AJ14>=4)),0,IF(OR(AND(AI14=1,AJ14<4),AND(AI14=0,AJ14>=4,AJ14<8)),50%,100%))*(AN14-AM14)/AN14-1),"") -> 0 | AP14: =IFERROR((H14*AF14/100)*(1+AO14),"") | AR14: =IFERROR(VLOOKUP(B14,OBJECTIFS!$C$76:$E$137,2,FALSE),0) -> 0 | AT14: =IFERROR(VLOOKUP(B14,OBJECTIFS!$H$76:$J$137,2,FALSE),0) -> 0 | AU14: =IF($B$5="interne",AT14/191*AH14,AT14/176*AH14) -> 0 | AW14: =IFERROR(VLOOKUP(B14,OBJECTIFS!$C$142:$E$203,2,FALSE),0) -> 0 | AX14: =IFERROR(VLOOKUP(B14,OBJECTIFS!$H$142:$J$203,2,FALSE),0) -> 0 | AY14: =IFERROR(VLOOKUP(B14,OBJECTIFS!$F$208:$H$269,3,FALSE),0) -> 0 | BA14: =IFERROR((AP14+SUM(AW14:AY14)+AU14+AR14),"") | BC14: =IFERROR(IF(OR(AI14>=2,AJ14>=8,AND(AI14=1,AJ14>=4)),0,IF(OR(AND(AI14=1,AJ14<4),AND(AI14=0,AJ14>=4,AJ14<8)),0.5,1))*AF14*(AN14-AM14)/AN14,"") -> 0 | BD14: =IF(BE14="","","è") | BE14: =IF(BC14=0,"",IF(BC14>=MAX($BC$9:$BC$78),A14,""))
H15: =IF(OR(D15="",F15="",A15=""),"",IF(E15="oui",0,IF(D15=OBJECTIFS!$C$45,VLOOKUP(F15,OBJECTIFS!$C$9:$D$11,2,FALSE),IF(D15=OBJECTIFS!$C$46,VLOOKUP(F15,OBJECTIFS!$C$16:$D$18,2,FALSE),IF(D15=OBJECTIFS!$C$47,VLOOKUP(F15,OBJECTIFS!$C$23:$D$25,2,FALSE),IF(D15=OBJECTIFS!$C$48,VLOOKUP(F15,OBJECTIFS!$C$30:$D$32,2,FALSE),IF(D15=OBJECTIFS!$C$49,VLOOKUP(F15,OBJECTIFS!$C$37:$D$39,2,FALSE)))))))) | K15: =IF(OR($A15="",$D15="",J15=""),"",SUMIFS(OBJECTIFS!E$9:E$39,OBJECTIFS!$A$9:$A$39,$D15,OBJECTIFS!$C$9:$C$39,$F15)) | L15: =IF(OR(AND($D15=OBJECTIFS!$B$6,OBJECTIFS!E$8="dmt"),AND($D15=OBJECTIFS!$B$13,OBJECTIFS!$E$15="dmt"),AND($D15=OBJECTIFS!$B$20,OBJECTIFS!$E$22="dmt"),AND($D15=OBJECTIFS!$B$27,OBJECTIFS!$E$29="dmt"),AND($D15=OBJECTIFS!$B$34,OBJECTIFS!$E$36="dmt"),AND($D15=OBJECTIFS!$B$6,OBJECTIFS!$E$8="taux de chute"),AND($D15=OBJECTIFS!$B$13,OBJECTIFS!$E$15="taux de chute"),AND($D15=OBJECTIFS!$B$20,OBJECTIFS!$E$22="taux de chute"),AND($D15=OBJECTIFS!$B$27,OBJECTIFS!$E$29="taux de chute"),AND($D15=OBJECTIFS!$B$34,OBJECTIFS!$E$36="taux de chute"),AND($D15=OBJECTIFS!$B$6,OBJECTIFS!E$8="tx mea"),AND($D15=OBJECTIFS!$B$13,OBJECTIFS!$E$15="tx mea"),AND($D15=OBJECTIFS!$B$20,OBJECTIFS!$E$22="tx mea"),AND($D15=OBJECTIFS!$B$27,OBJECTIFS!$E$29="tx mea"),AND($D15=OBJECTIFS!$B$34,OBJECTIFS!$E$36="tx mea")),IFERROR(K15/J15,""),IFERROR(J15/K15,"")) | M15: =IFERROR(IF(OR(J15="",K15="",L15=""),0,IF(L15<OBJECTIFS!$E$56,0,IF(L15<OBJECTIFS!$G$56,M$8*OBJECTIFS!$F$60,IF(L15<OBJECTIFS!$I$56,M$8*OBJECTIFS!$H$60,M$8)))),0) -> 0 | O15: =IF(OR($A15="",$D15="",N15=""),"",SUMIFS(OBJECTIFS!F$9:F$39,OBJECTIFS!$A$9:$A$39,$D15,OBJECTIFS!$C$9:$C$39,$F15)) | P15: =IF(OR(AND($D15=OBJECTIFS!$B$6,OBJECTIFS!$F$8="dmt"),AND($D15=OBJECTIFS!$B$13,OBJECTIFS!$F$15="dmt"),AND($D15=OBJECTIFS!$B$20,OBJECTIFS!$F$22="dmt"),AND($D15=OBJECTIFS!$B$27,OBJECTIFS!$F$29="dmt"),AND($D15=OBJECTIFS!$B$34,OBJECTIFS!$F$36="dmt"),AND($D15=OBJECTIFS!$B$6,OBJECTIFS!$F$8="taux de chute"),AND($D15=OBJECTIFS!$B$13,OBJECTIFS!$F$15="taux de chute"),AND($D15=OBJECTIFS!$B$20,OBJECTIFS!$F$22="taux de chute"),AND($D15=OBJECTIFS!$B$27,OBJECTIFS!$F$29="taux de chute"),AND($D15=OBJECTIFS!$B$34,OBJECTIFS!$F$36="taux de chute"),AND($D15=OBJECTIFS!$B$6,OBJECTIFS!$F$8="tx mea"),AND($D15=OBJECTIFS!$B$13,OBJECTIFS!$F$15="tx mea"),AND($D15=OBJECTIFS!$B$20,OBJECTIFS!$F$22="tx mea"),AND($D15=OBJECTIFS!$B$27,OBJECTIFS!$F$29="tx mea"),AND($D15=OBJECTIFS!$B$34,OBJECTIFS!$F$36="tx mea")),IFERROR(O15/N15,""),IFERROR(N15/O15,"")) | Q15: =IFERROR(IF(OR(N15="",O15="",P15=""),0,IF(P15<OBJECTIFS!$E$56,0,IF(P15<OBJECTIFS!$G$56,Q$8*OBJECTIFS!$F$60,IF(P15<OBJECTIFS!$I$56,Q$8*OBJECTIFS!$H$60,Q$8)))),0) -> 0 | S15: =IF(OR($A15="",$D15="",R15=""),"",SUMIFS(OBJECTIFS!G$9:G$39,OBJECTIFS!$A$9:$A$39,$D15,OBJECTIFS!$C$9:$C$39,$F15)) | T15: =IF(OR(AND($D15=OBJECTIFS!$B$6,OBJECTIFS!G$8="dmt"),AND($D15=OBJECTIFS!$B$13,OBJECTIFS!$G$15="dmt"),AND($D15=OBJECTIFS!$B$20,OBJECTIFS!$G$22="dmt"),AND($D15=OBJECTIFS!$B$27,OBJECTIFS!$G$29="dmt"),AND($D15=OBJECTIFS!$B$34,OBJECTIFS!$G$36="dmt"),AND($D15=OBJECTIFS!$B$6,OBJECTIFS!$G$8="taux de chute"),AND($D15=OBJECTIFS!$B$13,OBJECTIFS!$G$15="taux de chute"),AND($D15=OBJECTIFS!$B$20,OBJECTIFS!$G$22="taux de chute"),AND($D15=OBJECTIFS!$B$27,OBJECTIFS!$G$29="taux de chute"),AND($D15=OBJECTIFS!$B$34,OBJECTIFS!$G$36="taux de chute",AND($D15=OBJECTIFS!$B$6,OBJECTIFS!G$8="tx mea"),AND($D15=OBJECTIFS!$B$13,OBJECTIFS!$G$15="tx mea"),AND($D15=OBJECTIFS!$B$20,OBJECTIFS!$G$22="tx mea"),AND($D15=OBJECTIFS!$B$27,OBJECTIFS!$G$29="tx mea"),AND($D15=OBJECTIFS!$B$34,OBJECTIFS!$G$36="tx mea"))),IFERROR(S15/R15,""),IFERROR(R15/S15,"")) | U15: =IFERROR(IF(OR(R15="",S15="",T15=""),0,IF(T15<OBJECTIFS!$E$56,0,IF(T15<OBJECTIFS!$G$56,U$8*OBJECTIFS!$F$60,IF(T15<OBJECTIFS!$I$56,U$8*OBJECTIFS!$H$60,U$8)))),0) -> 0 | W15: =IF(OR($A15="",$D15="",V15=""),"",SUMIFS(OBJECTIFS!H$9:H$39,OBJECTIFS!$A$9:$A$39,$D15,OBJECTIFS!$C$9:$C$39,$F15)) | X15: =IF(OR(AND($D15=OBJECTIFS!$B$6,OBJECTIFS!H$8="dmt"),AND($D15=OBJECTIFS!$B$13,OBJECTIFS!$H$15="dmt"),AND($D15=OBJECTIFS!$B$20,OBJECTIFS!$H$22="dmt"),AND($D15=OBJECTIFS!$B$27,OBJECTIFS!$H$29="dmt"),AND($D15=OBJECTIFS!$B$34,OBJECTIFS!$H$36="dmt"),AND($D15=OBJECTIFS!$B$6,OBJECTIFS!$H$8="taux de chute"),AND($D15=OBJECTIFS!$B$13,OBJECTIFS!$H$15="taux de chute"),AND($D15=OBJECTIFS!$B$20,OBJECTIFS!$H$22="taux de chute"),AND($D15=OBJECTIFS!$B$27,OBJECTIFS!$H$29="taux de chute"),AND($D15=OBJECTIFS!$B$34,OBJECTIFS!$H$36="taux de chute"),AND($D15=OBJECTIFS!$B$6,OBJECTIFS!H$8="tx mea"),AND($D15=OBJECTIFS!$B$13,OBJECTIFS!$H$15="tx mea"),AND($D15=OBJECTIFS!$B$20,OBJECTIFS!$H$22="tx mea"),AND($D15=OBJECTIFS!$B$27,OBJECTIFS!$H$29="tx mea"),AND($D15=OBJECTIFS!$B$34,OBJECTIFS!$H$36="tx mea")),IFERROR(W15/V15,""),IFERROR(V15/W15,"")) | Y15: =IFERROR(IF(OR(V15="",W15="",X15=""),0,IF(X15<OBJECTIFS!$E$56,0,IF(X15<OBJECTIFS!$G$56,Y$8*OBJECTIFS!$F$60,IF(X15<OBJECTIFS!$I$56,Y$8*OBJECTIFS!$H$60,Y$8)))),0) -> 0 | AA15: =IF(OR($A15="",$D15="",Z15=""),"",SUMIFS(OBJECTIFS!I$9:I$39,OBJECTIFS!$A$9:$A$39,$D15,OBJECTIFS!$C$9:$C$39,$F15)) | AB15: =IF(OR(AND($D15=OBJECTIFS!$B$6,OBJECTIFS!I$8="dmt"),AND($D15=OBJECTIFS!$B$13,OBJECTIFS!$I$15="dmt"),AND($D15=OBJECTIFS!$B$20,OBJECTIFS!$I$22="dmt"),AND($D15=OBJECTIFS!$B$27,OBJECTIFS!$I$29="dmt"),AND($D15=OBJECTIFS!$B$34,OBJECTIFS!$I$36="dmt"),AND($D15=OBJECTIFS!$B$6,OBJECTIFS!$I$8="taux de chute"),AND($D15=OBJECTIFS!$B$13,OBJECTIFS!$I$15="taux de chute"),AND($D15=OBJECTIFS!$B$20,OBJECTIFS!$I$22="taux de chute"),AND($D15=OBJECTIFS!$B$27,OBJECTIFS!$I$29="taux de chute"),AND($D15=OBJECTIFS!$B$34,OBJECTIFS!$I$36="taux de chute"),AND($D15=OBJECTIFS!$B$6,OBJECTIFS!I$8="tx mea"),AND($D15=OBJECTIFS!$B$13,OBJECTIFS!$I$15="tx mea"),AND($D15=OBJECTIFS!$B$20,OBJECTIFS!$I$22="tx mea"),AND($D15=OBJECTIFS!$B$27,OBJECTIFS!$I$29="tx mea"),AND($D15=OBJECTIFS!$B$34,OBJECTIFS!$I$36="tx mea")),IFERROR(AA15/Z15,""),IFERROR(Z15/AA15,"")) | AC15: =IFERROR(IF(OR(Z15="",AA15="",AB15=""),0,IF(AB15<OBJECTIFS!$E$56,0,IF(AB15<OBJECTIFS!$G$56,AC$8*OBJECTIFS!$F$60,IF(AB15<OBJECTIFS!$I$56,AC$8*OBJECTIFS!$H$60,AC$8)))),0) -> 0 | AF15: =IF(AD15>=1,0,IF(AD15=1,SUMIF($J$7:$AC$8,"Nb de points",$J15:$AC15)/2,SUMIF($J$7:$AC$8,"Nb de points",$J15:$AC15))) -> 0 | AM15: =SUM(AK15:AL15,AI15) -> 0 | AN15: =AN14 -> 22 | AO15: =IFERROR(IF(IF(OR(AI15>=2,AJ15>=8,AND(AI15=1,AJ15>=4)),0,IF(OR(AND(AI15=1,AJ15<4),AND(AI15=0,AJ15>=4,AJ15<8)),50%,100%))*(AN15-AM15)/AN15=0,-100%,IF(OR(AI15>=2,AJ15>=8,AND(AI15=1,AJ15>=4)),0,IF(OR(AND(AI15=1,AJ15<4),AND(AI15=0,AJ15>=4,AJ15<8)),50%,100%))*(AN15-AM15)/AN15-1),"") -> 0 | AP15: =IFERROR((H15*AF15/100)*(1+AO15),"") | AR15: =IFERROR(VLOOKUP(B15,OBJECTIFS!$C$76:$E$137,2,FALSE),0) -> 0 | AT15: =IFERROR(VLOOKUP(B15,OBJECTIFS!$H$76:$J$137,2,FALSE),0) -> 0 | AU15: =IF($B$5="interne",AT15/191*AH15,AT15/176*AH15) -> 0 | AW15: =IFERROR(VLOOKUP(B15,OBJECTIFS!$C$142:$E$203,2,FALSE),0) -> 0 | AX15: =IFERROR(VLOOKUP(B15,OBJECTIFS!$H$142:$J$203,2,FALSE),0) -> 0 | AY15: =IFERROR(VLOOKUP(B15,OBJECTIFS!$F$208:$H$269,3,FALSE),0) -> 0 | BA15: =IFERROR((AP15+SUM(AW15:AY15)+AU15+AR15),"") | BC15: =IFERROR(IF(OR(AI15>=2,AJ15>=8,AND(AI15=1,AJ15>=4)),0,IF(OR(AND(AI15=1,AJ15<4),AND(AI15=0,AJ15>=4,AJ15<8)),0.5,1))*AF15*(AN15-AM15)/AN15,"") -> 0 | BD15: =IF(BE15="","","è") | BE15: =IF(BC15=0,"",IF(BC15>=MAX($BC$9:$BC$78),A15,""))
H16: =IF(OR(D16="",F16="",A16=""),"",IF(E16="oui",0,IF(D16=OBJECTIFS!$C$45,VLOOKUP(F16,OBJECTIFS!$C$9:$D$11,2,FALSE),IF(D16=OBJECTIFS!$C$46,VLOOKUP(F16,OBJECTIFS!$C$16:$D$18,2,FALSE),IF(D16=OBJECTIFS!$C$47,VLOOKUP(F16,OBJECTIFS!$C$23:$D$25,2,FALSE),IF(D16=OBJECTIFS!$C$48,VLOOKUP(F16,OBJECTIFS!$C$30:$D$32,2,FALSE),IF(D16=OBJECTIFS!$C$49,VLOOKUP(F16,OBJECTIFS!$C$37:$D$39,2,FALSE)))))))) | K16: =IF(OR($A16="",$D16="",J16=""),"",SUMIFS(OBJECTIFS!E$9:E$39,OBJECTIFS!$A$9:$A$39,$D16,OBJECTIFS!$C$9:$C$39,$F16)) | L16: =IF(OR(AND($D16=OBJECTIFS!$B$6,OBJECTIFS!E$8="dmt"),AND($D16=OBJECTIFS!$B$13,OBJECTIFS!$E$15="dmt"),AND($D16=OBJECTIFS!$B$20,OBJECTIFS!$E$22="dmt"),AND($D16=OBJECTIFS!$B$27,OBJECTIFS!$E$29="dmt"),AND($D16=OBJECTIFS!$B$34,OBJECTIFS!$E$36="dmt"),AND($D16=OBJECTIFS!$B$6,OBJECTIFS!$E$8="taux de chute"),AND($D16=OBJECTIFS!$B$13,OBJECTIFS!$E$15="taux de chute"),AND($D16=OBJECTIFS!$B$20,OBJECTIFS!$E$22="taux de chute"),AND($D16=OBJECTIFS!$B$27,OBJECTIFS!$E$29="taux de chute"),AND($D16=OBJECTIFS!$B$34,OBJECTIFS!$E$36="taux de chute"),AND($D16=OBJECTIFS!$B$6,OBJECTIFS!E$8="tx mea"),AND($D16=OBJECTIFS!$B$13,OBJECTIFS!$E$15="tx mea"),AND($D16=OBJECTIFS!$B$20,OBJECTIFS!$E$22="tx mea"),AND($D16=OBJECTIFS!$B$27,OBJECTIFS!$E$29="tx mea"),AND($D16=OBJECTIFS!$B$34,OBJECTIFS!$E$36="tx mea")),IFERROR(K16/J16,""),IFERROR(J16/K16,"")) | M16: =IFERROR(IF(OR(J16="",K16="",L16=""),0,IF(L16<OBJECTIFS!$E$56,0,IF(L16<OBJECTIFS!$G$56,M$8*OBJECTIFS!$F$60,IF(L16<OBJECTIFS!$I$56,M$8*OBJECTIFS!$H$60,M$8)))),0) -> 0 | O16: =IF(OR($A16="",$D16="",N16=""),"",SUMIFS(OBJECTIFS!F$9:F$39,OBJECTIFS!$A$9:$A$39,$D16,OBJECTIFS!$C$9:$C$39,$F16)) | P16: =IF(OR(AND($D16=OBJECTIFS!$B$6,OBJECTIFS!$F$8="dmt"),AND($D16=OBJECTIFS!$B$13,OBJECTIFS!$F$15="dmt"),AND($D16=OBJECTIFS!$B$20,OBJECTIFS!$F$22="dmt"),AND($D16=OBJECTIFS!$B$27,OBJECTIFS!$F$29="dmt"),AND($D16=OBJECTIFS!$B$34,OBJECTIFS!$F$36="dmt"),AND($D16=OBJECTIFS!$B$6,OBJECTIFS!$F$8="taux de chute"),AND($D16=OBJECTIFS!$B$13,OBJECTIFS!$F$15="taux de chute"),AND($D16=OBJECTIFS!$B$20,OBJECTIFS!$F$22="taux de chute"),AND($D16=OBJECTIFS!$B$27,OBJECTIFS!$F$29="taux de chute"),AND($D16=OBJECTIFS!$B$34,OBJECTIFS!$F$36="taux de chute"),AND($D16=OBJECTIFS!$B$6,OBJECTIFS!$F$8="tx mea"),AND($D16=OBJECTIFS!$B$13,OBJECTIFS!$F$15="tx mea"),AND($D16=OBJECTIFS!$B$20,OBJECTIFS!$F$22="tx mea"),AND($D16=OBJECTIFS!$B$27,OBJECTIFS!$F$29="tx mea"),AND($D16=OBJECTIFS!$B$34,OBJECTIFS!$F$36="tx mea")),IFERROR(O16/N16,""),IFERROR(N16/O16,"")) | Q16: =IFERROR(IF(OR(N16="",O16="",P16=""),0,IF(P16<OBJECTIFS!$E$56,0,IF(P16<OBJECTIFS!$G$56,Q$8*OBJECTIFS!$F$60,IF(P16<OBJECTIFS!$I$56,Q$8*OBJECTIFS!$H$60,Q$8)))),0) -> 0 | S16: =IF(OR($A16="",$D16="",R16=""),"",SUMIFS(OBJECTIFS!G$9:G$39,OBJECTIFS!$A$9:$A$39,$D16,OBJECTIFS!$C$9:$C$39,$F16)) | T16: =IF(OR(AND($D16=OBJECTIFS!$B$6,OBJECTIFS!G$8="dmt"),AND($D16=OBJECTIFS!$B$13,OBJECTIFS!$G$15="dmt"),AND($D16=OBJECTIFS!$B$20,OBJECTIFS!$G$22="dmt"),AND($D16=OBJECTIFS!$B$27,OBJECTIFS!$G$29="dmt"),AND($D16=OBJECTIFS!$B$34,OBJECTIFS!$G$36="dmt"),AND($D16=OBJECTIFS!$B$6,OBJECTIFS!$G$8="taux de chute"),AND($D16=OBJECTIFS!$B$13,OBJECTIFS!$G$15="taux de chute"),AND($D16=OBJECTIFS!$B$20,OBJECTIFS!$G$22="taux de chute"),AND($D16=OBJECTIFS!$B$27,OBJECTIFS!$G$29="taux de chute"),AND($D16=OBJECTIFS!$B$34,OBJECTIFS!$G$36="taux de chute",AND($D16=OBJECTIFS!$B$6,OBJECTIFS!G$8="tx mea"),AND($D16=OBJECTIFS!$B$13,OBJECTIFS!$G$15="tx mea"),AND($D16=OBJECTIFS!$B$20,OBJECTIFS!$G$22="tx mea"),AND($D16=OBJECTIFS!$B$27,OBJECTIFS!$G$29="tx mea"),AND($D16=OBJECTIFS!$B$34,OBJECTIFS!$G$36="tx mea"))),IFERROR(S16/R16,""),IFERROR(R16/S16,"")) | U16: =IFERROR(IF(OR(R16="",S16="",T16=""),0,IF(T16<OBJECTIFS!$E$56,0,IF(T16<OBJECTIFS!$G$56,U$8*OBJECTIFS!$F$60,IF(T16<OBJECTIFS!$I$56,U$8*OBJECTIFS!$H$60,U$8)))),0) -> 0 | W16: =IF(OR($A16="",$D16="",V16=""),"",SUMIFS(OBJECTIFS!H$9:H$39,OBJECTIFS!$A$9:$A$39,$D16,OBJECTIFS!$C$9:$C$39,$F16)) | X16: =IF(OR(AND($D16=OBJECTIFS!$B$6,OBJECTIFS!H$8="dmt"),AND($D16=OBJECTIFS!$B$13,OBJECTIFS!$H$15="dmt"),AND($D16=OBJECTIFS!$B$20,OBJECTIFS!$H$22="dmt"),AND($D16=OBJECTIFS!$B$27,OBJECTIFS!$H$29="dmt"),AND($D16=OBJECTIFS!$B$34,OBJECTIFS!$H$36="dmt"),AND($D16=OBJECTIFS!$B$6,OBJECTIFS!$H$8="taux de chute"),AND($D16=OBJECTIFS!$B$13,OBJECTIFS!$H$15="taux de chute"),AND($D16=OBJECTIFS!$B$20,OBJECTIFS!$H$22="taux de chute"),AND($D16=OBJECTIFS!$B$27,OBJECTIFS!$H$29="taux de chute"),AND($D16=OBJECTIFS!$B$34,OBJECTIFS!$H$36="taux de chute"),AND($D16=OBJECTIFS!$B$6,OBJECTIFS!H$8="tx mea"),AND($D16=OBJECTIFS!$B$13,OBJECTIFS!$H$15="tx mea"),AND($D16=OBJECTIFS!$B$20,OBJECTIFS!$H$22="tx mea"),AND($D16=OBJECTIFS!$B$27,OBJECTIFS!$H$29="tx mea"),AND($D16=OBJECTIFS!$B$34,OBJECTIFS!$H$36="tx mea")),IFERROR(W16/V16,""),IFERROR(V16/W16,"")) | Y16: =IFERROR(IF(OR(V16="",W16="",X16=""),0,IF(X16<OBJECTIFS!$E$56,0,IF(X16<OBJECTIFS!$G$56,Y$8*OBJECTIFS!$F$60,IF(X16<OBJECTIFS!$I$56,Y$8*OBJECTIFS!$H$60,Y$8)))),0) -> 0 | AA16: =IF(OR($A16="",$D16="",Z16=""),"",SUMIFS(OBJECTIFS!I$9:I$39,OBJECTIFS!$A$9:$A$39,$D16,OBJECTIFS!$C$9:$C$39,$F16)) | AB16: =IF(OR(AND($D16=OBJECTIFS!$B$6,OBJECTIFS!I$8="dmt"),AND($D16=OBJECTIFS!$B$13,OBJECTIFS!$I$15="dmt"),AND($D16=OBJECTIFS!$B$20,OBJECTIFS!$I$22="dmt"),AND($D16=OBJECTIFS!$B$27,OBJECTIFS!$I$29="dmt"),AND($D16=OBJECTIFS!$B$34,OBJECTIFS!$I$36="dmt"),AND($D16=OBJECTIFS!$B$6,OBJECTIFS!$I$8="taux de chute"),AND($D16=OBJECTIFS!$B$13,OBJECTIFS!$I$15="taux de chute"),AND($D16=OBJECTIFS!$B$20,OBJECTIFS!$I$22="taux de chute"),AND($D16=OBJECTIFS!$B$27,OBJECTIFS!$I$29="taux de chute"),AND($D16=OBJECTIFS!$B$34,OBJECTIFS!$I$36="taux de chute"),AND($D16=OBJECTIFS!$B$6,OBJECTIFS!I$8="tx mea"),AND($D16=OBJECTIFS!$B$13,OBJECTIFS!$I$15="tx mea"),AND($D16=OBJECTIFS!$B$20,OBJECTIFS!$I$22="tx mea"),AND($D16=OBJECTIFS!$B$27,OBJECTIFS!$I$29="tx mea"),AND($D16=OBJECTIFS!$B$34,OBJECTIFS!$I$36="tx mea")),IFERROR(AA16/Z16,""),IFERROR(Z16/AA16,"")) | AC16: =IFERROR(IF(OR(Z16="",AA16="",AB16=""),0,IF(AB16<OBJECTIFS!$E$56,0,IF(AB16<OBJECTIFS!$G$56,AC$8*OBJECTIFS!$F$60,IF(AB16<OBJECTIFS!$I$56,AC$8*OBJECTIFS!$H$60,AC$8)))),0) -> 0 | AF16: =IF(AD16>=1,0,IF(AD16=1,SUMIF($J$7:$AC$8,"Nb de points",$J16:$AC16)/2,SUMIF($J$7:$AC$8,"Nb de points",$J16:$AC16))) -> 0 | AM16: =SUM(AK16:AL16,AI16) -> 0 | AN16: =AN15 -> 22 | AO16: =IFERROR(IF(IF(OR(AI16>=2,AJ16>=8,AND(AI16=1,AJ16>=4)),0,IF(OR(AND(AI16=1,AJ16<4),AND(AI16=0,AJ16>=4,AJ16<8)),50%,100%))*(AN16-AM16)/AN16=0,-100%,IF(OR(AI16>=2,AJ16>=8,AND(AI16=1,AJ16>=4)),0,IF(OR(AND(AI16=1,AJ16<4),AND(AI16=0,AJ16>=4,AJ16<8)),50%,100%))*(AN16-AM16)/AN16-1),"") -> 0 | AP16: =IFERROR((H16*AF16/100)*(1+AO16),"") | AR16: =IFERROR(VLOOKUP(B16,OBJECTIFS!$C$76:$E$137,2,FALSE),0) -> 0 | AT16: =IFERROR(VLOOKUP(B16,OBJECTIFS!$H$76:$J$137,2,FALSE),0) -> 0 | AU16: =IF($B$5="interne",AT16/191*AH16,AT16/176*AH16) -> 0 | AW16: =IFERROR(VLOOKUP(B16,OBJECTIFS!$C$142:$E$203,2,FALSE),0) -> 0 | AX16: =IFERROR(VLOOKUP(B16,OBJECTIFS!$H$142:$J$203,2,FALSE),0) -> 0 | AY16: =IFERROR(VLOOKUP(B16,OBJECTIFS!$F$208:$H$269,3,FALSE),0) -> 0 | BA16: =IFERROR((AP16+SUM(AW16:AY16)+AU16+AR16),"") | BC16: =IFERROR(IF(OR(AI16>=2,AJ16>=8,AND(AI16=1,AJ16>=4)),0,IF(OR(AND(AI16=1,AJ16<4),AND(AI16=0,AJ16>=4,AJ16<8)),0.5,1))*AF16*(AN16-AM16)/AN16,"") -> 0 | BD16: =IF(BE16="","","è") | BE16: =IF(BC16=0,"",IF(BC16>=MAX($BC$9:$BC$78),A16,""))
H17: =IF(OR(D17="",F17="",A17=""),"",IF(E17="oui",0,IF(D17=OBJECTIFS!$C$45,VLOOKUP(F17,OBJECTIFS!$C$9:$D$11,2,FALSE),IF(D17=OBJECTIFS!$C$46,VLOOKUP(F17,OBJECTIFS!$C$16:$D$18,2,FALSE),IF(D17=OBJECTIFS!$C$47,VLOOKUP(F17,OBJECTIFS!$C$23:$D$25,2,FALSE),IF(D17=OBJECTIFS!$C$48,VLOOKUP(F17,OBJECTIFS!$C$30:$D$32,2,FALSE),IF(D17=OBJECTIFS!$C$49,VLOOKUP(F17,OBJECTIFS!$C$37:$D$39,2,FALSE)))))))) | K17: =IF(OR($A17="",$D17="",J17=""),"",SUMIFS(OBJECTIFS!E$9:E$39,OBJECTIFS!$A$9:$A$39,$D17,OBJECTIFS!$C$9:$C$39,$F17)) | L17: =IF(OR(AND($D17=OBJECTIFS!$B$6,OBJECTIFS!E$8="dmt"),AND($D17=OBJECTIFS!$B$13,OBJECTIFS!$E$15="dmt"),AND($D17=OBJECTIFS!$B$20,OBJECTIFS!$E$22="dmt"),AND($D17=OBJECTIFS!$B$27,OBJECTIFS!$E$29="dmt"),AND($D17=OBJECTIFS!$B$34,OBJECTIFS!$E$36="dmt"),AND($D17=OBJECTIFS!$B$6,OBJECTIFS!$E$8="taux de chute"),AND($D17=OBJECTIFS!$B$13,OBJECTIFS!$E$15="taux de chute"),AND($D17=OBJECTIFS!$B$20,OBJECTIFS!$E$22="taux de chute"),AND($D17=OBJECTIFS!$B$27,OBJECTIFS!$E$29="taux de chute"),AND($D17=OBJECTIFS!$B$34,OBJECTIFS!$E$36="taux de chute"),AND($D17=OBJECTIFS!$B$6,OBJECTIFS!E$8="tx mea"),AND($D17=OBJECTIFS!$B$13,OBJECTIFS!$E$15="tx mea"),AND($D17=OBJECTIFS!$B$20,OBJECTIFS!$E$22="tx mea"),AND($D17=OBJECTIFS!$B$27,OBJECTIFS!$E$29="tx mea"),AND($D17=OBJECTIFS!$B$34,OBJECTIFS!$E$36="tx mea")),IFERROR(K17/J17,""),IFERROR(J17/K17,"")) | M17: =IFERROR(IF(OR(J17="",K17="",L17=""),0,IF(L17<OBJECTIFS!$E$56,0,IF(L17<OBJECTIFS!$G$56,M$8*OBJECTIFS!$F$60,IF(L17<OBJECTIFS!$I$56,M$8*OBJECTIFS!$H$60,M$8)))),0) -> 0 | O17: =IF(OR($A17="",$D17="",N17=""),"",SUMIFS(OBJECTIFS!F$9:F$39,OBJECTIFS!$A$9:$A$39,$D17,OBJECTIFS!$C$9:$C$39,$F17)) | P17: =IF(OR(AND($D17=OBJECTIFS!$B$6,OBJECTIFS!$F$8="dmt"),AND($D17=OBJECTIFS!$B$13,OBJECTIFS!$F$15="dmt"),AND($D17=OBJECTIFS!$B$20,OBJECTIFS!$F$22="dmt"),AND($D17=OBJECTIFS!$B$27,OBJECTIFS!$F$29="dmt"),AND($D17=OBJECTIFS!$B$34,OBJECTIFS!$F$36="dmt"),AND($D17=OBJECTIFS!$B$6,OBJECTIFS!$F$8="taux de chute"),AND($D17=OBJECTIFS!$B$13,OBJECTIFS!$F$15="taux de chute"),AND($D17=OBJECTIFS!$B$20,OBJECTIFS!$F$22="taux de chute"),AND($D17=OBJECTIFS!$B$27,OBJECTIFS!$F$29="taux de chute"),AND($D17=OBJECTIFS!$B$34,OBJECTIFS!$F$36="taux de chute"),AND($D17=OBJECTIFS!$B$6,OBJECTIFS!$F$8="tx mea"),AND($D17=OBJECTIFS!$B$13,OBJECTIFS!$F$15="tx mea"),AND($D17=OBJECTIFS!$B$20,OBJECTIFS!$F$22="tx mea"),AND($D17=OBJECTIFS!$B$27,OBJECTIFS!$F$29="tx mea"),AND($D17=OBJECTIFS!$B$34,OBJECTIFS!$F$36="tx mea")),IFERROR(O17/N17,""),IFERROR(N17/O17,"")) | Q17: =IFERROR(IF(OR(N17="",O17="",P17=""),0,IF(P17<OBJECTIFS!$E$56,0,IF(P17<OBJECTIFS!$G$56,Q$8*OBJECTIFS!$F$60,IF(P17<OBJECTIFS!$I$56,Q$8*OBJECTIFS!$H$60,Q$8)))),0) -> 0 | S17: =IF(OR($A17="",$D17="",R17=""),"",SUMIFS(OBJECTIFS!G$9:G$39,OBJECTIFS!$A$9:$A$39,$D17,OBJECTIFS!$C$9:$C$39,$F17)) | T17: =IF(OR(AND($D17=OBJECTIFS!$B$6,OBJECTIFS!G$8="dmt"),AND($D17=OBJECTIFS!$B$13,OBJECTIFS!$G$15="dmt"),AND($D17=OBJECTIFS!$B$20,OBJECTIFS!$G$22="dmt"),AND($D17=OBJECTIFS!$B$27,OBJECTIFS!$G$29="dmt"),AND($D17=OBJECTIFS!$B$34,OBJECTIFS!$G$36="dmt"),AND($D17=OBJECTIFS!$B$6,OBJECTIFS!$G$8="taux de chute"),AND($D17=OBJECTIFS!$B$13,OBJECTIFS!$G$15="taux de chute"),AND($D17=OBJECTIFS!$B$20,OBJECTIFS!$G$22="taux de chute"),AND($D17=OBJECTIFS!$B$27,OBJECTIFS!$G$29="taux de chute"),AND($D17=OBJECTIFS!$B$34,OBJECTIFS!$G$36="taux de chute",AND($D17=OBJECTIFS!$B$6,OBJECTIFS!G$8="tx mea"),AND($D17=OBJECTIFS!$B$13,OBJECTIFS!$G$15="tx mea"),AND($D17=OBJECTIFS!$B$20,OBJECTIFS!$G$22="tx mea"),AND($D17=OBJECTIFS!$B$27,OBJECTIFS!$G$29="tx mea"),AND($D17=OBJECTIFS!$B$34,OBJECTIFS!$G$36="tx mea"))),IFERROR(S17/R17,""),IFERROR(R17/S17,"")) | U17: =IFERROR(IF(OR(R17="",S17="",T17=""),0,IF(T17<OBJECTIFS!$E$56,0,IF(T17<OBJECTIFS!$G$56,U$8*OBJECTIFS!$F$60,IF(T17<OBJECTIFS!$I$56,U$8*OBJECTIFS!$H$60,U$8)))),0) -> 0 | W17: =IF(OR($A17="",$D17="",V17=""),"",SUMIFS(OBJECTIFS!H$9:H$39,OBJECTIFS!$A$9:$A$39,$D17,OBJECTIFS!$C$9:$C$39,$F17)) | X17: =IF(OR(AND($D17=OBJECTIFS!$B$6,OBJECTIFS!H$8="dmt"),AND($D17=OBJECTIFS!$B$13,OBJECTIFS!$H$15="dmt"),AND($D17=OBJECTIFS!$B$20,OBJECTIFS!$H$22="dmt"),AND($D17=OBJECTIFS!$B$27,OBJECTIFS!$H$29="dmt"),AND($D17=OBJECTIFS!$B$34,OBJECTIFS!$H$36="dmt"),AND($D17=OBJECTIFS!$B$6,OBJECTIFS!$H$8="taux de chute"),AND($D17=OBJECTIFS!$B$13,OBJECTIFS!$H$15="taux de chute"),AND($D17=OBJECTIFS!$B$20,OBJECTIFS!$H$22="taux de chute"),AND($D17=OBJECTIFS!$B$27,OBJECTIFS!$H$29="taux de chute"),AND($D17=OBJECTIFS!$B$34,OBJECTIFS!$H$36="taux de chute"),AND($D17=OBJECTIFS!$B$6,OBJECTIFS!H$8="tx mea"),AND($D17=OBJECTIFS!$B$13,OBJECTIFS!$H$15="tx mea"),AND($D17=OBJECTIFS!$B$20,OBJECTIFS!$H$22="tx mea"),AND($D17=OBJECTIFS!$B$27,OBJECTIFS!$H$29="tx mea"),AND($D17=OBJECTIFS!$B$34,OBJECTIFS!$H$36="tx mea")),IFERROR(W17/V17,""),IFERROR(V17/W17,"")) | Y17: =IFERROR(IF(OR(V17="",W17="",X17=""),0,IF(X17<OBJECTIFS!$E$56,0,IF(X17<OBJECTIFS!$G$56,Y$8*OBJECTIFS!$F$60,IF(X17<OBJECTIFS!$I$56,Y$8*OBJECTIFS!$H$60,Y$8)))),0) -> 0 | AA17: =IF(OR($A17="",$D17="",Z17=""),"",SUMIFS(OBJECTIFS!I$9:I$39,OBJECTIFS!$A$9:$A$39,$D17,OBJECTIFS!$C$9:$C$39,$F17)) | AB17: =IF(OR(AND($D17=OBJECTIFS!$B$6,OBJECTIFS!I$8="dmt"),AND($D17=OBJECTIFS!$B$13,OBJECTIFS!$I$15="dmt"),AND($D17=OBJECTIFS!$B$20,OBJECTIFS!$I$22="dmt"),AND($D17=OBJECTIFS!$B$27,OBJECTIFS!$I$29="dmt"),AND($D17=OBJECTIFS!$B$34,OBJECTIFS!$I$36="dmt"),AND($D17=OBJECTIFS!$B$6,OBJECTIFS!$I$8="taux de chute"),AND($D17=OBJECTIFS!$B$13,OBJECTIFS!$I$15="taux de chute"),AND($D17=OBJECTIFS!$B$20,OBJECTIFS!$I$22="taux de chute"),AND($D17=OBJECTIFS!$B$27,OBJECTIFS!$I$29="taux de chute"),AND($D17=OBJECTIFS!$B$34,OBJECTIFS!$I$36="taux de chute"),AND($D17=OBJECTIFS!$B$6,OBJECTIFS!I$8="tx mea"),AND($D17=OBJECTIFS!$B$13,OBJECTIFS!$I$15="tx mea"),AND($D17=OBJECTIFS!$B$20,OBJECTIFS!$I$22="tx mea"),AND($D17=OBJECTIFS!$B$27,OBJECTIFS!$I$29="tx mea"),AND($D17=OBJECTIFS!$B$34,OBJECTIFS!$I$36="tx mea")),IFERROR(AA17/Z17,""),IFERROR(Z17/AA17,"")) | AC17: =IFERROR(IF(OR(Z17="",AA17="",AB17=""),0,IF(AB17<OBJECTIFS!$E$56,0,IF(AB17<OBJECTIFS!$G$56,AC$8*OBJECTIFS!$F$60,IF(AB17<OBJECTIFS!$I$56,AC$8*OBJECTIFS!$H$60,AC$8)))),0) -> 0 | AF17: =IF(AD17>=1,0,IF(AD17=1,SUMIF($J$7:$AC$8,"Nb de points",$J17:$AC17)/2,SUMIF($J$7:$AC$8,"Nb de points",$J17:$AC17))) -> 0 | AM17: =SUM(AK17:AL17,AI17) -> 0 | AN17: =AN16 -> 22 | AO17: =IFERROR(IF(IF(OR(AI17>=2,AJ17>=8,AND(AI17=1,AJ17>=4)),0,IF(OR(AND(AI17=1,AJ17<4),AND(AI17=0,AJ17>=4,AJ17<8)),50%,100%))*(AN17-AM17)/AN17=0,-100%,IF(OR(AI17>=2,AJ17>=8,AND(AI17=1,AJ17>=4)),0,IF(OR(AND(AI17=1,AJ17<4),AND(AI17=0,AJ17>=4,AJ17<8)),50%,100%))*(AN17-AM17)/AN17-1),"") -> 0 | AP17: =IFERROR((H17*AF17/100)*(1+AO17),"") | AR17: =IFERROR(VLOOKUP(B17,OBJECTIFS!$C$76:$E$137,2,FALSE),0) -> 0 | AT17: =IFERROR(VLOOKUP(B17,OBJECTIFS!$H$76:$J$137,2,FALSE),0) -> 0 | AU17: =IF($B$5="interne",AT17/191*AH17,AT17/176*AH17) -> 0 | AW17: =IFERROR(VLOOKUP(B17,OBJECTIFS!$C$142:$E$203,2,FALSE),0) -> 0 | AX17: =IFERROR(VLOOKUP(B17,OBJECTIFS!$H$142:$J$203,2,FALSE),0) -> 0 | AY17: =IFERROR(VLOOKUP(B17,OBJECTIFS!$F$208:$H$269,3,FALSE),0) -> 0 | BA17: =IFERROR((AP17+SUM(AW17:AY17)+AU17+AR17),"") | BC17: =IFERROR(IF(OR(AI17>=2,AJ17>=8,AND(AI17=1,AJ17>=4)),0,IF(OR(AND(AI17=1,AJ17<4),AND(AI17=0,AJ17>=4,AJ17<8)),0.5,1))*AF17*(AN17-AM17)/AN17,"") -> 0 | BD17: =IF(BE17="","","è") | BE17: =IF(BC17=0,"",IF(BC17>=MAX($BC$9:$BC$78),A17,""))
H18: =IF(OR(D18="",F18="",A18=""),"",IF(E18="oui",0,IF(D18=OBJECTIFS!$C$45,VLOOKUP(F18,OBJECTIFS!$C$9:$D$11,2,FALSE),IF(D18=OBJECTIFS!$C$46,VLOOKUP(F18,OBJECTIFS!$C$16:$D$18,2,FALSE),IF(D18=OBJECTIFS!$C$47,VLOOKUP(F18,OBJECTIFS!$C$23:$D$25,2,FALSE),IF(D18=OBJECTIFS!$C$48,VLOOKUP(F18,OBJECTIFS!$C$30:$D$32,2,FALSE),IF(D18=OBJECTIFS!$C$49,VLOOKUP(F18,OBJECTIFS!$C$37:$D$39,2,FALSE)))))))) | K18: =IF(OR($A18="",$D18="",J18=""),"",SUMIFS(OBJECTIFS!E$9:E$39,OBJECTIFS!$A$9:$A$39,$D18,OBJECTIFS!$C$9:$C$39,$F18)) | L18: =IF(OR(AND($D18=OBJECTIFS!$B$6,OBJECTIFS!E$8="dmt"),AND($D18=OBJECTIFS!$B$13,OBJECTIFS!$E$15="dmt"),AND($D18=OBJECTIFS!$B$20,OBJECTIFS!$E$22="dmt"),AND($D18=OBJECTIFS!$B$27,OBJECTIFS!$E$29="dmt"),AND($D18=OBJECTIFS!$B$34,OBJECTIFS!$E$36="dmt"),AND($D18=OBJECTIFS!$B$6,OBJECTIFS!$E$8="taux de chute"),AND($D18=OBJECTIFS!$B$13,OBJECTIFS!$E$15="taux de chute"),AND($D18=OBJECTIFS!$B$20,OBJECTIFS!$E$22="taux de chute"),AND($D18=OBJECTIFS!$B$27,OBJECTIFS!$E$29="taux de chute"),AND($D18=OBJECTIFS!$B$34,OBJECTIFS!$E$36="taux de chute"),AND($D18=OBJECTIFS!$B$6,OBJECTIFS!E$8="tx mea"),AND($D18=OBJECTIFS!$B$13,OBJECTIFS!$E$15="tx mea"),AND($D18=OBJECTIFS!$B$20,OBJECTIFS!$E$22="tx mea"),AND($D18=OBJECTIFS!$B$27,OBJECTIFS!$E$29="tx mea"),AND($D18=OBJECTIFS!$B$34,OBJECTIFS!$E$36="tx mea")),IFERROR(K18/J18,""),IFERROR(J18/K18,"")) | M18: =IFERROR(IF(OR(J18="",K18="",L18=""),0,IF(L18<OBJECTIFS!$E$56,0,IF(L18<OBJECTIFS!$G$56,M$8*OBJECTIFS!$F$60,IF(L18<OBJECTIFS!$I$56,M$8*OBJECTIFS!$H$60,M$8)))),0) -> 0 | O18: =IF(OR($A18="",$D18="",N18=""),"",SUMIFS(OBJECTIFS!F$9:F$39,OBJECTIFS!$A$9:$A$39,$D18,OBJECTIFS!$C$9:$C$39,$F18)) | P18: =IF(OR(AND($D18=OBJECTIFS!$B$6,OBJECTIFS!$F$8="dmt"),AND($D18=OBJECTIFS!$B$13,OBJECTIFS!$F$15="dmt"),AND($D18=OBJECTIFS!$B$20,OBJECTIFS!$F$22="dmt"),AND($D18=OBJECTIFS!$B$27,OBJECTIFS!$F$29="dmt"),AND($D18=OBJECTIFS!$B$34,OBJECTIFS!$F$36="dmt"),AND($D18=OBJECTIFS!$B$6,OBJECTIFS!$F$8="taux de chute"),AND($D18=OBJECTIFS!$B$13,OBJECTIFS!$F$15="taux de chute"),AND($D18=OBJECTIFS!$B$20,OBJECTIFS!$F$22="taux de chute"),AND($D18=OBJECTIFS!$B$27,OBJECTIFS!$F$29="taux de chute"),AND($D18=OBJECTIFS!$B$34,OBJECTIFS!$F$36="taux de chute"),AND($D18=OBJECTIFS!$B$6,OBJECTIFS!$F$8="tx mea"),AND($D18=OBJECTIFS!$B$13,OBJECTIFS!$F$15="tx mea"),AND($D18=OBJECTIFS!$B$20,OBJECTIFS!$F$22="tx mea"),AND($D18=OBJECTIFS!$B$27,OBJECTIFS!$F$29="tx mea"),AND($D18=OBJECTIFS!$B$34,OBJECTIFS!$F$36="tx mea")),IFERROR(O18/N18,""),IFERROR(N18/O18,"")) | Q18: =IFERROR(IF(OR(N18="",O18="",P18=""),0,IF(P18<OBJECTIFS!$E$56,0,IF(P18<OBJECTIFS!$G$56,Q$8*OBJECTIFS!$F$60,IF(P18<OBJECTIFS!$I$56,Q$8*OBJECTIFS!$H$60,Q$8)))),0) -> 0 | S18: =IF(OR($A18="",$D18="",R18=""),"",SUMIFS(OBJECTIFS!G$9:G$39,OBJECTIFS!$A$9:$A$39,$D18,OBJECTIFS!$C$9:$C$39,$F18)) | T18: =IF(OR(AND($D18=OBJECTIFS!$B$6,OBJECTIFS!G$8="dmt"),AND($D18=OBJECTIFS!$B$13,OBJECTIFS!$G$15="dmt"),AND($D18=OBJECTIFS!$B$20,OBJECTIFS!$G$22="dmt"),AND($D18=OBJECTIFS!$B$27,OBJECTIFS!$G$29="dmt"),AND($D18=OBJECTIFS!$B$34,OBJECTIFS!$G$36="dmt"),AND($D18=OBJECTIFS!$B$6,OBJECTIFS!$G$8="taux de chute"),AND($D18=OBJECTIFS!$B$13,OBJECTIFS!$G$15="taux de chute"),AND($D18=OBJECTIFS!$B$20,OBJECTIFS!$G$22="taux de chute"),AND($D18=OBJECTIFS!$B$27,OBJECTIFS!$G$29="taux de chute"),AND($D18=OBJECTIFS!$B$34,OBJECTIFS!$G$36="taux de chute",AND($D18=OBJECTIFS!$B$6,OBJECTIFS!G$8="tx mea"),AND($D18=OBJECTIFS!$B$13,OBJECTIFS!$G$15="tx mea"),AND($D18=OBJECTIFS!$B$20,OBJECTIFS!$G$22="tx mea"),AND($D18=OBJECTIFS!$B$27,OBJECTIFS!$G$29="tx mea"),AND($D18=OBJECTIFS!$B$34,OBJECTIFS!$G$36="tx mea"))),IFERROR(S18/R18,""),IFERROR(R18/S18,"")) | U18: =IFERROR(IF(OR(R18="",S18="",T18=""),0,IF(T18<OBJECTIFS!$E$56,0,IF(T18<OBJECTIFS!$G$56,U$8*OBJECTIFS!$F$60,IF(T18<OBJECTIFS!$I$56,U$8*OBJECTIFS!$H$60,U$8)))),0) -> 0 | W18: =IF(OR($A18="",$D18="",V18=""),"",SUMIFS(OBJECTIFS!H$9:H$39,OBJECTIFS!$A$9:$A$39,$D18,OBJECTIFS!$C$9:$C$39,$F18)) | X18: =IF(OR(AND($D18=OBJECTIFS!$B$6,OBJECTIFS!H$8="dmt"),AND($D18=OBJECTIFS!$B$13,OBJECTIFS!$H$15="dmt"),AND($D18=OBJECTIFS!$B$20,OBJECTIFS!$H$22="dmt"),AND($D18=OBJECTIFS!$B$27,OBJECTIFS!$H$29="dmt"),AND($D18=OBJECTIFS!$B$34,OBJECTIFS!$H$36="dmt"),AND($D18=OBJECTIFS!$B$6,OBJECTIFS!$H$8="taux de chute"),AND($D18=OBJECTIFS!$B$13,OBJECTIFS!$H$15="taux de chute"),AND($D18=OBJECTIFS!$B$20,OBJECTIFS!$H$22="taux de chute"),AND($D18=OBJECTIFS!$B$27,OBJECTIFS!$H$29="taux de chute"),AND($D18=OBJECTIFS!$B$34,OBJECTIFS!$H$36="taux de chute"),AND($D18=OBJECTIFS!$B$6,OBJECTIFS!H$8="tx mea"),AND($D18=OBJECTIFS!$B$13,OBJECTIFS!$H$15="tx mea"),AND($D18=OBJECTIFS!$B$20,OBJECTIFS!$H$22="tx mea"),AND($D18=OBJECTIFS!$B$27,OBJECTIFS!$H$29="tx mea"),AND($D18=OBJECTIFS!$B$34,OBJECTIFS!$H$36="tx mea")),IFERROR(W18/V18,""),IFERROR(V18/W18,"")) | Y18: =IFERROR(IF(OR(V18="",W18="",X18=""),0,IF(X18<OBJECTIFS!$E$56,0,IF(X18<OBJECTIFS!$G$56,Y$8*OBJECTIFS!$F$60,IF(X18<OBJECTIFS!$I$56,Y$8*OBJECTIFS!$H$60,Y$8)))),0) -> 0 | AA18: =IF(OR($A18="",$D18="",Z18=""),"",SUMIFS(OBJECTIFS!I$9:I$39,OBJECTIFS!$A$9:$A$39,$D18,OBJECTIFS!$C$9:$C$39,$F18)) | AB18: =IF(OR(AND($D18=OBJECTIFS!$B$6,OBJECTIFS!I$8="dmt"),AND($D18=OBJECTIFS!$B$13,OBJECTIFS!$I$15="dmt"),AND($D18=OBJECTIFS!$B$20,OBJECTIFS!$I$22="dmt"),AND($D18=OBJECTIFS!$B$27,OBJECTIFS!$I$29="dmt"),AND($D18=OBJECTIFS!$B$34,OBJECTIFS!$I$36="dmt"),AND($D18=OBJECTIFS!$B$6,OBJECTIFS!$I$8="taux de chute"),AND($D18=OBJECTIFS!$B$13,OBJECTIFS!$I$15="taux de chute"),AND($D18=OBJECTIFS!$B$20,OBJECTIFS!$I$22="taux de chute"),AND($D18=OBJECTIFS!$B$27,OBJECTIFS!$I$29="taux de chute"),AND($D18=OBJECTIFS!$B$34,OBJECTIFS!$I$36="taux de chute"),AND($D18=OBJECTIFS!$B$6,OBJECTIFS!I$8="tx mea"),AND($D18=OBJECTIFS!$B$13,OBJECTIFS!$I$15="tx mea"),AND($D18=OBJECTIFS!$B$20,OBJECTIFS!$I$22="tx mea"),AND($D18=OBJECTIFS!$B$27,OBJECTIFS!$I$29="tx mea"),AND($D18=OBJECTIFS!$B$34,OBJECTIFS!$I$36="tx mea")),IFERROR(AA18/Z18,""),IFERROR(Z18/AA18,"")) | AC18: =IFERROR(IF(OR(Z18="",AA18="",AB18=""),0,IF(AB18<OBJECTIFS!$E$56,0,IF(AB18<OBJECTIFS!$G$56,AC$8*OBJECTIFS!$F$60,IF(AB18<OBJECTIFS!$I$56,AC$8*OBJECTIFS!$H$60,AC$8)))),0) -> 0 | AF18: =IF(AD18>=1,0,IF(AD18=1,SUMIF($J$7:$AC$8,"Nb de points",$J18:$AC18)/2,SUMIF($J$7:$AC$8,"Nb de points",$J18:$AC18))) -> 0 | AM18: =SUM(AK18:AL18,AI18) -> 0 | AN18: =AN17 -> 22 | AO18: =IFERROR(IF(IF(OR(AI18>=2,AJ18>=8,AND(AI18=1,AJ18>=4)),0,IF(OR(AND(AI18=1,AJ18<4),AND(AI18=0,AJ18>=4,AJ18<8)),50%,100%))*(AN18-AM18)/AN18=0,-100%,IF(OR(AI18>=2,AJ18>=8,AND(AI18=1,AJ18>=4)),0,IF(OR(AND(AI18=1,AJ18<4),AND(AI18=0,AJ18>=4,AJ18<8)),50%,100%))*(AN18-AM18)/AN18-1),"") -> 0 | AP18: =IFERROR((H18*AF18/100)*(1+AO18),"") | AR18: =IFERROR(VLOOKUP(B18,OBJECTIFS!$C$76:$E$137,2,FALSE),0) -> 0 | AT18: =IFERROR(VLOOKUP(B18,OBJECTIFS!$H$76:$J$137,2,FALSE),0) -> 0 | AU18: =IF($B$5="interne",AT18/191*AH18,AT18/176*AH18) -> 0 | AW18: =IFERROR(VLOOKUP(B18,OBJECTIFS!$C$142:$E$203,2,FALSE),0) -> 0 | AX18: =IFERROR(VLOOKUP(B18,OBJECTIFS!$H$142:$J$203,2,FALSE),0) -> 0 | AY18: =IFERROR(VLOOKUP(B18,OBJECTIFS!$F$208:$H$269,3,FALSE),0) -> 0 | BA18: =IFERROR((AP18+SUM(AW18:AY18)+AU18+AR18),"") | BC18: =IFERROR(IF(OR(AI18>=2,AJ18>=8,AND(AI18=1,AJ18>=4)),0,IF(OR(AND(AI18=1,AJ18<4),AND(AI18=0,AJ18>=4,AJ18<8)),0.5,1))*AF18*(AN18-AM18)/AN18,"") -> 0 | BD18: =IF(BE18="","","è") | BE18: =IF(BC18=0,"",IF(BC18>=MAX($BC$9:$BC$78),A18,""))
H19: =IF(OR(D19="",F19="",A19=""),"",IF(E19="oui",0,IF(D19=OBJECTIFS!$C$45,VLOOKUP(F19,OBJECTIFS!$C$9:$D$11,2,FALSE),IF(D19=OBJECTIFS!$C$46,VLOOKUP(F19,OBJECTIFS!$C$16:$D$18,2,FALSE),IF(D19=OBJECTIFS!$C$47,VLOOKUP(F19,OBJECTIFS!$C$23:$D$25,2,FALSE),IF(D19=OBJECTIFS!$C$48,VLOOKUP(F19,OBJECTIFS!$C$30:$D$32,2,FALSE),IF(D19=OBJECTIFS!$C$49,VLOOKUP(F19,OBJECTIFS!$C$37:$D$39,2,FALSE)))))))) | K19: =IF(OR($A19="",$D19="",J19=""),"",SUMIFS(OBJECTIFS!E$9:E$39,OBJECTIFS!$A$9:$A$39,$D19,OBJECTIFS!$C$9:$C$39,$F19)) | L19: =IF(OR(AND($D19=OBJECTIFS!$B$6,OBJECTIFS!E$8="dmt"),AND($D19=OBJECTIFS!$B$13,OBJECTIFS!$E$15="dmt"),AND($D19=OBJECTIFS!$B$20,OBJECTIFS!$E$22="dmt"),AND($D19=OBJECTIFS!$B$27,OBJECTIFS!$E$29="dmt"),AND($D19=OBJECTIFS!$B$34,OBJECTIFS!$E$36="dmt"),AND($D19=OBJECTIFS!$B$6,OBJECTIFS!$E$8="taux de chute"),AND($D19=OBJECTIFS!$B$13,OBJECTIFS!$E$15="taux de chute"),AND($D19=OBJECTIFS!$B$20,OBJECTIFS!$E$22="taux de chute"),AND($D19=OBJECTIFS!$B$27,OBJECTIFS!$E$29="taux de chute"),AND($D19=OBJECTIFS!$B$34,OBJECTIFS!$E$36="taux de chute"),AND($D19=OBJECTIFS!$B$6,OBJECTIFS!E$8="tx mea"),AND($D19=OBJECTIFS!$B$13,OBJECTIFS!$E$15="tx mea"),AND($D19=OBJECTIFS!$B$20,OBJECTIFS!$E$22="tx mea"),AND($D19=OBJECTIFS!$B$27,OBJECTIFS!$E$29="tx mea"),AND($D19=OBJECTIFS!$B$34,OBJECTIFS!$E$36="tx mea")),IFERROR(K19/J19,""),IFERROR(J19/K19,"")) | M19: =IFERROR(IF(OR(J19="",K19="",L19=""),0,IF(L19<OBJECTIFS!$E$56,0,IF(L19<OBJECTIFS!$G$56,M$8*OBJECTIFS!$F$60,IF(L19<OBJECTIFS!$I$56,M$8*OBJECTIFS!$H$60,M$8)))),0) -> 0 | O19: =IF(OR($A19="",$D19="",N19=""),"",SUMIFS(OBJECTIFS!F$9:F$39,OBJECTIFS!$A$9:$A$39,$D19,OBJECTIFS!$C$9:$C$39,$F19)) | P19: =IF(OR(AND($D19=OBJECTIFS!$B$6,OBJECTIFS!$F$8="dmt"),AND($D19=OBJECTIFS!$B$13,OBJECTIFS!$F$15="dmt"),AND($D19=OBJECTIFS!$B$20,OBJECTIFS!$F$22="dmt"),AND($D19=OBJECTIFS!$B$27,OBJECTIFS!$F$29="dmt"),AND($D19=OBJECTIFS!$B$34,OBJECTIFS!$F$36="dmt"),AND($D19=OBJECTIFS!$B$6,OBJECTIFS!$F$8="taux de chute"),AND($D19=OBJECTIFS!$B$13,OBJECTIFS!$F$15="taux de chute"),AND($D19=OBJECTIFS!$B$20,OBJECTIFS!$F$22="taux de chute"),AND($D19=OBJECTIFS!$B$27,OBJECTIFS!$F$29="taux de chute"),AND($D19=OBJECTIFS!$B$34,OBJECTIFS!$F$36="taux de chute"),AND($D19=OBJECTIFS!$B$6,OBJECTIFS!$F$8="tx mea"),AND($D19=OBJECTIFS!$B$13,OBJECTIFS!$F$15="tx mea"),AND($D19=OBJECTIFS!$B$20,OBJECTIFS!$F$22="tx mea"),AND($D19=OBJECTIFS!$B$27,OBJECTIFS!$F$29="tx mea"),AND($D19=OBJECTIFS!$B$34,OBJECTIFS!$F$36="tx mea")),IFERROR(O19/N19,""),IFERROR(N19/O19,"")) | Q19: =IFERROR(IF(OR(N19="",O19="",P19=""),0,IF(P19<OBJECTIFS!$E$56,0,IF(P19<OBJECTIFS!$G$56,Q$8*OBJECTIFS!$F$60,IF(P19<OBJECTIFS!$I$56,Q$8*OBJECTIFS!$H$60,Q$8)))),0) -> 0 | S19: =IF(OR($A19="",$D19="",R19=""),"",SUMIFS(OBJECTIFS!G$9:G$39,OBJECTIFS!$A$9:$A$39,$D19,OBJECTIFS!$C$9:$C$39,$F19)) | T19: =IF(OR(AND($D19=OBJECTIFS!$B$6,OBJECTIFS!G$8="dmt"),AND($D19=OBJECTIFS!$B$13,OBJECTIFS!$G$15="dmt"),AND($D19=OBJECTIFS!$B$20,OBJECTIFS!$G$22="dmt"),AND($D19=OBJECTIFS!$B$27,OBJECTIFS!$G$29="dmt"),AND($D19=OBJECTIFS!$B$34,OBJECTIFS!$G$36="dmt"),AND($D19=OBJECTIFS!$B$6,OBJECTIFS!$G$8="taux de chute"),AND($D19=OBJECTIFS!$B$13,OBJECTIFS!$G$15="taux de chute"),AND($D19=OBJECTIFS!$B$20,OBJECTIFS!$G$22="taux de chute"),AND($D19=OBJECTIFS!$B$27,OBJECTIFS!$G$29="taux de chute"),AND($D19=OBJECTIFS!$B$34,OBJECTIFS!$G$36="taux de chute",AND($D19=OBJECTIFS!$B$6,OBJECTIFS!G$8="tx mea"),AND($D19=OBJECTIFS!$B$13,OBJECTIFS!$G$15="tx mea"),AND($D19=OBJECTIFS!$B$20,OBJECTIFS!$G$22="tx mea"),AND($D19=OBJECTIFS!$B$27,OBJECTIFS!$G$29="tx mea"),AND($D19=OBJECTIFS!$B$34,OBJECTIFS!$G$36="tx mea"))),IFERROR(S19/R19,""),IFERROR(R19/S19,"")) | U19: =IFERROR(IF(OR(R19="",S19="",T19=""),0,IF(T19<OBJECTIFS!$E$56,0,IF(T19<OBJECTIFS!$G$56,U$8*OBJECTIFS!$F$60,IF(T19<OBJECTIFS!$I$56,U$8*OBJECTIFS!$H$60,U$8)))),0) -> 0 | W19: =IF(OR($A19="",$D19="",V19=""),"",SUMIFS(OBJECTIFS!H$9:H$39,OBJECTIFS!$A$9:$A$39,$D19,OBJECTIFS!$C$9:$C$39,$F19)) | X19: =IF(OR(AND($D19=OBJECTIFS!$B$6,OBJECTIFS!H$8="dmt"),AND($D19=OBJECTIFS!$B$13,OBJECTIFS!$H$15="dmt"),AND($D19=OBJECTIFS!$B$20,OBJECTIFS!$H$22="dmt"),AND($D19=OBJECTIFS!$B$27,OBJECTIFS!$H$29="dmt"),AND($D19=OBJECTIFS!$B$34,OBJECTIFS!$H$36="dmt"),AND($D19=OBJECTIFS!$B$6,OBJECTIFS!$H$8="taux de chute"),AND($D19=OBJECTIFS!$B$13,OBJECTIFS!$H$15="taux de chute"),AND($D19=OBJECTIFS!$B$20,OBJECTIFS!$H$22="taux de chute"),AND($D19=OBJECTIFS!$B$27,OBJECTIFS!$H$29="taux de chute"),AND($D19=OBJECTIFS!$B$34,OBJECTIFS!$H$36="taux de chute"),AND($D19=OBJECTIFS!$B$6,OBJECTIFS!H$8="tx mea"),AND($D19=OBJECTIFS!$B$13,OBJECTIFS!$H$15="tx mea"),AND($D19=OBJECTIFS!$B$20,OBJECTIFS!$H$22="tx mea"),AND($D19=OBJECTIFS!$B$27,OBJECTIFS!$H$29="tx mea"),AND($D19=OBJECTIFS!$B$34,OBJECTIFS!$H$36="tx mea")),IFERROR(W19/V19,""),IFERROR(V19/W19,"")) | Y19: =IFERROR(IF(OR(V19="",W19="",X19=""),0,IF(X19<OBJECTIFS!$E$56,0,IF(X19<OBJECTIFS!$G$56,Y$8*OBJECTIFS!$F$60,IF(X19<OBJECTIFS!$I$56,Y$8*OBJECTIFS!$H$60,Y$8)))),0) -> 0 | AA19: =IF(OR($A19="",$D19="",Z19=""),"",SUMIFS(OBJECTIFS!I$9:I$39,OBJECTIFS!$A$9:$A$39,$D19,OBJECTIFS!$C$9:$C$39,$F19)) | AB19: =IF(OR(AND($D19=OBJECTIFS!$B$6,OBJECTIFS!I$8="dmt"),AND($D19=OBJECTIFS!$B$13,OBJECTIFS!$I$15="dmt"),AND($D19=OBJECTIFS!$B$20,OBJECTIFS!$I$22="dmt"),AND($D19=OBJECTIFS!$B$27,OBJECTIFS!$I$29="dmt"),AND($D19=OBJECTIFS!$B$34,OBJECTIFS!$I$36="dmt"),AND($D19=OBJECTIFS!$B$6,OBJECTIFS!$I$8="taux de chute"),AND($D19=OBJECTIFS!$B$13,OBJECTIFS!$I$15="taux de chute"),AND($D19=OBJECTIFS!$B$20,OBJECTIFS!$I$22="taux de chute"),AND($D19=OBJECTIFS!$B$27,OBJECTIFS!$I$29="taux de chute"),AND($D19=OBJECTIFS!$B$34,OBJECTIFS!$I$36="taux de chute"),AND($D19=OBJECTIFS!$B$6,OBJECTIFS!I$8="tx mea"),AND($D19=OBJECTIFS!$B$13,OBJECTIFS!$I$15="tx mea"),AND($D19=OBJECTIFS!$B$20,OBJECTIFS!$I$22="tx mea"),AND($D19=OBJECTIFS!$B$27,OBJECTIFS!$I$29="tx mea"),AND($D19=OBJECTIFS!$B$34,OBJECTIFS!$I$36="tx mea")),IFERROR(AA19/Z19,""),IFERROR(Z19/AA19,"")) | AC19: =IFERROR(IF(OR(Z19="",AA19="",AB19=""),0,IF(AB19<OBJECTIFS!$E$56,0,IF(AB19<OBJECTIFS!$G$56,AC$8*OBJECTIFS!$F$60,IF(AB19<OBJECTIFS!$I$56,AC$8*OBJECTIFS!$H$60,AC$8)))),0) -> 0 | AF19: =IF(AD19>=1,0,IF(AD19=1,SUMIF($J$7:$AC$8,"Nb de points",$J19:$AC19)/2,SUMIF($J$7:$AC$8,"Nb de points",$J19:$AC19))) -> 0 | AM19: =SUM(AK19:AL19,AI19) -> 0 | AN19: =AN18 -> 22 | AO19: =IFERROR(IF(IF(OR(AI19>=2,AJ19>=8,AND(AI19=1,AJ19>=4)),0,IF(OR(AND(AI19=1,AJ19<4),AND(AI19=0,AJ19>=4,AJ19<8)),50%,100%))*(AN19-AM19)/AN19=0,-100%,IF(OR(AI19>=2,AJ19>=8,AND(AI19=1,AJ19>=4)),0,IF(OR(AND(AI19=1,AJ19<4),AND(AI19=0,AJ19>=4,AJ19<8)),50%,100%))*(AN19-AM19)/AN19-1),"") -> 0 | AP19: =IFERROR((H19*AF19/100)*(1+AO19),"") | AR19: =IFERROR(VLOOKUP(B19,OBJECTIFS!$C$76:$E$137,2,FALSE),0) -> 0 | AT19: =IFERROR(VLOOKUP(B19,OBJECTIFS!$H$76:$J$137,2,FALSE),0) -> 0 | AU19: =IF($B$5="interne",AT19/191*AH19,AT19/176*AH19) -> 0 | AW19: =IFERROR(VLOOKUP(B19,OBJECTIFS!$C$142:$E$203,2,FALSE),0) -> 0 | AX19: =IFERROR(VLOOKUP(B19,OBJECTIFS!$H$142:$J$203,2,FALSE),0) -> 0 | AY19: =IFERROR(VLOOKUP(B19,OBJECTIFS!$F$208:$H$269,3,FALSE),0) -> 0 | BA19: =IFERROR((AP19+SUM(AW19:AY19)+AU19+AR19),"") | BC19: =IFERROR(IF(OR(AI19>=2,AJ19>=8,AND(AI19=1,AJ19>=4)),0,IF(OR(AND(AI19=1,AJ19<4),AND(AI19=0,AJ19>=4,AJ19<8)),0.5,1))*AF19*(AN19-AM19)/AN19,"") -> 0 | BD19: =IF(BE19="","","è") | BE19: =IF(BC19=0,"",IF(BC19>=MAX($BC$9:$BC$78),A19,""))
H20: =IF(OR(D20="",F20="",A20=""),"",IF(E20="oui",0,IF(D20=OBJECTIFS!$C$45,VLOOKUP(F20,OBJECTIFS!$C$9:$D$11,2,FALSE),IF(D20=OBJECTIFS!$C$46,VLOOKUP(F20,OBJECTIFS!$C$16:$D$18,2,FALSE),IF(D20=OBJECTIFS!$C$47,VLOOKUP(F20,OBJECTIFS!$C$23:$D$25,2,FALSE),IF(D20=OBJECTIFS!$C$48,VLOOKUP(F20,OBJECTIFS!$C$30:$D$32,2,FALSE),IF(D20=OBJECTIFS!$C$49,VLOOKUP(F20,OBJECTIFS!$C$37:$D$39,2,FALSE)))))))) | K20: =IF(OR($A20="",$D20="",J20=""),"",SUMIFS(OBJECTIFS!E$9:E$39,OBJECTIFS!$A$9:$A$39,$D20,OBJECTIFS!$C$9:$C$39,$F20)) | L20: =IF(OR(AND($D20=OBJECTIFS!$B$6,OBJECTIFS!E$8="dmt"),AND($D20=OBJECTIFS!$B$13,OBJECTIFS!$E$15="dmt"),AND($D20=OBJECTIFS!$B$20,OBJECTIFS!$E$22="dmt"),AND($D20=OBJECTIFS!$B$27,OBJECTIFS!$E$29="dmt"),AND($D20=OBJECTIFS!$B$34,OBJECTIFS!$E$36="dmt"),AND($D20=OBJECTIFS!$B$6,OBJECTIFS!$E$8="taux de chute"),AND($D20=OBJECTIFS!$B$13,OBJECTIFS!$E$15="taux de chute"),AND($D20=OBJECTIFS!$B$20,OBJECTIFS!$E$22="taux de chute"),AND($D20=OBJECTIFS!$B$27,OBJECTIFS!$E$29="taux de chute"),AND($D20=OBJECTIFS!$B$34,OBJECTIFS!$E$36="taux de chute"),AND($D20=OBJECTIFS!$B$6,OBJECTIFS!E$8="tx mea"),AND($D20=OBJECTIFS!$B$13,OBJECTIFS!$E$15="tx mea"),AND($D20=OBJECTIFS!$B$20,OBJECTIFS!$E$22="tx mea"),AND($D20=OBJECTIFS!$B$27,OBJECTIFS!$E$29="tx mea"),AND($D20=OBJECTIFS!$B$34,OBJECTIFS!$E$36="tx mea")),IFERROR(K20/J20,""),IFERROR(J20/K20,"")) | M20: =IFERROR(IF(OR(J20="",K20="",L20=""),0,IF(L20<OBJECTIFS!$E$56,0,IF(L20<OBJECTIFS!$G$56,M$8*OBJECTIFS!$F$60,IF(L20<OBJECTIFS!$I$56,M$8*OBJECTIFS!$H$60,M$8)))),0) -> 0 | O20: =IF(OR($A20="",$D20="",N20=""),"",SUMIFS(OBJECTIFS!F$9:F$39,OBJECTIFS!$A$9:$A$39,$D20,OBJECTIFS!$C$9:$C$39,$F20)) | P20: =IF(OR(AND($D20=OBJECTIFS!$B$6,OBJECTIFS!$F$8="dmt"),AND($D20=OBJECTIFS!$B$13,OBJECTIFS!$F$15="dmt"),AND($D20=OBJECTIFS!$B$20,OBJECTIFS!$F$22="dmt"),AND($D20=OBJECTIFS!$B$27,OBJECTIFS!$F$29="dmt"),AND($D20=OBJECTIFS!$B$34,OBJECTIFS!$F$36="dmt"),AND($D20=OBJECTIFS!$B$6,OBJECTIFS!$F$8="taux de chute"),AND($D20=OBJECTIFS!$B$13,OBJECTIFS!$F$15="taux de chute"),AND($D20=OBJECTIFS!$B$20,OBJECTIFS!$F$22="taux de chute"),AND($D20=OBJECTIFS!$B$27,OBJECTIFS!$F$29="taux de chute"),AND($D20=OBJECTIFS!$B$34,OBJECTIFS!$F$36="taux de chute"),AND($D20=OBJECTIFS!$B$6,OBJECTIFS!$F$8="tx mea"),AND($D20=OBJECTIFS!$B$13,OBJECTIFS!$F$15="tx mea"),AND($D20=OBJECTIFS!$B$20,OBJECTIFS!$F$22="tx mea"),AND($D20=OBJECTIFS!$B$27,OBJECTIFS!$F$29="tx mea"),AND($D20=OBJECTIFS!$B$34,OBJECTIFS!$F$36="tx mea")),IFERROR(O20/N20,""),IFERROR(N20/O20,"")) | Q20: =IFERROR(IF(OR(N20="",O20="",P20=""),0,IF(P20<OBJECTIFS!$E$56,0,IF(P20<OBJECTIFS!$G$56,Q$8*OBJECTIFS!$F$60,IF(P20<OBJECTIFS!$I$56,Q$8*OBJECTIFS!$H$60,Q$8)))),0) -> 0 | S20: =IF(OR($A20="",$D20="",R20=""),"",SUMIFS(OBJECTIFS!G$9:G$39,OBJECTIFS!$A$9:$A$39,$D20,OBJECTIFS!$C$9:$C$39,$F20)) | T20: =IF(OR(AND($D20=OBJECTIFS!$B$6,OBJECTIFS!G$8="dmt"),AND($D20=OBJECTIFS!$B$13,OBJECTIFS!$G$15="dmt"),AND($D20=OBJECTIFS!$B$20,OBJECTIFS!$G$22="dmt"),AND($D20=OBJECTIFS!$B$27,OBJECTIFS!$G$29="dmt"),AND($D20=OBJECTIFS!$B$34,OBJECTIFS!$G$36="dmt"),AND($D20=OBJECTIFS!$B$6,OBJECTIFS!$G$8="taux de chute"),AND($D20=OBJECTIFS!$B$13,OBJECTIFS!$G$15="taux de chute"),AND($D20=OBJECTIFS!$B$20,OBJECTIFS!$G$22="taux de chute"),AND($D20=OBJECTIFS!$B$27,OBJECTIFS!$G$29="taux de chute"),AND($D20=OBJECTIFS!$B$34,OBJECTIFS!$G$36="taux de chute",AND($D20=OBJECTIFS!$B$6,OBJECTIFS!G$8="tx mea"),AND($D20=OBJECTIFS!$B$13,OBJECTIFS!$G$15="tx mea"),AND($D20=OBJECTIFS!$B$20,OBJECTIFS!$G$22="tx mea"),AND($D20=OBJECTIFS!$B$27,OBJECTIFS!$G$29="tx mea"),AND($D20=OBJECTIFS!$B$34,OBJECTIFS!$G$36="tx mea"))),IFERROR(S20/R20,""),IFERROR(R20/S20,"")) | U20: =IFERROR(IF(OR(R20="",S20="",T20=""),0,IF(T20<OBJECTIFS!$E$56,0,IF(T20<OBJECTIFS!$G$56,U$8*OBJECTIFS!$F$60,IF(T20<OBJECTIFS!$I$56,U$8*OBJECTIFS!$H$60,U$8)))),0) -> 0 | W20: =IF(OR($A20="",$D20="",V20=""),"",SUMIFS(OBJECTIFS!H$9:H$39,OBJECTIFS!$A$9:$A$39,$D20,OBJECTIFS!$C$9:$C$39,$F20)) | X20: =IF(OR(AND($D20=OBJECTIFS!$B$6,OBJECTIFS!H$8="dmt"),AND($D20=OBJECTIFS!$B$13,OBJECTIFS!$H$15="dmt"),AND($D20=OBJECTIFS!$B$20,OBJECTIFS!$H$22="dmt"),AND($D20=OBJECTIFS!$B$27,OBJECTIFS!$H$29="dmt"),AND($D20=OBJECTIFS!$B$34,OBJECTIFS!$H$36="dmt"),AND($D20=OBJECTIFS!$B$6,OBJECTIFS!$H$8="taux de chute"),AND($D20=OBJECTIFS!$B$13,OBJECTIFS!$H$15="taux de chute"),AND($D20=OBJECTIFS!$B$20,OBJECTIFS!$H$22="taux de chute"),AND($D20=OBJECTIFS!$B$27,OBJECTIFS!$H$29="taux de chute"),AND($D20=OBJECTIFS!$B$34,OBJECTIFS!$H$36="taux de chute"),AND($D20=OBJECTIFS!$B$6,OBJECTIFS!H$8="tx mea"),AND($D20=OBJECTIFS!$B$13,OBJECTIFS!$H$15="tx mea"),AND($D20=OBJECTIFS!$B$20,OBJECTIFS!$H$22="tx mea"),AND($D20=OBJECTIFS!$B$27,OBJECTIFS!$H$29="tx mea"),AND($D20=OBJECTIFS!$B$34,OBJECTIFS!$H$36="tx mea")),IFERROR(W20/V20,""),IFERROR(V20/W20,"")) | Y20: =IFERROR(IF(OR(V20="",W20="",X20=""),0,IF(X20<OBJECTIFS!$E$56,0,IF(X20<OBJECTIFS!$G$56,Y$8*OBJECTIFS!$F$60,IF(X20<OBJECTIFS!$I$56,Y$8*OBJECTIFS!$H$60,Y$8)))),0) -> 0 | AA20: =IF(OR($A20="",$D20="",Z20=""),"",SUMIFS(OBJECTIFS!I$9:I$39,OBJECTIFS!$A$9:$A$39,$D20,OBJECTIFS!$C$9:$C$39,$F20)) | AB20: =IF(OR(AND($D20=OBJECTIFS!$B$6,OBJECTIFS!I$8="dmt"),AND($D20=OBJECTIFS!$B$13,OBJECTIFS!$I$15="dmt"),AND($D20=OBJECTIFS!$B$20,OBJECTIFS!$I$22="dmt"),AND($D20=OBJECTIFS!$B$27,OBJECTIFS!$I$29="dmt"),AND($D20=OBJECTIFS!$B$34,OBJECTIFS!$I$36="dmt"),AND($D20=OBJECTIFS!$B$6,OBJECTIFS!$I$8="taux de chute"),AND($D20=OBJECTIFS!$B$13,OBJECTIFS!$I$15="taux de chute"),AND($D20=OBJECTIFS!$B$20,OBJECTIFS!$I$22="taux de chute"),AND($D20=OBJECTIFS!$B$27,OBJECTIFS!$I$29="taux de chute"),AND($D20=OBJECTIFS!$B$34,OBJECTIFS!$I$36="taux de chute"),AND($D20=OBJECTIFS!$B$6,OBJECTIFS!I$8="tx mea"),AND($D20=OBJECTIFS!$B$13,OBJECTIFS!$I$15="tx mea"),AND($D20=OBJECTIFS!$B$20,OBJECTIFS!$I$22="tx mea"),AND($D20=OBJECTIFS!$B$27,OBJECTIFS!$I$29="tx mea"),AND($D20=OBJECTIFS!$B$34,OBJECTIFS!$I$36="tx mea")),IFERROR(AA20/Z20,""),IFERROR(Z20/AA20,"")) | AC20: =IFERROR(IF(OR(Z20="",AA20="",AB20=""),0,IF(AB20<OBJECTIFS!$E$56,0,IF(AB20<OBJECTIFS!$G$56,AC$8*OBJECTIFS!$F$60,IF(AB20<OBJECTIFS!$I$56,AC$8*OBJECTIFS!$H$60,AC$8)))),0) -> 0 | AF20: =IF(AD20>=1,0,IF(AD20=1,SUMIF($J$7:$AC$8,"Nb de points",$J20:$AC20)/2,SUMIF($J$7:$AC$8,"Nb de points",$J20:$AC20))) -> 0 | AM20: =SUM(AK20:AL20,AI20) -> 0 | AN20: =AN19 -> 22 | AO20: =IFERROR(IF(IF(OR(AI20>=2,AJ20>=8,AND(AI20=1,AJ20>=4)),0,IF(OR(AND(AI20=1,AJ20<4),AND(AI20=0,AJ20>=4,AJ20<8)),50%,100%))*(AN20-AM20)/AN20=0,-100%,IF(OR(AI20>=2,AJ20>=8,AND(AI20=1,AJ20>=4)),0,IF(OR(AND(AI20=1,AJ20<4),AND(AI20=0,AJ20>=4,AJ20<8)),50%,100%))*(AN20-AM20)/AN20-1),"") -> 0 | AP20: =IFERROR((H20*AF20/100)*(1+AO20),"") | AR20: =IFERROR(VLOOKUP(B20,OBJECTIFS!$C$76:$E$137,2,FALSE),0) -> 0 | AT20: =IFERROR(VLOOKUP(B20,OBJECTIFS!$H$76:$J$137,2,FALSE),0) -> 0 | AU20: =IF($B$5="interne",AT20/191*AH20,AT20/176*AH20) -> 0 | AW20: =IFERROR(VLOOKUP(B20,OBJECTIFS!$C$142:$E$203,2,FALSE),0) -> 0 | AX20: =IFERROR(VLOOKUP(B20,OBJECTIFS!$H$142:$J$203,2,FALSE),0) -> 0 | AY20: =IFERROR(VLOOKUP(B20,OBJECTIFS!$F$208:$H$269,3,FALSE),0) -> 0 | BA20: =IFERROR((AP20+SUM(AW20:AY20)+AU20+AR20),"") | BC20: =IFERROR(IF(OR(AI20>=2,AJ20>=8,AND(AI20=1,AJ20>=4)),0,IF(OR(AND(AI20=1,AJ20<4),AND(AI20=0,AJ20>=4,AJ20<8)),0.5,1))*AF20*(AN20-AM20)/AN20,"") -> 0 | BD20: =IF(BE20="","","è") | BE20: =IF(BC20=0,"",IF(BC20>=MAX($BC$9:$BC$78),A20,""))
H21: =IF(OR(D21="",F21="",A21=""),"",IF(E21="oui",0,IF(D21=OBJECTIFS!$C$45,VLOOKUP(F21,OBJECTIFS!$C$9:$D$11,2,FALSE),IF(D21=OBJECTIFS!$C$46,VLOOKUP(F21,OBJECTIFS!$C$16:$D$18,2,FALSE),IF(D21=OBJECTIFS!$C$47,VLOOKUP(F21,OBJECTIFS!$C$23:$D$25,2,FALSE),IF(D21=OBJECTIFS!$C$48,VLOOKUP(F21,OBJECTIFS!$C$30:$D$32,2,FALSE),IF(D21=OBJECTIFS!$C$49,VLOOKUP(F21,OBJECTIFS!$C$37:$D$39,2,FALSE)))))))) | K21: =IF(OR($A21="",$D21="",J21=""),"",SUMIFS(OBJECTIFS!E$9:E$39,OBJECTIFS!$A$9:$A$39,$D21,OBJECTIFS!$C$9:$C$39,$F21)) | L21: =IF(OR(AND($D21=OBJECTIFS!$B$6,OBJECTIFS!E$8="dmt"),AND($D21=OBJECTIFS!$B$13,OBJECTIFS!$E$15="dmt"),AND($D21=OBJECTIFS!$B$20,OBJECTIFS!$E$22="dmt"),AND($D21=OBJECTIFS!$B$27,OBJECTIFS!$E$29="dmt"),AND($D21=OBJECTIFS!$B$34,OBJECTIFS!$E$36="dmt"),AND($D21=OBJECTIFS!$B$6,OBJECTIFS!$E$8="taux de chute"),AND($D21=OBJECTIFS!$B$13,OBJECTIFS!$E$15="taux de chute"),AND($D21=OBJECTIFS!$B$20,OBJECTIFS!$E$22="taux de chute"),AND($D21=OBJECTIFS!$B$27,OBJECTIFS!$E$29="taux de chute"),AND($D21=OBJECTIFS!$B$34,OBJECTIFS!$E$36="taux de chute"),AND($D21=OBJECTIFS!$B$6,OBJECTIFS!E$8="tx mea"),AND($D21=OBJECTIFS!$B$13,OBJECTIFS!$E$15="tx mea"),AND($D21=OBJECTIFS!$B$20,OBJECTIFS!$E$22="tx mea"),AND($D21=OBJECTIFS!$B$27,OBJECTIFS!$E$29="tx mea"),AND($D21=OBJECTIFS!$B$34,OBJECTIFS!$E$36="tx mea")),IFERROR(K21/J21,""),IFERROR(J21/K21,"")) | M21: =IFERROR(IF(OR(J21="",K21="",L21=""),0,IF(L21<OBJECTIFS!$E$56,0,IF(L21<OBJECTIFS!$G$56,M$8*OBJECTIFS!$F$60,IF(L21<OBJECTIFS!$I$56,M$8*OBJECTIFS!$H$60,M$8)))),0) -> 0 | O21: =IF(OR($A21="",$D21="",N21=""),"",SUMIFS(OBJECTIFS!F$9:F$39,OBJECTIFS!$A$9:$A$39,$D21,OBJECTIFS!$C$9:$C$39,$F21)) | P21: =IF(OR(AND($D21=OBJECTIFS!$B$6,OBJECTIFS!$F$8="dmt"),AND($D21=OBJECTIFS!$B$13,OBJECTIFS!$F$15="dmt"),AND($D21=OBJECTIFS!$B$20,OBJECTIFS!$F$22="dmt"),AND($D21=OBJECTIFS!$B$27,OBJECTIFS!$F$29="dmt"),AND($D21=OBJECTIFS!$B$34,OBJECTIFS!$F$36="dmt"),AND($D21=OBJECTIFS!$B$6,OBJECTIFS!$F$8="taux de chute"),AND($D21=OBJECTIFS!$B$13,OBJECTIFS!$F$15="taux de chute"),AND($D21=OBJECTIFS!$B$20,OBJECTIFS!$F$22="taux de chute"),AND($D21=OBJECTIFS!$B$27,OBJECTIFS!$F$29="taux de chute"),AND($D21=OBJECTIFS!$B$34,OBJECTIFS!$F$36="taux de chute"),AND($D21=OBJECTIFS!$B$6,OBJECTIFS!$F$8="tx mea"),AND($D21=OBJECTIFS!$B$13,OBJECTIFS!$F$15="tx mea"),AND($D21=OBJECTIFS!$B$20,OBJECTIFS!$F$22="tx mea"),AND($D21=OBJECTIFS!$B$27,OBJECTIFS!$F$29="tx mea"),AND($D21=OBJECTIFS!$B$34,OBJECTIFS!$F$36="tx mea")),IFERROR(O21/N21,""),IFERROR(N21/O21,"")) | Q21: =IFERROR(IF(OR(N21="",O21="",P21=""),0,IF(P21<OBJECTIFS!$E$56,0,IF(P21<OBJECTIFS!$G$56,Q$8*OBJECTIFS!$F$60,IF(P21<OBJECTIFS!$I$56,Q$8*OBJECTIFS!$H$60,Q$8)))),0) -> 0 | S21: =IF(OR($A21="",$D21="",R21=""),"",SUMIFS(OBJECTIFS!G$9:G$39,OBJECTIFS!$A$9:$A$39,$D21,OBJECTIFS!$C$9:$C$39,$F21)) | T21: =IF(OR(AND($D21=OBJECTIFS!$B$6,OBJECTIFS!G$8="dmt"),AND($D21=OBJECTIFS!$B$13,OBJECTIFS!$G$15="dmt"),AND($D21=OBJECTIFS!$B$20,OBJECTIFS!$G$22="dmt"),AND($D21=OBJECTIFS!$B$27,OBJECTIFS!$G$29="dmt"),AND($D21=OBJECTIFS!$B$34,OBJECTIFS!$G$36="dmt"),AND($D21=OBJECTIFS!$B$6,OBJECTIFS!$G$8="taux de chute"),AND($D21=OBJECTIFS!$B$13,OBJECTIFS!$G$15="taux de chute"),AND($D21=OBJECTIFS!$B$20,OBJECTIFS!$G$22="taux de chute"),AND($D21=OBJECTIFS!$B$27,OBJECTIFS!$G$29="taux de chute"),AND($D21=OBJECTIFS!$B$34,OBJECTIFS!$G$36="taux de chute",AND($D21=OBJECTIFS!$B$6,OBJECTIFS!G$8="tx mea"),AND($D21=OBJECTIFS!$B$13,OBJECTIFS!$G$15="tx mea"),AND($D21=OBJECTIFS!$B$20,OBJECTIFS!$G$22="tx mea"),AND($D21=OBJECTIFS!$B$27,OBJECTIFS!$G$29="tx mea"),AND($D21=OBJECTIFS!$B$34,OBJECTIFS!$G$36="tx mea"))),IFERROR(S21/R21,""),IFERROR(R21/S21,"")) | U21: =IFERROR(IF(OR(R21="",S21="",T21=""),0,IF(T21<OBJECTIFS!$E$56,0,IF(T21<OBJECTIFS!$G$56,U$8*OBJECTIFS!$F$60,IF(T21<OBJECTIFS!$I$56,U$8*OBJECTIFS!$H$60,U$8)))),0) -> 0 | W21: =IF(OR($A21="",$D21="",V21=""),"",SUMIFS(OBJECTIFS!H$9:H$39,OBJECTIFS!$A$9:$A$39,$D21,OBJECTIFS!$C$9:$C$39,$F21)) | X21: =IF(OR(AND($D21=OBJECTIFS!$B$6,OBJECTIFS!H$8="dmt"),AND($D21=OBJECTIFS!$B$13,OBJECTIFS!$H$15="dmt"),AND($D21=OBJECTIFS!$B$20,OBJECTIFS!$H$22="dmt"),AND($D21=OBJECTIFS!$B$27,OBJECTIFS!$H$29="dmt"),AND($D21=OBJECTIFS!$B$34,OBJECTIFS!$H$36="dmt"),AND($D21=OBJECTIFS!$B$6,OBJECTIFS!$H$8="taux de chute"),AND($D21=OBJECTIFS!$B$13,OBJECTIFS!$H$15="taux de chute"),AND($D21=OBJECTIFS!$B$20,OBJECTIFS!$H$22="taux de chute"),AND($D21=OBJECTIFS!$B$27,OBJECTIFS!$H$29="taux de chute"),AND($D21=OBJECTIFS!$B$34,OBJECTIFS!$H$36="taux de chute"),AND($D21=OBJECTIFS!$B$6,OBJECTIFS!H$8="tx mea"),AND($D21=OBJECTIFS!$B$13,OBJECTIFS!$H$15="tx mea"),AND($D21=OBJECTIFS!$B$20,OBJECTIFS!$H$22="tx mea"),AND($D21=OBJECTIFS!$B$27,OBJECTIFS!$H$29="tx mea"),AND($D21=OBJECTIFS!$B$34,OBJECTIFS!$H$36="tx mea")),IFERROR(W21/V21,""),IFERROR(V21/W21,"")) | Y21: =IFERROR(IF(OR(V21="",W21="",X21=""),0,IF(X21<OBJECTIFS!$E$56,0,IF(X21<OBJECTIFS!$G$56,Y$8*OBJECTIFS!$F$60,IF(X21<OBJECTIFS!$I$56,Y$8*OBJECTIFS!$H$60,Y$8)))),0) -> 0 | AA21: =IF(OR($A21="",$D21="",Z21=""),"",SUMIFS(OBJECTIFS!I$9:I$39,OBJECTIFS!$A$9:$A$39,$D21,OBJECTIFS!$C$9:$C$39,$F21)) | AB21: =IF(OR(AND($D21=OBJECTIFS!$B$6,OBJECTIFS!I$8="dmt"),AND($D21=OBJECTIFS!$B$13,OBJECTIFS!$I$15="dmt"),AND($D21=OBJECTIFS!$B$20,OBJECTIFS!$I$22="dmt"),AND($D21=OBJECTIFS!$B$27,OBJECTIFS!$I$29="dmt"),AND($D21=OBJECTIFS!$B$34,OBJECTIFS!$I$36="dmt"),AND($D21=OBJECTIFS!$B$6,OBJECTIFS!$I$8="taux de chute"),AND($D21=OBJECTIFS!$B$13,OBJECTIFS!$I$15="taux de chute"),AND($D21=OBJECTIFS!$B$20,OBJECTIFS!$I$22="taux de chute"),AND($D21=OBJECTIFS!$B$27,OBJECTIFS!$I$29="taux de chute"),AND($D21=OBJECTIFS!$B$34,OBJECTIFS!$I$36="taux de chute"),AND($D21=OBJECTIFS!$B$6,OBJECTIFS!I$8="tx mea"),AND($D21=OBJECTIFS!$B$13,OBJECTIFS!$I$15="tx mea"),AND($D21=OBJECTIFS!$B$20,OBJECTIFS!$I$22="tx mea"),AND($D21=OBJECTIFS!$B$27,OBJECTIFS!$I$29="tx mea"),AND($D21=OBJECTIFS!$B$34,OBJECTIFS!$I$36="tx mea")),IFERROR(AA21/Z21,""),IFERROR(Z21/AA21,"")) | AC21: =IFERROR(IF(OR(Z21="",AA21="",AB21=""),0,IF(AB21<OBJECTIFS!$E$56,0,IF(AB21<OBJECTIFS!$G$56,AC$8*OBJECTIFS!$F$60,IF(AB21<OBJECTIFS!$I$56,AC$8*OBJECTIFS!$H$60,AC$8)))),0) -> 0 | AF21: =IF(AD21>=1,0,IF(AD21=1,SUMIF($J$7:$AC$8,"Nb de points",$J21:$AC21)/2,SUMIF($J$7:$AC$8,"Nb de points",$J21:$AC21))) -> 0 | AM21: =SUM(AK21:AL21,AI21) -> 0 | AN21: =AN20 -> 22 | AO21: =IFERROR(IF(IF(OR(AI21>=2,AJ21>=8,AND(AI21=1,AJ21>=4)),0,IF(OR(AND(AI21=1,AJ21<4),AND(AI21=0,AJ21>=4,AJ21<8)),50%,100%))*(AN21-AM21)/AN21=0,-100%,IF(OR(AI21>=2,AJ21>=8,AND(AI21=1,AJ21>=4)),0,IF(OR(AND(AI21=1,AJ21<4),AND(AI21=0,AJ21>=4,AJ21<8)),50%,100%))*(AN21-AM21)/AN21-1),"") -> 0 | AP21: =IFERROR((H21*AF21/100)*(1+AO21),"") | AR21: =IFERROR(VLOOKUP(B21,OBJECTIFS!$C$76:$E$137,2,FALSE),0) -> 0 | AT21: =IFERROR(VLOOKUP(B21,OBJECTIFS!$H$76:$J$137,2,FALSE),0) -> 0 | AU21: =IF($B$5="interne",AT21/191*AH21,AT21/176*AH21) -> 0 | AW21: =IFERROR(VLOOKUP(B21,OBJECTIFS!$C$142:$E$203,2,FALSE),0) -> 0 | AX21: =IFERROR(VLOOKUP(B21,OBJECTIFS!$H$142:$J$203,2,FALSE),0) -> 0 | AY21: =IFERROR(VLOOKUP(B21,OBJECTIFS!$F$208:$H$269,3,FALSE),0) -> 0 | BA21: =IFERROR((AP21+SUM(AW21:AY21)+AU21+AR21),"") | BC21: =IFERROR(IF(OR(AI21>=2,AJ21>=8,AND(AI21=1,AJ21>=4)),0,IF(OR(AND(AI21=1,AJ21<4),AND(AI21=0,AJ21>=4,AJ21<8)),0.5,1))*AF21*(AN21-AM21)/AN21,"") -> 0 | BD21: =IF(BE21="","","è") | BE21: =IF(BC21=0,"",IF(BC21>=MAX($BC$9:$BC$78),A21,""))
H22: =IF(OR(D22="",F22="",A22=""),"",IF(E22="oui",0,IF(D22=OBJECTIFS!$C$45,VLOOKUP(F22,OBJECTIFS!$C$9:$D$11,2,FALSE),IF(D22=OBJECTIFS!$C$46,VLOOKUP(F22,OBJECTIFS!$C$16:$D$18,2,FALSE),IF(D22=OBJECTIFS!$C$47,VLOOKUP(F22,OBJECTIFS!$C$23:$D$25,2,FALSE),IF(D22=OBJECTIFS!$C$48,VLOOKUP(F22,OBJECTIFS!$C$30:$D$32,2,FALSE),IF(D22=OBJECTIFS!$C$49,VLOOKUP(F22,OBJECTIFS!$C$37:$D$39,2,FALSE)))))))) | K22: =IF(OR($A22="",$D22="",J22=""),"",SUMIFS(OBJECTIFS!E$9:E$39,OBJECTIFS!$A$9:$A$39,$D22,OBJECTIFS!$C$9:$C$39,$F22)) | L22: =IF(OR(AND($D22=OBJECTIFS!$B$6,OBJECTIFS!E$8="dmt"),AND($D22=OBJECTIFS!$B$13,OBJECTIFS!$E$15="dmt"),AND($D22=OBJECTIFS!$B$20,OBJECTIFS!$E$22="dmt"),AND($D22=OBJECTIFS!$B$27,OBJECTIFS!$E$29="dmt"),AND($D22=OBJECTIFS!$B$34,OBJECTIFS!$E$36="dmt"),AND($D22=OBJECTIFS!$B$6,OBJECTIFS!$E$8="taux de chute"),AND($D22=OBJECTIFS!$B$13,OBJECTIFS!$E$15="taux de chute"),AND($D22=OBJECTIFS!$B$20,OBJECTIFS!$E$22="taux de chute"),AND($D22=OBJECTIFS!$B$27,OBJECTIFS!$E$29="taux de chute"),AND($D22=OBJECTIFS!$B$34,OBJECTIFS!$E$36="taux de chute"),AND($D22=OBJECTIFS!$B$6,OBJECTIFS!E$8="tx mea"),AND($D22=OBJECTIFS!$B$13,OBJECTIFS!$E$15="tx mea"),AND($D22=OBJECTIFS!$B$20,OBJECTIFS!$E$22="tx mea"),AND($D22=OBJECTIFS!$B$27,OBJECTIFS!$E$29="tx mea"),AND($D22=OBJECTIFS!$B$34,OBJECTIFS!$E$36="tx mea")),IFERROR(K22/J22,""),IFERROR(J22/K22,"")) | M22: =IFERROR(IF(OR(J22="",K22="",L22=""),0,IF(L22<OBJECTIFS!$E$56,0,IF(L22<OBJECTIFS!$G$56,M$8*OBJECTIFS!$F$60,IF(L22<OBJECTIFS!$I$56,M$8*OBJECTIFS!$H$60,M$8)))),0) -> 0 | O22: =IF(OR($A22="",$D22="",N22=""),"",SUMIFS(OBJECTIFS!F$9:F$39,OBJECTIFS!$A$9:$A$39,$D22,OBJECTIFS!$C$9:$C$39,$F22)) | P22: =IF(OR(AND($D22=OBJECTIFS!$B$6,OBJECTIFS!$F$8="dmt"),AND($D22=OBJECTIFS!$B$13,OBJECTIFS!$F$15="dmt"),AND($D22=OBJECTIFS!$B$20,OBJECTIFS!$F$22="dmt"),AND($D22=OBJECTIFS!$B$27,OBJECTIFS!$F$29="dmt"),AND($D22=OBJECTIFS!$B$34,OBJECTIFS!$F$36="dmt"),AND($D22=OBJECTIFS!$B$6,OBJECTIFS!$F$8="taux de chute"),AND($D22=OBJECTIFS!$B$13,OBJECTIFS!$F$15="taux de chute"),AND($D22=OBJECTIFS!$B$20,OBJECTIFS!$F$22="taux de chute"),AND($D22=OBJECTIFS!$B$27,OBJECTIFS!$F$29="taux de chute"),AND($D22=OBJECTIFS!$B$34,OBJECTIFS!$F$36="taux de chute"),AND($D22=OBJECTIFS!$B$6,OBJECTIFS!$F$8="tx mea"),AND($D22=OBJECTIFS!$B$13,OBJECTIFS!$F$15="tx mea"),AND($D22=OBJECTIFS!$B$20,OBJECTIFS!$F$22="tx mea"),AND($D22=OBJECTIFS!$B$27,OBJECTIFS!$F$29="tx mea"),AND($D22=OBJECTIFS!$B$34,OBJECTIFS!$F$36="tx mea")),IFERROR(O22/N22,""),IFERROR(N22/O22,"")) | Q22: =IFERROR(IF(OR(N22="",O22="",P22=""),0,IF(P22<OBJECTIFS!$E$56,0,IF(P22<OBJECTIFS!$G$56,Q$8*OBJECTIFS!$F$60,IF(P22<OBJECTIFS!$I$56,Q$8*OBJECTIFS!$H$60,Q$8)))),0) -> 0 | S22: =IF(OR($A22="",$D22="",R22=""),"",SUMIFS(OBJECTIFS!G$9:G$39,OBJECTIFS!$A$9:$A$39,$D22,OBJECTIFS!$C$9:$C$39,$F22)) | T22: =IF(OR(AND($D22=OBJECTIFS!$B$6,OBJECTIFS!G$8="dmt"),AND($D22=OBJECTIFS!$B$13,OBJECTIFS!$G$15="dmt"),AND($D22=OBJECTIFS!$B$20,OBJECTIFS!$G$22="dmt"),AND($D22=OBJECTIFS!$B$27,OBJECTIFS!$G$29="dmt"),AND($D22=OBJECTIFS!$B$34,OBJECTIFS!$G$36="dmt"),AND($D22=OBJECTIFS!$B$6,OBJECTIFS!$G$8="taux de chute"),AND($D22=OBJECTIFS!$B$13,OBJECTIFS!$G$15="taux de chute"),AND($D22=OBJECTIFS!$B$20,OBJECTIFS!$G$22="taux de chute"),AND($D22=OBJECTIFS!$B$27,OBJECTIFS!$G$29="taux de chute"),AND($D22=OBJECTIFS!$B$34,OBJECTIFS!$G$36="taux de chute",AND($D22=OBJECTIFS!$B$6,OBJECTIFS!G$8="tx mea"),AND($D22=OBJECTIFS!$B$13,OBJECTIFS!$G$15="tx mea"),AND($D22=OBJECTIFS!$B$20,OBJECTIFS!$G$22="tx mea"),AND($D22=OBJECTIFS!$B$27,OBJECTIFS!$G$29="tx mea"),AND($D22=OBJECTIFS!$B$34,OBJECTIFS!$G$36="tx mea"))),IFERROR(S22/R22,""),IFERROR(R22/S22,"")) | U22: =IFERROR(IF(OR(R22="",S22="",T22=""),0,IF(T22<OBJECTIFS!$E$56,0,IF(T22<OBJECTIFS!$G$56,U$8*OBJECTIFS!$F$60,IF(T22<OBJECTIFS!$I$56,U$8*OBJECTIFS!$H$60,U$8)))),0) -> 0 | W22: =IF(OR($A22="",$D22="",V22=""),"",SUMIFS(OBJECTIFS!H$9:H$39,OBJECTIFS!$A$9:$A$39,$D22,OBJECTIFS!$C$9:$C$39,$F22)) | X22: =IF(OR(AND($D22=OBJECTIFS!$B$6,OBJECTIFS!H$8="dmt"),AND($D22=OBJECTIFS!$B$13,OBJECTIFS!$H$15="dmt"),AND($D22=OBJECTIFS!$B$20,OBJECTIFS!$H$22="dmt"),AND($D22=OBJECTIFS!$B$27,OBJECTIFS!$H$29="dmt"),AND($D22=OBJECTIFS!$B$34,OBJECTIFS!$H$36="dmt"),AND($D22=OBJECTIFS!$B$6,OBJECTIFS!$H$8="taux de chute"),AND($D22=OBJECTIFS!$B$13,OBJECTIFS!$H$15="taux de chute"),AND($D22=OBJECTIFS!$B$20,OBJECTIFS!$H$22="taux de chute"),AND($D22=OBJECTIFS!$B$27,OBJECTIFS!$H$29="taux de chute"),AND($D22=OBJECTIFS!$B$34,OBJECTIFS!$H$36="taux de chute"),AND($D22=OBJECTIFS!$B$6,OBJECTIFS!H$8="tx mea"),AND($D22=OBJECTIFS!$B$13,OBJECTIFS!$H$15="tx mea"),AND($D22=OBJECTIFS!$B$20,OBJECTIFS!$H$22="tx mea"),AND($D22=OBJECTIFS!$B$27,OBJECTIFS!$H$29="tx mea"),AND($D22=OBJECTIFS!$B$34,OBJECTIFS!$H$36="tx mea")),IFERROR(W22/V22,""),IFERROR(V22/W22,"")) | Y22: =IFERROR(IF(OR(V22="",W22="",X22=""),0,IF(X22<OBJECTIFS!$E$56,0,IF(X22<OBJECTIFS!$G$56,Y$8*OBJECTIFS!$F$60,IF(X22<OBJECTIFS!$I$56,Y$8*OBJECTIFS!$H$60,Y$8)))),0) -> 0 | AA22: =IF(OR($A22="",$D22="",Z22=""),"",SUMIFS(OBJECTIFS!I$9:I$39,OBJECTIFS!$A$9:$A$39,$D22,OBJECTIFS!$C$9:$C$39,$F22)) | AB22: =IF(OR(AND($D22=OBJECTIFS!$B$6,OBJECTIFS!I$8="dmt"),AND($D22=OBJECTIFS!$B$13,OBJECTIFS!$I$15="dmt"),AND($D22=OBJECTIFS!$B$20,OBJECTIFS!$I$22="dmt"),AND($D22=OBJECTIFS!$B$27,OBJECTIFS!$I$29="dmt"),AND($D22=OBJECTIFS!$B$34,OBJECTIFS!$I$36="dmt"),AND($D22=OBJECTIFS!$B$6,OBJECTIFS!$I$8="taux de chute"),AND($D22=OBJECTIFS!$B$13,OBJECTIFS!$I$15="taux de chute"),AND($D22=OBJECTIFS!$B$20,OBJECTIFS!$I$22="taux de chute"),AND($D22=OBJECTIFS!$B$27,OBJECTIFS!$I$29="taux de chute"),AND($D22=OBJECTIFS!$B$34,OBJECTIFS!$I$36="taux de chute"),AND($D22=OBJECTIFS!$B$6,OBJECTIFS!I$8="tx mea"),AND($D22=OBJECTIFS!$B$13,OBJECTIFS!$I$15="tx mea"),AND($D22=OBJECTIFS!$B$20,OBJECTIFS!$I$22="tx mea"),AND($D22=OBJECTIFS!$B$27,OBJECTIFS!$I$29="tx mea"),AND($D22=OBJECTIFS!$B$34,OBJECTIFS!$I$36="tx mea")),IFERROR(AA22/Z22,""),IFERROR(Z22/AA22,"")) | AC22: =IFERROR(IF(OR(Z22="",AA22="",AB22=""),0,IF(AB22<OBJECTIFS!$E$56,0,IF(AB22<OBJECTIFS!$G$56,AC$8*OBJECTIFS!$F$60,IF(AB22<OBJECTIFS!$I$56,AC$8*OBJECTIFS!$H$60,AC$8)))),0) -> 0 | AF22: =IF(AD22>=1,0,IF(AD22=1,SUMIF($J$7:$AC$8,"Nb de points",$J22:$AC22)/2,SUMIF($J$7:$AC$8,"Nb de points",$J22:$AC22))) -> 0 | AM22: =SUM(AK22:AL22,AI22) -> 0 | AN22: =AN21 -> 22 | AO22: =IFERROR(IF(IF(OR(AI22>=2,AJ22>=8,AND(AI22=1,AJ22>=4)),0,IF(OR(AND(AI22=1,AJ22<4),AND(AI22=0,AJ22>=4,AJ22<8)),50%,100%))*(AN22-AM22)/AN22=0,-100%,IF(OR(AI22>=2,AJ22>=8,AND(AI22=1,AJ22>=4)),0,IF(OR(AND(AI22=1,AJ22<4),AND(AI22=0,AJ22>=4,AJ22<8)),50%,100%))*(AN22-AM22)/AN22-1),"") -> 0 | AP22: =IFERROR((H22*AF22/100)*(1+AO22),"") | AR22: =IFERROR(VLOOKUP(B22,OBJECTIFS!$C$76:$E$137,2,FALSE),0) -> 0 | AT22: =IFERROR(VLOOKUP(B22,OBJECTIFS!$H$76:$J$137,2,FALSE),0) -> 0 | AU22: =IF($B$5="interne",AT22/191*AH22,AT22/176*AH22) -> 0 | AW22: =IFERROR(VLOOKUP(B22,OBJECTIFS!$C$142:$E$203,2,FALSE),0) -> 0 | AX22: =IFERROR(VLOOKUP(B22,OBJECTIFS!$H$142:$J$203,2,FALSE),0) -> 0 | AY22: =IFERROR(VLOOKUP(B22,OBJECTIFS!$F$208:$H$269,3,FALSE),0) -> 0 | BA22: =IFERROR((AP22+SUM(AW22:AY22)+AU22+AR22),"") | BC22: =IFERROR(IF(OR(AI22>=2,AJ22>=8,AND(AI22=1,AJ22>=4)),0,IF(OR(AND(AI22=1,AJ22<4),AND(AI22=0,AJ22>=4,AJ22<8)),0.5,1))*AF22*(AN22-AM22)/AN22,"") -> 0 | BD22: =IF(BE22="","","è") | BE22: =IF(BC22=0,"",IF(BC22>=MAX($BC$9:$BC$78),A22,""))
... H79: =IF(OR(D79="",F79="",A79=""),"",IF(E79="oui",0,IF(D79=OBJECTIFS!$C$45,VLOOKUP(F79,OBJECTIFS!$C$9:$D$11,2,FALSE),IF(D79=OBJECTIFS!$C$46,VLOOKUP(F79,OBJECTIFS!$C$16:$D$18,2,FALSE),IF(D79=OBJECTIFS!$C$47,VLOOKUP(F79,OBJECTIFS!$C$23:$D$25,2,FALSE),IF(D79=OBJECTIFS!$C$48,VLOOKUP(F79,OBJECTIFS!$C$30:$D$32,2,FALSE),IF(D79=OBJECTIFS!$C$49,VLOOKUP(F79,OBJECTIFS!$C$37:$D$39,2,FALSE)))))))) | K79: =IF(OR($A79="",$D79="",J79=""),"",SUMIFS(OBJECTIFS!E$9:E$39,OBJECTIFS!$A$9:$A$39,$D79,OBJECTIFS!$C$9:$C$39,$F79)) | L79: =IF(OR(AND($D79=OBJECTIFS!$B$6,OBJECTIFS!E$8="dmt"),AND($D79=OBJECTIFS!$B$13,OBJECTIFS!$E$15="dmt"),AND($D79=OBJECTIFS!$B$20,OBJECTIFS!$E$22="dmt"),AND($D79=OBJECTIFS!$B$27,OBJECTIFS!$E$29="dmt"),AND($D79=OBJECTIFS!$B$34,OBJECTIFS!$E$36="dmt"),AND($D79=OBJECTIFS!$B$6,OBJECTIFS!$E$8="taux de chute"),AND($D79=OBJECTIFS!$B$13,OBJECTIFS!$E$15="taux de chute"),AND($D79=OBJECTIFS!$B$20,OBJECTIFS!$E$22="taux de chute"),AND($D79=OBJECTIFS!$B$27,OBJECTIFS!$E$29="taux de chute"),AND($D79=OBJECTIFS!$B$34,OBJECTIFS!$E$36="taux de chute"),AND($D79=OBJECTIFS!$B$6,OBJECTIFS!E$8="tx mea"),AND($D79=OBJECTIFS!$B$13,OBJECTIFS!$E$15="tx mea"),AND($D79=OBJECTIFS!$B$20,OBJECTIFS!$E$22="tx mea"),AND($D79=OBJECTIFS!$B$27,OBJECTIFS!$E$29="tx mea"),AND($D79=OBJECTIFS!$B$34,OBJECTIFS!$E$36="tx mea")),IFERROR(K79/J79,""),IFERROR(J79/K79,"")) | M79: =IFERROR(IF(OR(J79="",K79="",L79=""),0,IF(L79<OBJECTIFS!$E$56,0,IF(L79<OBJECTIFS!$G$56,M$8*OBJECTIFS!$F$60,IF(L79<OBJECTIFS!$I$56,M$8*OBJECTIFS!$H$60,M$8)))),0) -> 0 | O79: =IF(OR($A79="",$D79="",N79=""),"",SUMIFS(OBJECTIFS!F$9:F$39,OBJECTIFS!$A$9:$A$39,$D79,OBJECTIFS!$C$9:$C$39,$F79)) | P79: =IF(OR(AND($D79=OBJECTIFS!$B$6,OBJECTIFS!$F$8="dmt"),AND($D79=OBJECTIFS!$B$13,OBJECTIFS!$F$15="dmt"),AND($D79=OBJECTIFS!$B$20,OBJECTIFS!$F$22="dmt"),AND($D79=OBJECTIFS!$B$27,OBJECTIFS!$F$29="dmt"),AND($D79=OBJECTIFS!$B$34,OBJECTIFS!$F$36="dmt"),AND($D79=OBJECTIFS!$B$6,OBJECTIFS!$F$8="taux de chute"),AND($D79=OBJECTIFS!$B$13,OBJECTIFS!$F$15="taux de chute"),AND($D79=OBJECTIFS!$B$20,OBJECTIFS!$F$22="taux de chute"),AND($D79=OBJECTIFS!$B$27,OBJECTIFS!$F$29="taux de chute"),AND($D79=OBJECTIFS!$B$34,OBJECTIFS!$F$36="taux de chute"),AND($D79=OBJECTIFS!$B$6,OBJECTIFS!$F$8="tx mea"),AND($D79=OBJECTIFS!$B$13,OBJECTIFS!$F$15="tx mea"),AND($D79=OBJECTIFS!$B$20,OBJECTIFS!$F$22="tx mea"),AND($D79=OBJECTIFS!$B$27,OBJECTIFS!$F$29="tx mea"),AND($D79=OBJECTIFS!$B$34,OBJECTIFS!$F$36="tx mea")),IFERROR(O79/N79,""),IFERROR(N79/O79,"")) | Q79: =IFERROR(IF(OR(N79="",O79="",P79=""),0,IF(P79<OBJECTIFS!$E$56,0,IF(P79<OBJECTIFS!$G$56,Q$8*OBJECTIFS!$F$60,IF(P79<OBJECTIFS!$I$56,Q$8*OBJECTIFS!$H$60,Q$8)))),0) -> 0 | S79: =IF(OR($A79="",$D79="",R79=""),"",SUMIFS(OBJECTIFS!G$9:G$39,OBJECTIFS!$A$9:$A$39,$D79,OBJECTIFS!$C$9:$C$39,$F79)) | T79: =IF(OR(AND($D79=OBJECTIFS!$B$6,OBJECTIFS!G$8="dmt"),AND($D79=OBJECTIFS!$B$13,OBJECTIFS!$G$15="dmt"),AND($D79=OBJECTIFS!$B$20,OBJECTIFS!$G$22="dmt"),AND($D79=OBJECTIFS!$B$27,OBJECTIFS!$G$29="dmt"),AND($D79=OBJECTIFS!$B$34,OBJECTIFS!$G$36="dmt"),AND($D79=OBJECTIFS!$B$6,OBJECTIFS!$G$8="taux de chute"),AND($D79=OBJECTIFS!$B$13,OBJECTIFS!$G$15="taux de chute"),AND($D79=OBJECTIFS!$B$20,OBJECTIFS!$G$22="taux de chute"),AND($D79=OBJECTIFS!$B$27,OBJECTIFS!$G$29="taux de chute"),AND($D79=OBJECTIFS!$B$34,OBJECTIFS!$G$36="taux de chute",AND($D79=OBJECTIFS!$B$6,OBJECTIFS!G$8="tx mea"),AND($D79=OBJECTIFS!$B$13,OBJECTIFS!$G$15="tx mea"),AND($D79=OBJECTIFS!$B$20,OBJECTIFS!$G$22="tx mea"),AND($D79=OBJECTIFS!$B$27,OBJECTIFS!$G$29="tx mea"),AND($D79=OBJECTIFS!$B$34,OBJECTIFS!$G$36="tx mea"))),IFERROR(S79/R79,""),IFERROR(R79/S79,"")) | U79: =IFERROR(IF(OR(R79="",S79="",T79=""),0,IF(T79<OBJECTIFS!$E$56,0,IF(T79<OBJECTIFS!$G$56,U$8*OBJECTIFS!$F$60,IF(T79<OBJECTIFS!$I$56,U$8*OBJECTIFS!$H$60,U$8)))),0) -> 0 | W79: =IF(OR($A79="",$D79="",V79=""),"",SUMIFS(OBJECTIFS!H$9:H$39,OBJECTIFS!$A$9:$A$39,$D79,OBJECTIFS!$C$9:$C$39,$F79)) | X79: =IF(OR(AND($D79=OBJECTIFS!$B$6,OBJECTIFS!H$8="dmt"),AND($D79=OBJECTIFS!$B$13,OBJECTIFS!$H$15="dmt"),AND($D79=OBJECTIFS!$B$20,OBJECTIFS!$H$22="dmt"),AND($D79=OBJECTIFS!$B$27,OBJECTIFS!$H$29="dmt"),AND($D79=OBJECTIFS!$B$34,OBJECTIFS!$H$36="dmt"),AND($D79=OBJECTIFS!$B$6,OBJECTIFS!$H$8="taux de chute"),AND($D79=OBJECTIFS!$B$13,OBJECTIFS!$H$15="taux de chute"),AND($D79=OBJECTIFS!$B$20,OBJECTIFS!$H$22="taux de chute"),AND($D79=OBJECTIFS!$B$27,OBJECTIFS!$H$29="taux de chute"),AND($D79=OBJECTIFS!$B$34,OBJECTIFS!$H$36="taux de chute"),AND($D79=OBJECTIFS!$B$6,OBJECTIFS!H$8="tx mea"),AND($D79=OBJECTIFS!$B$13,OBJECTIFS!$H$15="tx mea"),AND($D79=OBJECTIFS!$B$20,OBJECTIFS!$H$22="tx mea"),AND($D79=OBJECTIFS!$B$27,OBJECTIFS!$H$29="tx mea"),AND($D79=OBJECTIFS!$B$34,OBJECTIFS!$H$36="tx mea")),IFERROR(W79/V79,""),IFERROR(V79/W79,"")) | Y79: =IFERROR(IF(OR(V79="",W79="",X79=""),0,IF(X79<OBJECTIFS!$E$56,0,IF(X79<OBJECTIFS!$G$56,Y$8*OBJECTIFS!$F$60,IF(X79<OBJECTIFS!$I$56,Y$8*OBJECTIFS!$H$60,Y$8)))),0) -> 0 | AA79: =IF(OR($A79="",$D79="",Z79=""),"",SUMIFS(OBJECTIFS!I$9:I$39,OBJECTIFS!$A$9:$A$39,$D79,OBJECTIFS!$C$9:$C$39,$F79)) | AB79: =IF(OR(AND($D79=OBJECTIFS!$B$6,OBJECTIFS!I$8="dmt"),AND($D79=OBJECTIFS!$B$13,OBJECTIFS!$I$15="dmt"),AND($D79=OBJECTIFS!$B$20,OBJECTIFS!$I$22="dmt"),AND($D79=OBJECTIFS!$B$27,OBJECTIFS!$I$29="dmt"),AND($D79=OBJECTIFS!$B$34,OBJECTIFS!$I$36="dmt"),AND($D79=OBJECTIFS!$B$6,OBJECTIFS!$I$8="taux de chute"),AND($D79=OBJECTIFS!$B$13,OBJECTIFS!$I$15="taux de chute"),AND($D79=OBJECTIFS!$B$20,OBJECTIFS!$I$22="taux de chute"),AND($D79=OBJECTIFS!$B$27,OBJECTIFS!$I$29="taux de chute"),AND($D79=OBJECTIFS!$B$34,OBJECTIFS!$I$36="taux de chute"),AND($D79=OBJECTIFS!$B$6,OBJECTIFS!I$8="tx mea"),AND($D79=OBJECTIFS!$B$13,OBJECTIFS!$I$15="tx mea"),AND($D79=OBJECTIFS!$B$20,OBJECTIFS!$I$22="tx mea"),AND($D79=OBJECTIFS!$B$27,OBJECTIFS!$I$29="tx mea"),AND($D79=OBJECTIFS!$B$34,OBJECTIFS!$I$36="tx mea")),IFERROR(AA79/Z79,""),IFERROR(Z79/AA79,"")) | AC79: =IFERROR(IF(OR(Z79="",AA79="",AB79=""),0,IF(AB79<OBJECTIFS!$E$56,0,IF(AB79<OBJECTIFS!$G$56,AC$8*OBJECTIFS!$F$60,IF(AB79<OBJECTIFS!$I$56,AC$8*OBJECTIFS!$H$60,AC$8)))),0) -> 0 | AF79: =IF(AD79>=1,0,IF(AD79=1,SUMIF($J$7:$AC$8,"Nb de points",$J79:$AC79)/2,SUMIF($J$7:$AC$8,"Nb de points",$J79:$AC79))) -> 0 | AM79: =SUM(AK79:AL79,AI79) -> 0 | AN79: =AN78 -> 22 | AO79: =IFERROR(IF(IF(OR(AI79>=2,AJ79>=8,AND(AI79=1,AJ79>=4)),0,IF(OR(AND(AI79=1,AJ79<4),AND(AI79=0,AJ79>=4,AJ79<8)),50%,100%))*(AN79-AM79)/AN79=0,-100%,IF(OR(AI79>=2,AJ79>=8,AND(AI79=1,AJ79>=4)),0,IF(OR(AND(AI79=1,AJ79<4),AND(AI79=0,AJ79>=4,AJ79<8)),50%,100%))*(AN79-AM79)/AN79-1),"") -> 0 | AP79: =IFERROR((H79*AF79/100)*(1+AO79),"") | AR79: =IFERROR(VLOOKUP(B79,OBJECTIFS!$C$76:$E$137,2,FALSE),0) -> 0 | AT79: =IFERROR(VLOOKUP(B79,OBJECTIFS!$H$76:$J$137,2,FALSE),0) -> 0 | AU79: =IF($B$5="interne",AT79/191*AH79,AT79/176*AH79) -> 0 | AW79: =IFERROR(VLOOKUP(B79,OBJECTIFS!$C$142:$E$203,2,FALSE),0) -> 0 | AX79: =IFERROR(VLOOKUP(B79,OBJECTIFS!$H$142:$J$203,2,FALSE),0) -> 0 | AY79: =IFERROR(VLOOKUP(B79,OBJECTIFS!$F$208:$H$269,3,FALSE),0) -> 0 | BA79: =IFERROR((AP79+SUM(AW79:AY79)+AU79+AR79),"") | BC79: =IFERROR(IF(OR(AI79>=2,AJ79>=8,AND(AI79=1,AJ79>=4)),0,IF(OR(AND(AI79=1,AJ79<4),AND(AI79=0,AJ79>=4,AJ79<8)),0.5,1))*AF79*(AN79-AM79)/AN79,"") -> 0 | BD79: =IF(BE79="","","è") | BE79: =IF(BC79=0,"",IF(BC79>=MAX($BC$9:$BC$78),A79,""))
AR80: =IF(SUM(AR9:AR79)=SUM(OBJECTIFS!D76:E137),"OK","ALERTE") -> OK | AT80: =IF(SUM(AT9:AT79)=SUM(OBJECTIFS!I76:J137),"OK","ALERTE") -> OK | AW80: =IF(SUM(AW9:AW79)=SUM(OBJECTIFS!D142:E203),"OK","ALERTE") -> OK | AX80: =IF(SUM(AX9:AX79)=SUM(OBJECTIFS!I142:J203),"OK","ALERTE") -> OK | AY80: =IF(SUM(AY9:AY79)=SUM(OBJECTIFS!H208:H269),"OK","ALERTE") -> OK
J81: =J7 -> DMT | N81: =N7 -> CVR | R81: =R7 -> Avg NBR | V81: =V7 -> Tx MEA | Z81: =Z7 -> Note qualité | AR81: Prime moyenne | AY81: Projet | BA81: =IFERROR(AVERAGE($BA$9:$BA$79),"")
A82: aaaa | J82: Résultat | K82: Objectif | L82: % d'att. | N82: Résultat | O82: Objectif | P82: % d'att. | R82: Résultat | S82: Objectif | T82: % d'att. | V82: Résultat | W82: Objectif | X82: % d'att. | Z82: Résultat | AA82: Objectif | AB82: % d'att. | AY82: Débutant | BA82: =IFERROR(SUMIF($F$9:$F$79,AY82,$BA$9:$BA$79)/COUNTIF($F$9:$F$79,AY82),"")
J83: =IFERROR(AVERAGEIFS(J$9:J$79,$C$9:$C$79,$A$82),"") | K83: =IFERROR(AVERAGEIFS(K$9:K$79,$C$9:$C$79,$A$82),"") | L83: =IFERROR(J83/K83,"") | N83: =IFERROR(AVERAGEIFS(N$9:N$79,$C$9:$C$79,$A$82),"") | O83: =IFERROR(AVERAGEIFS(O$9:O$79,$C$9:$C$79,$A$82),"") | P83: =IFERROR(N83/O83,"") | R83: =IFERROR(AVERAGEIFS(R$9:R$79,$C$9:$C$79,$A$82),"") | S83: =IFERROR(AVERAGEIFS(S$9:S$79,$C$9:$C$79,$A$82),"") | T83: =IFERROR(R83/S83,"") | V83: =IFERROR(AVERAGEIFS(V$9:V$79,$C$9:$C$79,$A$82),"") | W83: =IFERROR(AVERAGEIFS(W$9:W$79,$C$9:$C$79,$A$82),"") | X83: =IFERROR(V83/W83,"") | Z83: =IFERROR(AVERAGEIFS(Z$9:Z$79,$C$9:$C$79,$A$82),"") | AA83: =IFERROR(AVERAGEIFS(AA$9:AA$79,$C$9:$C$79,$A$82),"") | AB83: =IFERROR(Z83/AA83,"") | AY83: Confirmé | BA83: =IFERROR(SUMIF($F$9:$F$79,AY83,$BA$9:$BA$79)/COUNTIF($F$9:$F$79,AY83),"")
AY84: Sénior | BA84: =IFERROR(SUMIF($F$9:$F$79,AY84,$BA$9:$BA$79)/COUNTIF($F$9:$F$79,AY84),"")
AR85: Montant total de la prime | BA85: =SUM(BA9:BA79) -> 0
BA86: =IFERROR(SUMIF($E$9:$E$78,#REF!,$BA$9:$BA$79)/COUNTIF($E$9:$E$78,#REF!),"")

Sheet OBJECTIFS
B1: Auteur EG:
B2: Date émission EG:
D4: Nb de points | E4: 45 | F4: 10 | G4: 10 | H4: 15 | I4: 20 | J4: MALUS
E5: =E8 -> DMT | F5: =F8 -> CVR | G5: =G8 -> Avg NBR | H5: =H8 -> Tx MEA | I5: =I8 -> Note qualité | J5: KPI6
A6: =B6 -> CP GERMANO SA | B6: =IF($C$45=0,"",$C$45) -> CP GERMANO SA | C6: Statut | D6: Prime (Montant Brut) | E6: Objectifs / Indicateurs / Statuts
A7: =B6 -> CP GERMANO SA | E7: Productivité | H7: Qualité | J7: Sat Client
A8: =B6 -> CP GERMANO SA | E8: =IFERROR(VLOOKUP($B6,Matrice,3,FALSE),"") -> DMT | F8: =IFERROR(VLOOKUP($B6,Matrice,4,FALSE),"") -> CVR | G8: =IFERROR(VLOOKUP($B6,Matrice,5,FALSE),"") -> Avg NBR | H8: =IFERROR(VLOOKUP($B6,Matrice,6,FALSE),"") -> Tx MEA | I8: =IFERROR(VLOOKUP($B6,Matrice,7,FALSE),"") -> Note qualité | J8: =IFERROR(VLOOKUP($B6,Matrice,8,FALSE),"") -> INTITULE KPI6
A9: =B6 -> CP GERMANO SA | C9: Débutant | D9: 1200 | E9: 350 | F9: 0.02 | G9: 750 | H9: 0.1 | I9: 0.8 | J9: 0
A10: =B6 -> CP GERMANO SA | C10: Confirmé | D10: 1200 | E10: 300 | F10: 0.03 | G10: 900 | H10: 0.05 | I10: 0.85 | J10: 0
A11: =B6 -> CP GERMANO SA | C11: Sénior | D11: 1200 | E11: 240 | F11: 0.04 | G11: 100 | H11: 0.02 | I11: 0.9 | J11: 0
A13: =B13 | B13: =IF($C$46=0,"",$C$46) | C13: =C6 -> Statut | D13: =D6 -> Prime (Montant Brut) | E13: Objectifs / Indicateurs / Statuts
A14: =B13 | E14: Productivité | H14: Qualité | J14: Sat Client
A15: =B13 | E15: =IFERROR(VLOOKUP($B13,Matrice,3,FALSE),"") | F15: =IFERROR(VLOOKUP($B13,Matrice,4,FALSE),"") | G15: =IFERROR(VLOOKUP($B13,Matrice,5,FALSE),"") | H15: =IFERROR(VLOOKUP($B13,Matrice,6,FALSE),"") | I15: =IFERROR(VLOOKUP($B13,Matrice,7,FALSE),"") | J15: =IFERROR(VLOOKUP($B13,Matrice,8,FALSE),"")
A16: =B13 | C16: =C9 -> Débutant | D16: 1200 | J16: 0
A17: =B13 | C17: =C10 -> Confirmé | D17: 1200 | J17: 0
A18: =B13 | C18: =C11 -> Sénior | D18: 1200 | J18: 0
A20: =B20 | B20: =IF($C$47=0,"",$C$47) | C20: =C6 -> Statut | D20: =D6 -> Prime (Montant Brut) | E20: Objectifs / Indicateurs / Statuts
A21: =B20 | E21: Productivité | H21: Qualité | J21: Sat Client
A22: =B20 | E22: =IFERROR(VLOOKUP($B20,Matrice,3,FALSE),"") | F22: =IFERROR(VLOOKUP($B20,Matrice,4,FALSE),"") | G22: =IFERROR(VLOOKUP($B20,Matrice,5,FALSE),"") | H22: =IFERROR(VLOOKUP($B20,Matrice,6,FALSE),"") | I22: =IFERROR(VLOOKUP($B20,Matrice,7,FALSE),"") | J22: =IFERROR(VLOOKUP($B20,Matrice,8,FALSE),"")
A23: =B20 | C23: =C9 -> Débutant | D23: 1200 | J23: 0
A24: =B20 | C24: =C10 -> Confirmé | D24: 960 | J24: 0
A25: =B20 | C25: =C11 -> Sénior | D25: 960 | J25: 0
A27: =B27 | B27: =IF($C$48=0,"",$C$48) | C27: =C6 -> Statut | D27: =D6 -> Prime (Montant Brut) | E27: Objectifs / Indicateurs / Statuts
A28: =B27 | E28: Productivité | H28: Qualité | J28: Sat Client
A29: =B27 | E29: =IFERROR(VLOOKUP($B27,Matrice,3,FALSE),"") | F29: =IFERROR(VLOOKUP($B27,Matrice,4,FALSE),"") | G29: =IFERROR(VLOOKUP($B27,Matrice,5,FALSE),"") | H29: =IFERROR(VLOOKUP($B27,Matrice,6,FALSE),"") | I29: =IFERROR(VLOOKUP($B27,Matrice,7,FALSE),"") | J29: =IFERROR(VLOOKUP($B27,Matrice,8,FALSE),"")
A30: =B27 | C30: =C9 -> Débutant | D30: 960 | J30: 0
A31: =B27 | C31: =C10 -> Confirmé | D31: 960 | J31: 0
A32: =B27 | C32: =C11 -> Sénior | D32: 960 | J32: 0
A34: =B34 | B34: =IF($C$48=0,"",$C$49) | C34: =C13 -> Statut | D34: =D13 -> Prime (Montant Brut) | E34: Objectifs / Indicateurs / Statuts
A35: =B34 | E35: Productivité | H35: Qualité | J35: Sat Client
A36: =B34 | E36: =IFERROR(VLOOKUP($B34,Matrice,3,FALSE),"") | F36: =IFERROR(VLOOKUP($B34,Matrice,4,FALSE),"") | G36: =IFERROR(VLOOKUP($B34,Matrice,5,FALSE),"") | H36: =IFERROR(VLOOKUP($B34,Matrice,6,FALSE),"") | I36: =IFERROR(VLOOKUP($B34,Matrice,7,FALSE),"") | J36: =IFERROR(VLOOKUP($B34,Matrice,8,FALSE),"")
A37: =B34 | C37: =C16 -> Débutant | D37: 960 | J37: 0
A38: =B34 | C38: =C17 -> Confirmé | D38: 960 | J38: 0
A39: =B34 | C39: =C18 -> Sénior | D39: 1440 | J39: 0
C43: Matrice des indicateurs par typologie d'activité
C45: CP GERMANO SA | E45: DMT | F45: CVR | G45: Avg NBR | H45: Tx MEA | I45: Note qualité | J45: INTITULE KPI6
E52: Paliers VS % Points
E54: Min | G54: Objectif | I54: Max
E56: 0.85 | G56: 0.9 | I56: 1
F58: Palier 1 | H58: Palier 2 | J58: Palier 3
F60: 0.85 | H60: 0.9 | J60: 1
E63: Matrice des primes bonus sur l'activité
E65: PRIME | G65: DENOMINATION PRIME
E66: PRIME 1 | G66: MISSION
E67: PRIME 2 | G67: PRIME DE LANGUE
E68: PRIME 3
E69: PRIME 4
E71: Liste des bénéficiaires des différents bonus
B73: =IF(G66="",E66,G66) -> MISSION | G73: =IF(G67="",E67,G67) -> PRIME DE LANGUE
B75: Noms prénoms | C75: Matricule | D75: Montant Prime | G75: Noms prénoms | H75: Matricule | I75: Montant Prime
B139: =IF(G68="",E68,G68) -> PRIME 3 | G139: =IF(G69="",E69,G69) -> PRIME 4
B141: Noms prénoms | C141: Matricule | D141: Montant Prime | G141: Noms prénoms | H141: Matricule | I141: Montant Prime
D205: SUPER BONUS VENTES
E207: Noms prénoms | F207: Matricule | G207: Réalisation | H207: Montant Prime
H208: =IFERROR(VLOOKUP(G208,$C$276:$G$328,4,TRUE),0) -> 0
H209: =IFERROR(VLOOKUP(G209,$C$276:$G$328,4,TRUE),0) -> 0
H210: =IFERROR(VLOOKUP(G210,$C$276:$G$328,4,TRUE),0) -> 0
H211: =IFERROR(VLOOKUP(G211,$C$276:$G$328,4,TRUE),0) -> 0
H212: =IFERROR(VLOOKUP(G212,$C$276:$G$328,4,TRUE),0) -> 0
H213: =IFERROR(VLOOKUP(G213,$C$276:$G$328,4,TRUE),0) -> 0
H214: =IFERROR(VLOOKUP(G214,$C$276:$G$328,4,TRUE),0) -> 0
H215: =IFERROR(VLOOKUP(G215,$C$276:$G$328,4,TRUE),0) -> 0
H216: =IFERROR(VLOOKUP(G216,$C$276:$G$328,4,TRUE),0) -> 0
H217: =IFERROR(VLOOKUP(G217,$C$276:$G$328,4,TRUE),0) -> 0
H218: =IFERROR(VLOOKUP(G218,$C$276:$G$328,4,TRUE),0) -> 0
H219: =IFERROR(VLOOKUP(G219,$C$276:$G$328,4,TRUE),0) -> 0
... H269: =IFERROR(VLOOKUP(G269,$C$276:$G$328,4,TRUE),0) -> 0
C271: pay plan du super bonus vente/RDV
B273: TAUX DE CHANGE | C273: 10.5 | E273: BASE SUPER BONUS | F273: A RENSEIGNER | H273: PRIX RDV
C276: CA Net / RDV Net | E276: Commission | F276: Montant Cible (BRUT) | G276: Tx de Prime/CA
E277: =IFERROR(G277*C277,"") -> 0 | G277: =IFERROR((IF($F$273="VENTES",F277/(C277*$C$273),IF($F$273="RDV",F277/(C277*$I$273*$C$273),0))),"") -> 0
E278: =IFERROR(G278*C278,"") -> 0 | G278: =IFERROR((IF($F$273="VENTES",F278/(C278*$C$273),IF($F$273="RDV",F278/(C278*$I$273*$C$273),0))),"") -> 0
E279: =IFERROR(G279*C279,"") -> 0 | G279: =IFERROR((IF($F$273="VENTES",F279/(C279*$C$273),IF($F$273="RDV",F279/(C279*$I$273*$C$273),0))),"") -> 0
E280: =IFERROR(G280*C280,"") -> 0 | G280: =IFERROR((IF($F$273="VENTES",F280/(C280*$C$273),IF($F$273="RDV",F280/(C280*$I$273*$C$273),0))),"") -> 0
E281: =IFERROR(G281*C281,"") -> 0 | G281: =IFERROR((IF($F$273="VENTES",F281/(C281*$C$273),IF($F$273="RDV",F281/(C281*$I$273*$C$273),0))),"") -> 0
E282: =IFERROR(G282*C282,"") -> 0 | G282: =IFERROR((IF($F$273="VENTES",F282/(C282*$C$273),IF($F$273="RDV",F282/(C282*$I$273*$C$273),0))),"") -> 0
E283: =IFERROR(G283*C283,"") -> 0 | G283: =IFERROR((IF($F$273="VENTES",F283/(C283*$C$273),IF($F$273="RDV",F283/(C283*$I$273*$C$273),0))),"") -> 0
E284: =IFERROR(G284*C284,"") -> 0 | G284: =IFERROR((IF($F$273="VENTES",F284/(C284*$C$273),IF($F$273="RDV",F284/(C284*$I$273*$C$273),0))),"") -> 0
E285: =IFERROR(G285*C285,"") -> 0 | G285: =IFERROR((IF($F$273="VENTES",F285/(C285*$C$273),IF($F$273="RDV",F285/(C285*$I$273*$C$273),0))),"") -> 0
E286: =IFERROR(G286*C286,"") -> 0 | G286: =IFERROR((IF($F$273="VENTES",F286/(C286*$C$273),IF($F$273="RDV",F286/(C286*$I$273*$C$273),0))),"") -> 0
E287: =IFERROR(G287*C287,"") -> 0 | G287: =IFERROR((IF($F$273="VENTES",F287/(C287*$C$273),IF($F$273="RDV",F287/(C287*$I$273*$C$273),0))),"") -> 0
E288: =IFERROR(G288*C288,"") -> 0 | G288: =IFERROR((IF($F$273="VENTES",F288/(C288*$C$273),IF($F$273="RDV",F288/(C288*$I$273*$C$273),0))),"") -> 0
... E305: =IFERROR(G305*C305,"") -> 0 | G305: =IFERROR((IF($F$273="VENTES",F305/(C305*$C$273),IF($F$273="RDV",F305/(C305*$I$273*$C$273),0))),"") -> 0
G306: =IFERROR((IF($F$273="VENTES",F306/(C306*$C$273),IF($F$273="RDV",F306/(C306*$I$273*$C$273),0))),"") -> 0
G307: =IFERROR((IF($F$273="VENTES",F307/(C307*$C$273),IF($F$273="RDV",F307/(C307*$I$273*$C$273),0))),"") -> 0
G308: =IFERROR((IF($F$273="VENTES",F308/(C308*$C$273),IF($F$273="RDV",F308/(C308*$I$273*$C$273),0))),"") -> 0
G309: =IFERROR((IF($F$273="VENTES",F309/(C309*$C$273),IF($F$273="RDV",F309/(C309*$I$273*$C$273),0))),"") -> 0
G310: =IFERROR((IF($F$273="VENTES",F310/(C310*$C$273),IF($F$273="RDV",F310/(C310*$I$273*$C$273),0))),"") -> 0
G311: =IFERROR((IF($F$273="VENTES",F311/(C311*$C$273),IF($F$273="RDV",F311/(C311*$I$273*$C$273),0))),"") -> 0
G312: =IFERROR((IF($F$273="VENTES",F312/(C312*$C$273),IF($F$273="RDV",F312/(C312*$I$273*$C$273),0))),"") -> 0
G313: =IFERROR((IF($F$273="VENTES",F313/(C313*$C$273),IF($F$273="RDV",F313/(C313*$I$273*$C$273),0))),"") -> 0
G314: =IFERROR((IF($F$273="VENTES",F314/(C314*$C$273),IF($F$273="RDV",F314/(C314*$I$273*$C$273),0))),"") -> 0
G315: =IFERROR((IF($F$273="VENTES",F315/(C315*$C$273),IF($F$273="RDV",F315/(C315*$I$273*$C$273),0))),"") -> 0
G316: =IFERROR((IF($F$273="VENTES",F316/(C316*$C$273),IF($F$273="RDV",F316/(C316*$I$273*$C$273),0))),"") -> 0
G317: =IFERROR((IF($F$273="VENTES",F317/(C317*$C$273),IF($F$273="RDV",F317/(C317*$I$273*$C$273),0))),"") -> 0
... G341: =IFERROR((IF($F$273="VENTES",F341/(C341*$C$273),IF($F$273="RDV",F341/(C341*$I$273*$C$273),0))),"") -> 0
