Workbook
Name Matrice: OBJECTIFS!$C$45:$J$49

Sheet Cartouche
A5: CARTOUCHE
A7: DOCUMENT
A8: Référence | B8: MCC_S01_FEG-GRILLE BUSINESS HTLV_PRIMES AGENT-ACTIVITE
A9: Intitulé | B9: Grille de prime agent pour business hors télèvente
A10: Qui le remplit | B10: Chef de projet
A11: Quand le remplir | B11: avant le 10 de chaque mois
A12: A qui l'envoyer | B12: Directeur Général, Directeur des Opérations, DRH, Responsable Service Administratif RH
A13: Diffusion | B13: Prod et service paie
A16: TITRES | C16: DESIGNATION | E16: FORMAT
A17: Manager | C17: Nom du manager responsable de l'équipe | E17: Texte
A18: Opération | C18: Nom de l'opération ( Liste de choix) | E18: Texte
A19: Matricule | C19: Le matricule de l'agent | E19: alpha numérique
A20: Statut | C20: Liste de choix des différents statuts agent | E20: Texte
A21: Montant Cible | C21: Le montant total possible de la prime | E21: Monétaire
A22: Productivité | C22: Engloble 3 indicateurs quantitatifs de l'activité | E22: Nombre
A23: Qualité | C23: Englobe 2 indicateurs qualitatifs de l'activité | E23: Nombre
A24: Satisfaction client | C24: Le nombre de réclamations sur agent : Elément déclencheur de la prime) | E24: Nombre
A25: Heures produites | C25: les heures produites par l'agent en M-1 | E25: Nombre
A26: Assiduité, Comportement & Prorata | C26: Absences, retards, congés … etc. (Plus les mesures disciplinaires) | E26: Nombre
A27: Malus (en %) | C27: Taux de malus appliqué à la totalité de la prime | E27: Pourcentage
... A32: SOURCE PLANILICATION | C32: préciser si la planification des ressources se fait à notre niveau (interne) ou par le client | E32: Texte
A51: TABLEAU DE REVISION
A53: DATE | B53: VERSION | C53: NATURE MODIFICATION | D53: REDACTEUR | E53: VERIFICATEUR | F53: APPROBATEUR
A54: 40817 | B54: 1 | C54: Création | D54: Hamid ABDI | E54: FZ FATIH | F54: ZAKIA SLAOUI
A55: 40857 | B55: 2 | C55: Refonte de la grille | D55: Hamid ABDI | E55: FZ FATIH | F55: ZAKIA SLAOUI
A56: 44970 | B56: 3 | C56: Refonte de la grille: séparation des grilles activités téléventes et hors télévente | D56: FATIH FATIMA ZAHRA | E56: FATIH FATIMA ZAHRA | F56: FATIH FATIMA ZAHRA
A57: 45162 | B57: 4 | C57: Ajout ligne et correction formule de la proratisation de la prime de langue ajout notion planification interne et client | D57: FATIH FATIMA ZAHRA | E57: FATIH FATIMA ZAHRA | F57: FATIH FATIMA ZAHRA
A58: 45812 | B58: 5 | C58: Modification du malus réclamation client | D58: FATIH FATIMA ZAHRA | E58: FATIH FATIMA ZAHRA | F58: FATIH FATIMA ZAHRA

Sheet Variable
J1: Eléments déclencheurs = Réclamation client Agent | AH1: Règles d'assiduité | AR1: En cas d'execo on choisit par ordre
A2: Auteur EG: | J2: 1 réclamation client sur le mois | O2: Toute la prime est perdue | AH2: 1 Absence injustifiée ou 4 Retards | AM2: Moitié de la prime est perdue | AR2: 1 | AS2: Le statut le plus Haut
A3: Date émission EG: | AH3: 2 Absences injustifiée ou 8 Retards ou sanction | AM3: Totalité de la prime est perdue | AR3: 2 | AS3: La progression en nombre de points /mois précédent
AR4: 3 | AS4: Le nombre moyen de points du dernier trimestre
A5: SOURCE PLANILICATION | B5: Interne
A6: Noms prénoms | B6: Matricule | C6: Manager | D6: Opération | E6: Sanction disciplinaire | F6: Statut | H6: Montant Cible | J6: Productivité | V6: Qualité | AD6: Satisfaction client | AF6: Nb de points avant l'assiduité | AH6: Assiduité, Comportement & Prorata | AO6: Malus (en %) | AP6: Montant de la prime hors Super Bonus | AR6: =+IF(OBJECTIFS!G66="","BONUS 1",OBJECTIFS!G66) -> MISSION | AS6: =+IF(OBJECTIFS!G67="","BONUS 2",OBJECTIFS!G67) -> PRIME DE LANGUE | AT6: =+IF(OBJECTIFS!G68="","BONUS 3",OBJECTIFS!G68) -> BONUS 3 | AU6: =+IF(OBJECTIFS!G69="","BONUS 4",OBJECTIFS!G69) -> BONUS 4 | AV6: SUPER BONUS VENTES | AW6: Super Bonus | AY6: Montant Final de la prime | BA6: Nombre de points Final | BC6: L'agent du mois de l'activité
J7: =+OBJECTIFS!E5 -> KPI1 | K7: Objectif VS Statut | L7: Taux d'atteinte | M7: Nb de points | N7: =+OBJECTIFS!F5 -> KPI2 | O7: Objectif VS Statut | P7: Taux d'atteinte | Q7: Nb de points | R7: =+OBJECTIFS!G5 -> KPI3 | S7: Objectif VS Statut | T7: Taux d'atteinte | U7: Nb de points | V7: =+OBJECTIFS!H5 -> KPI4 | W7: Objectif VS Statut | X7: Taux d'atteinte | Y7: Nb de points | Z7: =+OBJECTIFS!I5 -> KPI5 | AA7: Objectif VS Statut | AB7: Taux d'atteinte | AC7: Nb de points | AD7: Réclamation client sur Agent | AH7: Heures produites | AI7: Abs injust. | AJ7: Retards | AK7: Abs just. | AL7: Congé payé + CSS (en j) | AM7: Nb de jours non travaillés | AN7: Nb de jours ouvrés du mois
M8: =OBJECTIFS!E4 -> 15 | Q8: =OBJECTIFS!F4 -> 27.5 | U8: =OBJECTIFS!G4 -> 27.5 | Y8: =OBJECTIFS!H4 -> 20 | AC8: =OBJECTIFS!I4 -> 10
H9: =IF(OR(D9="",F9="",A9=""),"",IF(E9="oui",0,IF(D9=OBJECTIFS!$C$45,VLOOKUP(F9,OBJECTIFS!$C$9:$D$11,2,FALSE),IF(D9=OBJECTIFS!$C$46,VLOOKUP(F9,OBJECTIFS!$C$16:$D$18,2,FALSE),IF(D9=OBJECTIFS!$C$47,VLOOKUP(F9,OBJECTIFS!$C$23:$D$25,2,FALSE),IF(D9=OBJECTIFS!$C$48,VLOOKUP(F9,OBJECTIFS!$C$30:$D$32,2,FALSE),IF(D9=OBJECTIFS!$C$49,VLOOKUP(F9,OBJECTIFS!$C$37:$D$39,2,FALSE)))))))) | K9: =IF(OR($A9="",$D9="",J9=""),"",SUMIFS(OBJECTIFS!E$9:E$39,OBJECTIFS!$A$9:$A$39,$D9,OBJECTIFS!$C$9:$C$39,$F9)) | L9: =IF(OR(AND($D9=OBJECTIFS!$B$6,OBJECTIFS!E$8="dmt"),AND($D9=OBJECTIFS!$B$13,OBJECTIFS!$E$15="dmt"),AND($D9=OBJECTIFS!$B$20,OBJECTIFS!$E$22="dmt"),AND($D9=OBJECTIFS!$B$27,OBJECTIFS!$E$29="dmt"),AND($D9=OBJECTIFS!$B$34,OBJECTIFS!$E$36="dmt"),AND($D9=OBJECTIFS!$B$6,OBJECTIFS!$E$8="taux de chute"),AND($D9=OBJECTIFS!$B$13,OBJECTIFS!$E$15="taux de chute"),AND($D9=OBJECTIFS!$B$20,OBJECTIFS!$E$22="taux de chute"),AND($D9=OBJECTIFS!$B$27,OBJECTIFS!$E$29="taux de chute"),AND($D9=OBJECTIFS!$B$34,OBJECTIFS!$E$36="taux de chute")),IFERROR(K9/J9,""),IFERROR(J9/K9,"")) | M9: =IFERROR(IF(OR(J9="",K9="",L9=""),0,IF(L9<OBJECTIFS!$E$56,0,IF(L9<OBJECTIFS!$G$56,M$8*OBJECTIFS!$F$60,IF(L9<OBJECTIFS!$I$56,M$8*OBJECTIFS!$H$60,M$8)))),0) -> 0 | O9: =IF(OR($A9="",$D9="",N9=""),"",SUMIFS(OBJECTIFS!F$9:F$39,OBJECTIFS!$A$9:$A$39,$D9,OBJECTIFS!$C$9:$C$39,$F9)) | P9: =IF(OR(AND($D9=OBJECTIFS!$B$6,OBJECTIFS!$F$8="dmt"),AND($D9=OBJECTIFS!$B$13,OBJECTIFS!$F$15="dmt"),AND($D9=OBJECTIFS!$B$20,OBJECTIFS!$F$22="dmt"),AND($D9=OBJECTIFS!$B$27,OBJECTIFS!$F$29="dmt"),AND($D9=OBJECTIFS!$B$34,OBJECTIFS!$F$36="dmt"),AND($D9=OBJECTIFS!$B$6,OBJECTIFS!$F$8="taux de chute"),AND($D9=OBJECTIFS!$B$13,OBJECTIFS!$F$15="taux de chute"),AND($D9=OBJECTIFS!$B$20,OBJECTIFS!$F$22="taux de chute"),AND($D9=OBJECTIFS!$B$27,OBJECTIFS!$F$29="taux de chute"),AND($D9=OBJECTIFS!$B$34,OBJECTIFS!$F$36="taux de chute")),IFERROR(O9/N9,""),IFERROR(N9/O9,"")) | Q9: =IFERROR(IF(OR(N9="",O9="",P9=""),0,IF(P9<OBJECTIFS!$E$56,0,IF(P9<OBJECTIFS!$G$56,Q$8*OBJECTIFS!$F$60,IF(P9<OBJECTIFS!$I$56,Q$8*OBJECTIFS!$H$60,Q$8)))),0) -> 0 | S9: =IF(OR($A9="",$D9="",R9=""),"",SUMIFS(OBJECTIFS!G$9:G$39,OBJECTIFS!$A$9:$A$39,$D9,OBJECTIFS!$C$9:$C$39,$F9)) | T9: =IF(OR(AND($D9=OBJECTIFS!$B$6,OBJECTIFS!G$8="dmt"),AND($D9=OBJECTIFS!$B$13,OBJECTIFS!$G$15="dmt"),AND($D9=OBJECTIFS!$B$20,OBJECTIFS!$G$22="dmt"),AND($D9=OBJECTIFS!$B$27,OBJECTIFS!$G$29="dmt"),AND($D9=OBJECTIFS!$B$34,OBJECTIFS!$G$36="dmt"),AND($D9=OBJECTIFS!$B$6,OBJECTIFS!$G$8="taux de chute"),AND($D9=OBJECTIFS!$B$13,OBJECTIFS!$G$15="taux de chute"),AND($D9=OBJECTIFS!$B$20,OBJECTIFS!$G$22="taux de chute"),AND($D9=OBJECTIFS!$B$27,OBJECTIFS!$G$29="taux de chute"),AND($D9=OBJECTIFS!$B$34,OBJECTIFS!$G$36="taux de chute")),IFERROR(S9/R9,""),IFERROR(R9/S9,"")) | U9: =IFERROR(IF(OR(R9="",S9="",T9=""),0,IF(T9<OBJECTIFS!$E$56,0,IF(T9<OBJECTIFS!$G$56,U$8*OBJECTIFS!$F$60,IF(T9<OBJECTIFS!$I$56,U$8*OBJECTIFS!$H$60,U$8)))),0) -> 0 | W9: =IF(OR($A9="",$D9="",V9=""),"",SUMIFS(OBJECTIFS!H$9:H$39,OBJECTIFS!$A$9:$A$39,$D9,OBJECTIFS!$C$9:$C$39,$F9)) | X9: =IF(OR(AND($D9=OBJECTIFS!$B$6,OBJECTIFS!H$8="dmt"),AND($D9=OBJECTIFS!$B$13,OBJECTIFS!$H$15="dmt"),AND($D9=OBJECTIFS!$B$20,OBJECTIFS!$H$22="dmt"),AND($D9=OBJECTIFS!$B$27,OBJECTIFS!$H$29="dmt"),AND($D9=OBJECTIFS!$B$34,OBJECTIFS!$H$36="dmt"),AND($D9=OBJECTIFS!$B$6,OBJECTIFS!$H$8="taux de chute"),AND($D9=OBJECTIFS!$B$13,OBJECTIFS!$H$15="taux de chute"),AND($D9=OBJECTIFS!$B$20,OBJECTIFS!$H$22="taux de chute"),AND($D9=OBJECTIFS!$B$27,OBJECTIFS!$H$29="taux de chute"),AND($D9=OBJECTIFS!$B$34,OBJECTIFS!$H$36="taux de chute")),IFERROR(W9/V9,""),IFERROR(V9/W9,"")) | Y9: =IFERROR(IF(OR(V9="",W9="",X9=""),0,IF(X9<OBJECTIFS!$E$56,0,IF(X9<OBJECTIFS!$G$56,Y$8*OBJECTIFS!$F$60,IF(X9<OBJECTIFS!$I$56,Y$8*OBJECTIFS!$H$60,Y$8)))),0) -> 0 | AA9: =IF(OR($A9="",$D9="",Z9=""),"",SUMIFS(OBJECTIFS!I$9:I$39,OBJECTIFS!$A$9:$A$39,$D9,OBJECTIFS!$C$9:$C$39,$F9)) | AB9: =IF(OR(AND($D9=OBJECTIFS!$B$6,OBJECTIFS!I$8="dmt"),AND($D9=OBJECTIFS!$B$13,OBJECTIFS!$I$15="dmt"),AND($D9=OBJECTIFS!$B$20,OBJECTIFS!$I$22="dmt"),AND($D9=OBJECTIFS!$B$27,OBJECTIFS!$I$29="dmt"),AND($D9=OBJECTIFS!$B$34,OBJECTIFS!$I$36="dmt"),AND($D9=OBJECTIFS!$B$6,OBJECTIFS!$I$8="taux de chute"),AND($D9=OBJECTIFS!$B$13,OBJECTIFS!$I$15="taux de chute"),AND($D9=OBJECTIFS!$B$20,OBJECTIFS!$I$22="taux de chute"),AND($D9=OBJECTIFS!$B$27,OBJECTIFS!$I$29="taux de chute"),AND($D9=OBJECTIFS!$B$34,OBJECTIFS!$I$36="taux de chute")),IFERROR(AA9/Z9,""),IFERROR(Z9/AA9,"")) | AC9: =IFERROR(IF(OR(Z9="",AA9="",AB9=""),0,IF(AB9<OBJECTIFS!$E$56,0,IF(AB9<OBJECTIFS!$G$56,AC$8*OBJECTIFS!$F$60,IF(AB9<OBJECTIFS!$I$56,AC$8*OBJECTIFS!$H$60,AC$8)))),0) -> 0 | AF9: =IF(AD9>=1,0,SUMIF($J$7:$AC$8,"Nb de points",$J9:$AC9)) -> 0 | AM9: =SUM(AK9:AL9,AI9) -> 0 | AN9: 22 | AO9: =IFERROR(IF(IF(OR(AI9>=2,AJ9>=8,AND(AI9=1,AJ9>=4)),0,IF(OR(AND(AI9=1,AJ9<4),AND(AI9=0,AJ9>=4,AJ9<8)),50%,100%))*(AN9-AM9)/AN9=0,-100%,IF(OR(AI9>=2,AJ9>=8,AND(AI9=1,AJ9>=4)),0,IF(OR(AND(AI9=1,AJ9<4),AND(AI9=0,AJ9>=4,AJ9<8)),50%,100%))*(AN9-AM9)/AN9-1),"") -> 0 | AP9: =IFERROR((H9*AF9/100)*(1+AO9),"") | AR9: =IFERROR(VLOOKUP(B9,OBJECTIFS!$C$76:$E$137,2,FALSE),0) -> 0 | AS9: =IFERROR(VLOOKUP(B9,OBJECTIFS!$H$76:$J$137,2,FALSE),0) -> 0 | AT9: =IFERROR(VLOOKUP(B9,OBJECTIFS!$C$142:$E$203,2,FALSE),0) -> 0 | AU9: =IFERROR(VLOOKUP(B9,OBJECTIFS!$H$142:$J$203,2,FALSE),0) -> 0 | AV9: =IFERROR(VLOOKUP(B9,OBJECTIFS!$F$208:$H$269,3,FALSE),0) -> 0 | AW9: =IF($B$5="interne",IF($AR$6="prime de langue",IF(AH9>=191,SUM(AS9:AV9,AR9/191*191),SUM(AS9:AV9,AR9/191*AH9)),IF($AS$6="prime de langue",IF(AH9>=191,SUM(AR9,AT9,AU9,AV9,AS9/191*191),SUM(AR9,AT9,AU9,AV9,AS9/191*AH9)),IF($AT$6="prime de langue",IF(AH9>=191,SUM(AR9,AS9,AU9,AV9,AT9/191*191),SUM(AR9,AS9,AU9,AV9,AT9/191*AH9)),IF($AU$6="prime de langue",IF(AH9>=191,SUM(AR9,AT9,AV9,AS9,AU9/191*191),SUM(AR9,AT9,AV9,AS9,AU9/191*AH9)),SUM(AR9:AV9))))),IF($AR$6="prime de langue",IF(AH9>=176,SUM(AS9:AV9,AR9/176*176),SUM(AS9:AV9,AR9/176*AH9)),IF($AS$6="prime de langue",IF(AH9>=176,SUM(AR9,AT9,AU9,AV9,AS9/176*176),SUM(AR9,AT9,AU9,AV9,AS9/176*AH9)),IF($AT$6="prime de langue",IF(AH9>=176,SUM(AR9,AS9,AU9,AV9,AT9/176*176),SUM(AR9,AS9,AU9,AV9,AT9/176*AH9)),IF($AU$6="prime de langue",IF(AH9>=176,SUM(AR9,AT9,AV9,AS9,AU9/176*176),SUM(AR9,AT9,AV9,AS9,AU9/176*AH9)),SUM(AR9:AV9)))))) -> 0 | AY9: =IFERROR(((H9*AF9/100)*(1+AO9)+AW9),"") | BA9: =IFERROR(IF(OR(AI9>=2,AJ9>=8,AND(AI9=1,AJ9>=4)),0,IF(OR(AND(AI9=1,AJ9<4),AND(AI9=0,AJ9>=4,AJ9<8)),0.5,1))*AF9*(AN9-AM9)/AN9,"") -> 0 | BB9: =IF(BC9="","","è") | BC9: =IF(BA9=0,"",IF(BA9>=MAX($BA$9:$BA$216),A9,""))
H10: =IF(OR(D10="",F10="",A10=""),"",IF(E10="oui",0,IF(D10=OBJECTIFS!$C$45,VLOOKUP(F10,OBJECTIFS!$C$9:$D$11,2,FALSE),IF(D10=OBJECTIFS!$C$46,VLOOKUP(F10,OBJECTIFS!$C$16:$D$18,2,FALSE),IF(D10=OBJECTIFS!$C$47,VLOOKUP(F10,OBJECTIFS!$C$23:$D$25,2,FALSE),IF(D10=OBJECTIFS!$C$48,VLOOKUP(F10,OBJECTIFS!$C$30:$D$32,2,FALSE),IF(D10=OBJECTIFS!$C$49,VLOOKUP(F10,OBJECTIFS!$C$37:$D$39,2,FALSE)))))))) | K10: =IF(OR($A10="",$D10="",J10=""),"",SUMIFS(OBJECTIFS!E$9:E$39,OBJECTIFS!$A$9:$A$39,$D10,OBJECTIFS!$C$9:$C$39,$F10)) | L10: =IF(OR(AND($D10=OBJECTIFS!$B$6,OBJECTIFS!E$8="dmt"),AND($D10=OBJECTIFS!$B$13,OBJECTIFS!$E$15="dmt"),AND($D10=OBJECTIFS!$B$20,OBJECTIFS!$E$22="dmt"),AND($D10=OBJECTIFS!$B$27,OBJECTIFS!$E$29="dmt"),AND($D10=OBJECTIFS!$B$34,OBJECTIFS!$E$36="dmt"),AND($D10=OBJECTIFS!$B$6,OBJECTIFS!$E$8="taux de chute"),AND($D10=OBJECTIFS!$B$13,OBJECTIFS!$E$15="taux de chute"),AND($D10=OBJECTIFS!$B$20,OBJECTIFS!$E$22="taux de chute"),AND($D10=OBJECTIFS!$B$27,OBJECTIFS!$E$29="taux de chute"),AND($D10=OBJECTIFS!$B$34,OBJECTIFS!$E$36="taux de chute")),IFERROR(K10/J10,""),IFERROR(J10/K10,"")) | M10: =IFERROR(IF(OR(J10="",K10="",L10=""),0,IF(L10<OBJECTIFS!$E$56,0,IF(L10<OBJECTIFS!$G$56,M$8*OBJECTIFS!$F$60,IF(L10<OBJECTIFS!$I$56,M$8*OBJECTIFS!$H$60,M$8)))),0) -> 0 | O10: =IF(OR($A10="",$D10="",N10=""),"",SUMIFS(OBJECTIFS!F$9:F$39,OBJECTIFS!$A$9:$A$39,$D10,OBJECTIFS!$C$9:$C$39,$F10)) | P10: =IF(OR(AND($D10=OBJECTIFS!$B$6,OBJECTIFS!$F$8="dmt"),AND($D10=OBJECTIFS!$B$13,OBJECTIFS!$F$15="dmt"),AND($D10=OBJECTIFS!$B$20,OBJECTIFS!$F$22="dmt"),AND($D10=OBJECTIFS!$B$27,OBJECTIFS!$F$29="dmt"),AND($D10=OBJECTIFS!$B$34,OBJECTIFS!$F$36="dmt"),AND($D10=OBJECTIFS!$B$6,OBJECTIFS!$F$8="taux de chute"),AND($D10=OBJECTIFS!$B$13,OBJECTIFS!$F$15="taux de chute"),AND($D10=OBJECTIFS!$B$20,OBJECTIFS!$F$22="taux de chute"),AND($D10=OBJECTIFS!$B$27,OBJECTIFS!$F$29="taux de chute"),AND($D10=OBJECTIFS!$B$34,OBJECTIFS!$F$36="taux de chute")),IFERROR(O10/N10,""),IFERROR(N10/O10,"")) | Q10: =IFERROR(IF(OR(N10="",O10="",P10=""),0,IF(P10<OBJECTIFS!$E$56,0,IF(P10<OBJECTIFS!$G$56,Q$8*OBJECTIFS!$F$60,IF(P10<OBJECTIFS!$I$56,Q$8*OBJECTIFS!$H$60,Q$8)))),0) -> 0 | S10: =IF(OR($A10="",$D10="",R10=""),"",SUMIFS(OBJECTIFS!G$9:G$39,OBJECTIFS!$A$9:$A$39,$D10,OBJECTIFS!$C$9:$C$39,$F10)) | T10: =IF(OR(AND($D10=OBJECTIFS!$B$6,OBJECTIFS!G$8="dmt"),AND($D10=OBJECTIFS!$B$13,OBJECTIFS!$G$15="dmt"),AND($D10=OBJECTIFS!$B$20,OBJECTIFS!$G$22="dmt"),AND($D10=OBJECTIFS!$B$27,OBJECTIFS!$G$29="dmt"),AND($D10=OBJECTIFS!$B$34,OBJECTIFS!$G$36="dmt"),AND($D10=OBJECTIFS!$B$6,OBJECTIFS!$G$8="taux de chute"),AND($D10=OBJECTIFS!$B$13,OBJECTIFS!$G$15="taux de chute"),AND($D10=OBJECTIFS!$B$20,OBJECTIFS!$G$22="taux de chute"),AND($D10=OBJECTIFS!$B$27,OBJECTIFS!$G$29="taux de chute"),AND($D10=OBJECTIFS!$B$34,OBJECTIFS!$G$36="taux de chute")),IFERROR(S10/R10,""),IFERROR(R10/S10,"")) | U10: =IFERROR(IF(OR(R10="",S10="",T10=""),0,IF(T10<OBJECTIFS!$E$56,0,IF(T10<OBJECTIFS!$G$56,U$8*OBJECTIFS!$F$60,IF(T10<OBJECTIFS!$I$56,U$8*OBJECTIFS!$H$60,U$8)))),0) -> 0 | W10: =IF(OR($A10="",$D10="",V10=""),"",SUMIFS(OBJECTIFS!H$9:H$39,OBJECTIFS!$A$9:$A$39,$D10,OBJECTIFS!$C$9:$C$39,$F10)) | X10: =IF(OR(AND($D10=OBJECTIFS!$B$6,OBJECTIFS!H$8="dmt"),AND($D10=OBJECTIFS!$B$13,OBJECTIFS!$H$15="dmt"),AND($D10=OBJECTIFS!$B$20,OBJECTIFS!$H$22="dmt"),AND($D10=OBJECTIFS!$B$27,OBJECTIFS!$H$29="dmt"),AND($D10=OBJECTIFS!$B$34,OBJECTIFS!$H$36="dmt"),AND($D10=OBJECTIFS!$B$6,OBJECTIFS!$H$8="taux de chute"),AND($D10=OBJECTIFS!$B$13,OBJECTIFS!$H$15="taux de chute"),AND($D10=OBJECTIFS!$B$20,OBJECTIFS!$H$22="taux de chute"),AND($D10=OBJECTIFS!$B$27,OBJECTIFS!$H$29="taux de chute"),AND($D10=OBJECTIFS!$B$34,OBJECTIFS!$H$36="taux de chute")),IFERROR(W10/V10,""),IFERROR(V10/W10,"")) | Y10: =IFERROR(IF(OR(V10="",W10="",X10=""),0,IF(X10<OBJECTIFS!$E$56,0,IF(X10<OBJECTIFS!$G$56,Y$8*OBJECTIFS!$F$60,IF(X10<OBJECTIFS!$I$56,Y$8*OBJECTIFS!$H$60,Y$8)))),0) -> 0 | AA10: =IF(OR($A10="",$D10="",Z10=""),"",SUMIFS(OBJECTIFS!I$9:I$39,OBJECTIFS!$A$9:$A$39,$D10,OBJECTIFS!$C$9:$C$39,$F10)) | AB10: =IF(OR(AND($D10=OBJECTIFS!$B$6,OBJECTIFS!I$8="dmt"),AND($D10=OBJECTIFS!$B$13,OBJECTIFS!$I$15="dmt"),AND($D10=OBJECTIFS!$B$20,OBJECTIFS!$I$22="dmt"),AND($D10=OBJECTIFS!$B$27,OBJECTIFS!$I$29="dmt"),AND($D10=OBJECTIFS!$B$34,OBJECTIFS!$I$36="dmt"),AND($D10=OBJECTIFS!$B$6,OBJECTIFS!$I$8="taux de chute"),AND($D10=OBJECTIFS!$B$13,OBJECTIFS!$I$15="taux de chute"),AND($D10=OBJECTIFS!$B$20,OBJECTIFS!$I$22="taux de chute"),AND($D10=OBJECTIFS!$B$27,OBJECTIFS!$I$29="taux de chute"),AND($D10=OBJECTIFS!$B$34,OBJECTIFS!$I$36="taux de chute")),IFERROR(AA10/Z10,""),IFERROR(Z10/AA10,"")) | AC10: =IFERROR(IF(OR(Z10="",AA10="",AB10=""),0,IF(AB10<OBJECTIFS!$E$56,0,IF(AB10<OBJECTIFS!$G$56,AC$8*OBJECTIFS!$F$60,IF(AB10<OBJECTIFS!$I$56,AC$8*OBJECTIFS!$H$60,AC$8)))),0) -> 0 | AF10: =IF(AD10>=1,0,SUMIF($J$7:$AC$8,"Nb de points",$J10:$AC10)) -> 0 | AM10: =SUM(AK10:AL10,AI10) -> 0 | AN10: 22 | AO10: =IFERROR(IF(IF(OR(AI10>=2,AJ10>=8,AND(AI10=1,AJ10>=4)),0,IF(OR(AND(AI10=1,AJ10<4),AND(AI10=0,AJ10>=4,AJ10<8)),50%,100%))*(AN10-AM10)/AN10=0,-100%,IF(OR(AI10>=2,AJ10>=8,AND(AI10=1,AJ10>=4)),0,IF(OR(AND(AI10=1,AJ10<4),AND(AI10=0,AJ10>=4,AJ10<8)),50%,100%))*(AN10-AM10)/AN10-1),"") -> 0 | AP10: =IFERROR((H10*AF10/100)*(1+AO10),"") | AR10: =IFERROR(VLOOKUP(B10,OBJECTIFS!$C$76:$E$137,2,FALSE),0) -> 0 | AS10: =IFERROR(VLOOKUP(B10,OBJECTIFS!$H$76:$J$137,2,FALSE),0) -> 0 | AT10: =IFERROR(VLOOKUP(B10,OBJECTIFS!$C$142:$E$203,2,FALSE),0) -> 0 | AU10: =IFERROR(VLOOKUP(B10,OBJECTIFS!$H$142:$J$203,2,FALSE),0) -> 0 | AV10: =IFERROR(VLOOKUP(B10,OBJECTIFS!$F$208:$H$269,3,FALSE),0) -> 0 | AW10: =IF($B$5="interne",IF($AR$6="prime de langue",IF(AH10>=191,SUM(AS10:AV10,AR10/191*191),SUM(AS10:AV10,AR10/191*AH10)),IF($AS$6="prime de langue",IF(AH10>=191,SUM(AR10,AT10,AU10,AV10,AS10/191*191),SUM(AR10,AT10,AU10,AV10,AS10/191*AH10)),IF($AT$6="prime de langue",IF(AH10>=191,SUM(AR10,AS10,AU10,AV10,AT10/191*191),SUM(AR10,AS10,AU10,AV10,AT10/191*AH10)),IF($AU$6="prime de langue",IF(AH10>=191,SUM(AR10,AT10,AV10,AS10,AU10/191*191),SUM(AR10,AT10,AV10,AS10,AU10/191*AH10)),SUM(AR10:AV10))))),IF($AR$6="prime de langue",IF(AH10>=176,SUM(AS10:AV10,AR10/176*176),SUM(AS10:AV10,AR10/176*AH10)),IF($AS$6="prime de langue",IF(AH10>=176,SUM(AR10,AT10,AU10,AV10,AS10/176*176),SUM(AR10,AT10,AU10,AV10,AS10/176*AH10)),IF($AT$6="prime de langue",IF(AH10>=176,SUM(AR10,AS10,AU10,AV10,AT10/176*176),SUM(AR10,AS10,AU10,AV10,AT10/176*AH10)),IF($AU$6="prime de langue",IF(AH10>=176,SUM(AR10,AT10,AV10,AS10,AU10/176*176),SUM(AR10,AT10,AV10,AS10,AU10/176*AH10)),SUM(AR10:AV10)))))) -> 0 | AY10: =IFERROR(((H10*AF10/100)*(1+AO10)+AW10),"") | BA10: =IFERROR(IF(OR(AI10>=2,AJ10>=8,AND(AI10=1,AJ10>=4)),0,IF(OR(AND(AI10=1,AJ10<4),AND(AI10=0,AJ10>=4,AJ10<8)),0.5,1))*AF10*(AN10-AM10)/AN10,"") -> 0 | BB10: =IF(BC10="","","è") | BC10: =IF(BA10=0,"",IF(BA10>=MAX($BA$9:$BA$216),A10,""))
H11: =IF(OR(D11="",F11="",A11=""),"",IF(E11="oui",0,IF(D11=OBJECTIFS!$C$45,VLOOKUP(F11,OBJECTIFS!$C$9:$D$11,2,FALSE),IF(D11=OBJECTIFS!$C$46,VLOOKUP(F11,OBJECTIFS!$C$16:$D$18,2,FALSE),IF(D11=OBJECTIFS!$C$47,VLOOKUP(F11,OBJECTIFS!$C$23:$D$25,2,FALSE),IF(D11=OBJECTIFS!$C$48,VLOOKUP(F11,OBJECTIFS!$C$30:$D$32,2,FALSE),IF(D11=OBJECTIFS!$C$49,VLOOKUP(F11,OBJECTIFS!$C$37:$D$39,2,FALSE)))))))) | K11: =IF(OR($A11="",$D11="",J11=""),"",SUMIFS(OBJECTIFS!E$9:E$39,OBJECTIFS!$A$9:$A$39,$D11,OBJECTIFS!$C$9:$C$39,$F11)) | L11: =IF(OR(AND($D11=OBJECTIFS!$B$6,OBJECTIFS!E$8="dmt"),AND($D11=OBJECTIFS!$B$13,OBJECTIFS!$E$15="dmt"),AND($D11=OBJECTIFS!$B$20,OBJECTIFS!$E$22="dmt"),AND($D11=OBJECTIFS!$B$27,OBJECTIFS!$E$29="dmt"),AND($D11=OBJECTIFS!$B$34,OBJECTIFS!$E$36="dmt"),AND($D11=OBJECTIFS!$B$6,OBJECTIFS!$E$8="taux de chute"),AND($D11=OBJECTIFS!$B$13,OBJECTIFS!$E$15="taux de chute"),AND($D11=OBJECTIFS!$B$20,OBJECTIFS!$E$22="taux de chute"),AND($D11=OBJECTIFS!$B$27,OBJECTIFS!$E$29="taux de chute"),AND($D11=OBJECTIFS!$B$34,OBJECTIFS!$E$36="taux de chute")),IFERROR(K11/J11,""),IFERROR(J11/K11,"")) | M11: =IFERROR(IF(OR(J11="",K11="",L11=""),0,IF(L11<OBJECTIFS!$E$56,0,IF(L11<OBJECTIFS!$G$56,M$8*OBJECTIFS!$F$60,IF(L11<OBJECTIFS!$I$56,M$8*OBJECTIFS!$H$60,M$8)))),0) -> 0 | O11: =IF(OR($A11="",$D11="",N11=""),"",SUMIFS(OBJECTIFS!F$9:F$39,OBJECTIFS!$A$9:$A$39,$D11,OBJECTIFS!$C$9:$C$39,$F11)) | P11: =IF(OR(AND($D11=OBJECTIFS!$B$6,OBJECTIFS!$F$8="dmt"),AND($D11=OBJECTIFS!$B$13,OBJECTIFS!$F$15="dmt"),AND($D11=OBJECTIFS!$B$20,OBJECTIFS!$F$22="dmt"),AND($D11=OBJECTIFS!$B$27,OBJECTIFS!$F$29="dmt"),AND($D11=OBJECTIFS!$B$34,OBJECTIFS!$F$36="dmt"),AND($D11=OBJECTIFS!$B$6,OBJECTIFS!$F$8="taux de chute"),AND($D11=OBJECTIFS!$B$13,OBJECTIFS!$F$15="taux de chute"),AND($D11=OBJECTIFS!$B$20,OBJECTIFS!$F$22="taux de chute"),AND($D11=OBJECTIFS!$B$27,OBJECTIFS!$F$29="taux de chute"),AND($D11=OBJECTIFS!$B$34,OBJECTIFS!$F$36="taux de chute")),IFERROR(O11/N11,""),IFERROR(N11/O11,"")) | Q11: =IFERROR(IF(OR(N11="",O11="",P11=""),0,IF(P11<OBJECTIFS!$E$56,0,IF(P11<OBJECTIFS!$G$56,Q$8*OBJECTIFS!$F$60,IF(P11<OBJECTIFS!$I$56,Q$8*OBJECTIFS!$H$60,Q$8)))),0) -> 0 | S11: =IF(OR($A11="",$D11="",R11=""),"",SUMIFS(OBJECTIFS!G$9:G$39,OBJECTIFS!$A$9:$A$39,$D11,OBJECTIFS!$C$9:$C$39,$F11)) | T11: =IF(OR(AND($D11=OBJECTIFS!$B$6,OBJECTIFS!G$8="dmt"),AND($D11=OBJECTIFS!$B$13,OBJECTIFS!$G$15="dmt"),AND($D11=OBJECTIFS!$B$20,OBJECTIFS!$G$22="dmt"),AND($D11=OBJECTIFS!$B$27,OBJECTIFS!$G$29="dmt"),AND($D11=OBJECTIFS!$B$34,OBJECTIFS!$G$36="dmt"),AND($D11=OBJECTIFS!$B$6,OBJECTIFS!$G$8="taux de chute"),AND($D11=OBJECTIFS!$B$13,OBJECTIFS!$G$15="taux de chute"),AND($D11=OBJECTIFS!$B$20,OBJECTIFS!$G$22="taux de chute"),AND($D11=OBJECTIFS!$B$27,OBJECTIFS!$G$29="taux de chute"),AND($D11=OBJECTIFS!$B$34,OBJECTIFS!$G$36="taux de chute")),IFERROR(S11/R11,""),IFERROR(R11/S11,"")) | U11: =IFERROR(IF(OR(R11="",S11="",T11=""),0,IF(T11<OBJECTIFS!$E$56,0,IF(T11<OBJECTIFS!$G$56,U$8*OBJECTIFS!$F$60,IF(T11<OBJECTIFS!$I$56,U$8*OBJECTIFS!$H$60,U$8)))),0) -> 0 | W11: =IF(OR($A11="",$D11="",V11=""),"",SUMIFS(OBJECTIFS!H$9:H$39,OBJECTIFS!$A$9:$A$39,$D11,OBJECTIFS!$C$9:$C$39,$F11)) | X11: =IF(OR(AND($D11=OBJECTIFS!$B$6,OBJECTIFS!H$8="dmt"),AND($D11=OBJECTIFS!$B$13,OBJECTIFS!$H$15="dmt"),AND($D11=OBJECTIFS!$B$20,OBJECTIFS!$H$22="dmt"),AND($D11=OBJECTIFS!$B$27,OBJECTIFS!$H$29="dmt"),AND($D11=OBJECTIFS!$B$34,OBJECTIFS!$H$36="dmt"),AND($D11=OBJECTIFS!$B$6,OBJECTIFS!$H$8="taux de chute"),AND($D11=OBJECTIFS!$B$13,OBJECTIFS!$H$15="taux de chute"),AND($D11=OBJECTIFS!$B$20,OBJECTIFS!$H$22="taux de chute"),AND($D11=OBJECTIFS!$B$27,OBJECTIFS!$H$29="taux de chute"),AND($D11=OBJECTIFS!$B$34,OBJECTIFS!$H$36="taux de chute")),IFERROR(W11/V11,""),IFERROR(V11/W11,"")) | Y11: =IFERROR(IF(OR(V11="",W11="",X11=""),0,IF(X11<OBJECTIFS!$E$56,0,IF(X11<OBJECTIFS!$G$56,Y$8*OBJECTIFS!$F$60,IF(X11<OBJECTIFS!$I$56,Y$8*OBJECTIFS!$H$60,Y$8)))),0) -> 0 | AA11: =IF(OR($A11="",$D11="",Z11=""),"",SUMIFS(OBJECTIFS!I$9:I$39,OBJECTIFS!$A$9:$A$39,$D11,OBJECTIFS!$C$9:$C$39,$F11)) | AB11: =IF(OR(AND($D11=OBJECTIFS!$B$6,OBJECTIFS!I$8="dmt"),AND($D11=OBJECTIFS!$B$13,OBJECTIFS!$I$15="dmt"),AND($D11=OBJECTIFS!$B$20,OBJECTIFS!$I$22="dmt"),AND($D11=OBJECTIFS!$B$27,OBJECTIFS!$I$29="dmt"),AND($D11=OBJECTIFS!$B$34,OBJECTIFS!$I$36="dmt"),AND($D11=OBJECTIFS!$B$6,OBJECTIFS!$I$8="taux de chute"),AND($D11=OBJECTIFS!$B$13,OBJECTIFS!$I$15="taux de chute"),AND($D11=OBJECTIFS!$B$20,OBJECTIFS!$I$22="taux de chute"),AND($D11=OBJECTIFS!$B$27,OBJECTIFS!$I$29="taux de chute"),AND($D11=OBJECTIFS!$B$34,OBJECTIFS!$I$36="taux de chute")),IFERROR(AA11/Z11,""),IFERROR(Z11/AA11,"")) | AC11: =IFERROR(IF(OR(Z11="",AA11="",AB11=""),0,IF(AB11<OBJECTIFS!$E$56,0,IF(AB11<OBJECTIFS!$G$56,AC$8*OBJECTIFS!$F$60,IF(AB11<OBJECTIFS!$I$56,AC$8*OBJECTIFS!$H$60,AC$8)))),0) -> 0 | AF11: =IF(AD11>=1,0,SUMIF($J$7:$AC$8,"Nb de points",$J11:$AC11)) -> 0 | AM11: =SUM(AK11:AL11,AI11) -> 0 | AN11: 22 | AO11: =IFERROR(IF(IF(OR(AI11>=2,AJ11>=8,AND(AI11=1,AJ11>=4)),0,IF(OR(AND(AI11=1,AJ11<4),AND(AI11=0,AJ11>=4,AJ11<8)),50%,100%))*(AN11-AM11)/AN11=0,-100%,IF(OR(AI11>=2,AJ11>=8,AND(AI11=1,AJ11>=4)),0,IF(OR(AND(AI11=1,AJ11<4),AND(AI11=0,AJ11>=4,AJ11<8)),50%,100%))*(AN11-AM11)/AN11-1),"") -> 0 | AP11: =IFERROR((H11*AF11/100)*(1+AO11),"") | AR11: =IFERROR(VLOOKUP(B11,OBJECTIFS!$C$76:$E$137,2,FALSE),0) -> 0 | AS11: =IFERROR(VLOOKUP(B11,OBJECTIFS!$H$76:$J$137,2,FALSE),0) -> 0 | AT11: =IFERROR(VLOOKUP(B11,OBJECTIFS!$C$142:$E$203,2,FALSE),0) -> 0 | AU11: =IFERROR(VLOOKUP(B11,OBJECTIFS!$H$142:$J$203,2,FALSE),0) -> 0 | AV11: =IFERROR(VLOOKUP(B11,OBJECTIFS!$F$208:$H$269,3,FALSE),0) -> 0 | AW11: =IF($B$5="interne",IF($AR$6="prime de langue",IF(AH11>=191,SUM(AS11:AV11,AR11/191*191),SUM(AS11:AV11,AR11/191*AH11)),IF($AS$6="prime de langue",IF(AH11>=191,SUM(AR11,AT11,AU11,AV11,AS11/191*191),SUM(AR11,AT11,AU11,AV11,AS11/191*AH11)),IF($AT$6="prime de langue",IF(AH11>=191,SUM(AR11,AS11,AU11,AV11,AT11/191*191),SUM(AR11,AS11,AU11,AV11,AT11/191*AH11)),IF($AU$6="prime de langue",IF(AH11>=191,SUM(AR11,AT11,AV11,AS11,AU11/191*191),SUM(AR11,AT11,AV11,AS11,AU11/191*AH11)),SUM(AR11:AV11))))),IF($AR$6="prime de langue",IF(AH11>=176,SUM(AS11:AV11,AR11/176*176),SUM(AS11:AV11,AR11/176*AH11)),IF($AS$6="prime de langue",IF(AH11>=176,SUM(AR11,AT11,AU11,AV11,AS11/176*176),SUM(AR11,AT11,AU11,AV11,AS11/176*AH11)),IF($AT$6="prime de langue",IF(AH11>=176,SUM(AR11,AS11,AU11,AV11,AT11/176*176),SUM(AR11,AS11,AU11,AV11,AT11/176*AH11)),IF($AU$6="prime de langue",IF(AH11>=176,SUM(AR11,AT11,AV11,AS11,AU11/176*176),SUM(AR11,AT11,AV11,AS11,AU11/176*AH11)),SUM(AR11:AV11)))))) -> 0 | AY11: =IFERROR(((H11*AF11/100)*(1+AO11)+AW11),"") | BA11: =IFERROR(IF(OR(AI11>=2,AJ11>=8,AND(AI11=1,AJ11>=4)),0,IF(OR(AND(AI11=1,AJ11<4),AND(AI11=0,AJ11>=4,AJ11<8)),0.5,1))*AF11*(AN11-AM11)/AN11,"") -> 0 | BB11: =IF(BC11="","","è") | BC11: =IF(BA11=0,"",IF(BA11>=MAX($BA$9:$BA$216),A11,""))
H12: =IF(OR(D12="",F12="",A12=""),"",IF(E12="oui",0,IF(D12=OBJECTIFS!$C$45,VLOOKUP(F12,OBJECTIFS!$C$9:$D$11,2,FALSE),IF(D12=OBJECTIFS!$C$46,VLOOKUP(F12,OBJECTIFS!$C$16:$D$18,2,FALSE),IF(D12=OBJECTIFS!$C$47,VLOOKUP(F12,OBJECTIFS!$C$23:$D$25,2,FALSE),IF(D12=OBJECTIFS!$C$48,VLOOKUP(F12,OBJECTIFS!$C$30:$D$32,2,FALSE),IF(D12=OBJECTIFS!$C$49,VLOOKUP(F12,OBJECTIFS!$C$37:$D$39,2,FALSE)))))))) | K12: =IF(OR($A12="",$D12="",J12=""),"",SUMIFS(OBJECTIFS!E$9:E$39,OBJECTIFS!$A$9:$A$39,$D12,OBJECTIFS!$C$9:$C$39,$F12)) | L12: =IF(OR(AND($D12=OBJECTIFS!$B$6,OBJECTIFS!E$8="dmt"),AND($D12=OBJECTIFS!$B$13,OBJECTIFS!$E$15="dmt"),AND($D12=OBJECTIFS!$B$20,OBJECTIFS!$E$22="dmt"),AND($D12=OBJECTIFS!$B$27,OBJECTIFS!$E$29="dmt"),AND($D12=OBJECTIFS!$B$34,OBJECTIFS!$E$36="dmt"),AND($D12=OBJECTIFS!$B$6,OBJECTIFS!$E$8="taux de chute"),AND($D12=OBJECTIFS!$B$13,OBJECTIFS!$E$15="taux de chute"),AND($D12=OBJECTIFS!$B$20,OBJECTIFS!$E$22="taux de chute"),AND($D12=OBJECTIFS!$B$27,OBJECTIFS!$E$29="taux de chute"),AND($D12=OBJECTIFS!$B$34,OBJECTIFS!$E$36="taux de chute")),IFERROR(K12/J12,""),IFERROR(J12/K12,"")) | M12: =IFERROR(IF(OR(J12="",K12="",L12=""),0,IF(L12<OBJECTIFS!$E$56,0,IF(L12<OBJECTIFS!$G$56,M$8*OBJECTIFS!$F$60,IF(L12<OBJECTIFS!$I$56,M$8*OBJECTIFS!$H$60,M$8)))),0) -> 0 | O12: =IF(OR($A12="",$D12="",N12=""),"",SUMIFS(OBJECTIFS!F$9:F$39,OBJECTIFS!$A$9:$A$39,$D12,OBJECTIFS!$C$9:$C$39,$F12)) | P12: =IF(OR(AND($D12=OBJECTIFS!$B$6,OBJECTIFS!$F$8="dmt"),AND($D12=OBJECTIFS!$B$13,OBJECTIFS!$F$15="dmt"),AND($D12=OBJECTIFS!$B$20,OBJECTIFS!$F$22="dmt"),AND($D12=OBJECTIFS!$B$27,OBJECTIFS!$F$29="dmt"),AND($D12=OBJECTIFS!$B$34,OBJECTIFS!$F$36="dmt"),AND($D12=OBJECTIFS!$B$6,OBJECTIFS!$F$8="taux de chute"),AND($D12=OBJECTIFS!$B$13,OBJECTIFS!$F$15="taux de chute"),AND($D12=OBJECTIFS!$B$20,OBJECTIFS!$F$22="taux de chute"),AND($D12=OBJECTIFS!$B$27,OBJECTIFS!$F$29="taux de chute"),AND($D12=OBJECTIFS!$B$34,OBJECTIFS!$F$36="taux de chute")),IFERROR(O12/N12,""),IFERROR(N12/O12,"")) | Q12: =IFERROR(IF(OR(N12="",O12="",P12=""),0,IF(P12<OBJECTIFS!$E$56,0,IF(P12<OBJECTIFS!$G$56,Q$8*OBJECTIFS!$F$60,IF(P12<OBJECTIFS!$I$56,Q$8*OBJECTIFS!$H$60,Q$8)))),0) -> 0 | S12: =IF(OR($A12="",$D12="",R12=""),"",SUMIFS(OBJECTIFS!G$9:G$39,OBJECTIFS!$A$9:$A$39,$D12,OBJECTIFS!$C$9:$C$39,$F12)) | T12: =IF(OR(AND($D12=OBJECTIFS!$B$6,OBJECTIFS!G$8="dmt"),AND($D12=OBJECTIFS!$B$13,OBJECTIFS!$G$15="dmt"),AND($D12=OBJECTIFS!$B$20,OBJECTIFS!$G$22="dmt"),AND($D12=OBJECTIFS!$B$27,OBJECTIFS!$G$29="dmt"),AND($D12=OBJECTIFS!$B$34,OBJECTIFS!$G$36="dmt"),AND($D12=OBJECTIFS!$B$6,OBJECTIFS!$G$8="taux de chute"),AND($D12=OBJECTIFS!$B$13,OBJECTIFS!$G$15="taux de chute"),AND($D12=OBJECTIFS!$B$20,OBJECTIFS!$G$22="taux de chute"),AND($D12=OBJECTIFS!$B$27,OBJECTIFS!$G$29="taux de chute"),AND($D12=OBJECTIFS!$B$34,OBJECTIFS!$G$36="taux de chute")),IFERROR(S12/R12,""),IFERROR(R12/S12,"")) | U12: =IFERROR(IF(OR(R12="",S12="",T12=""),0,IF(T12<OBJECTIFS!$E$56,0,IF(T12<OBJECTIFS!$G$56,U$8*OBJECTIFS!$F$60,IF(T12<OBJECTIFS!$I$56,U$8*OBJECTIFS!$H$60,U$8)))),0) -> 0 | W12: =IF(OR($A12="",$D12="",V12=""),"",SUMIFS(OBJECTIFS!H$9:H$39,OBJECTIFS!$A$9:$A$39,$D12,OBJECTIFS!$C$9:$C$39,$F12)) | X12: =IF(OR(AND($D12=OBJECTIFS!$B$6,OBJECTIFS!H$8="dmt"),AND($D12=OBJECTIFS!$B$13,OBJECTIFS!$H$15="dmt"),AND($D12=OBJECTIFS!$B$20,OBJECTIFS!$H$22="dmt"),AND($D12=OBJECTIFS!$B$27,OBJECTIFS!$H$29="dmt"),AND($D12=OBJECTIFS!$B$34,OBJECTIFS!$H$36="dmt"),AND($D12=OBJECTIFS!$B$6,OBJECTIFS!$H$8="taux de chute"),AND($D12=OBJECTIFS!$B$13,OBJECTIFS!$H$15="taux de chute"),AND($D12=OBJECTIFS!$B$20,OBJECTIFS!$H$22="taux de chute"),AND($D12=OBJECTIFS!$B$27,OBJECTIFS!$H$29="taux de chute"),AND($D12=OBJECTIFS!$B$34,OBJECTIFS!$H$36="taux de chute")),IFERROR(W12/V12,""),IFERROR(V12/W12,"")) | Y12: =IFERROR(IF(OR(V12="",W12="",X12=""),0,IF(X12<OBJECTIFS!$E$56,0,IF(X12<OBJECTIFS!$G$56,Y$8*OBJECTIFS!$F$60,IF(X12<OBJECTIFS!$I$56,Y$8*OBJECTIFS!$H$60,Y$8)))),0) -> 0 | AA12: =IF(OR($A12="",$D12="",Z12=""),"",SUMIFS(OBJECTIFS!I$9:I$39,OBJECTIFS!$A$9:$A$39,$D12,OBJECTIFS!$C$9:$C$39,$F12)) | AB12: =IF(OR(AND($D12=OBJECTIFS!$B$6,OBJECTIFS!I$8="dmt"),AND($D12=OBJECTIFS!$B$13,OBJECTIFS!$I$15="dmt"),AND($D12=OBJECTIFS!$B$20,OBJECTIFS!$I$22="dmt"),AND($D12=OBJECTIFS!$B$27,OBJECTIFS!$I$29="dmt"),AND($D12=OBJECTIFS!$B$34,OBJECTIFS!$I$36="dmt"),AND($D12=OBJECTIFS!$B$6,OBJECTIFS!$I$8="taux de chute"),AND($D12=OBJECTIFS!$B$13,OBJECTIFS!$I$15="taux de chute"),AND($D12=OBJECTIFS!$B$20,OBJECTIFS!$I$22="taux de chute"),AND($D12=OBJECTIFS!$B$27,OBJECTIFS!$I$29="taux de chute"),AND($D12=OBJECTIFS!$B$34,OBJECTIFS!$I$36="taux de chute")),IFERROR(AA12/Z12,""),IFERROR(Z12/AA12,"")) | AC12: =IFERROR(IF(OR(Z12="",AA12="",AB12=""),0,IF(AB12<OBJECTIFS!$E$56,0,IF(AB12<OBJECTIFS!$G$56,AC$8*OBJECTIFS!$F$60,IF(AB12<OBJECTIFS!$I$56,AC$8*OBJECTIFS!$H$60,AC$8)))),0) -> 0 | AF12: =IF(AD12>=1,0,SUMIF($J$7:$AC$8,"Nb de points",$J12:$AC12)) -> 0 | AM12: =SUM(AK12:AL12,AI12) -> 0 | AN12: 22 | AO12: =IFERROR(IF(IF(OR(AI12>=2,AJ12>=8,AND(AI12=1,AJ12>=4)),0,IF(OR(AND(AI12=1,AJ12<4),AND(AI12=0,AJ12>=4,AJ12<8)),50%,100%))*(AN12-AM12)/AN12=0,-100%,IF(OR(AI12>=2,AJ12>=8,AND(AI12=1,AJ12>=4)),0,IF(OR(AND(AI12=1,AJ12<4),AND(AI12=0,AJ12>=4,AJ12<8)),50%,100%))*(AN12-AM12)/AN12-1),"") -> 0 | AP12: =IFERROR((H12*AF12/100)*(1+AO12),"") | AR12: =IFERROR(VLOOKUP(B12,OBJECTIFS!$C$76:$E$137,2,FALSE),0) -> 0 | AS12: =IFERROR(VLOOKUP(B12,OBJECTIFS!$H$76:$J$137,2,FALSE),0) -> 0 | AT12: =IFERROR(VLOOKUP(B12,OBJECTIFS!$C$142:$E$203,2,FALSE),0) -> 0 | AU12: =IFERROR(VLOOKUP(B12,OBJECTIFS!$H$142:$J$203,2,FALSE),0) -> 0 | AV12: =IFERROR(VLOOKUP(B12,OBJECTIFS!$F$208:$H$269,3,FALSE),0) -> 0 | AW12: =IF($B$5="interne",IF($AR$6="prime de langue",IF(AH12>=191,SUM(AS12:AV12,AR12/191*191),SUM(AS12:AV12,AR12/191*AH12)),IF($AS$6="prime de langue",IF(AH12>=191,SUM(AR12,AT12,AU12,AV12,AS12/191*191),SUM(AR12,AT12,AU12,AV12,AS12/191*AH12)),IF($AT$6="prime de langue",IF(AH12>=191,SUM(AR12,AS12,AU12,AV12,AT12/191*191),SUM(AR12,AS12,AU12,AV12,AT12/191*AH12)),IF($AU$6="prime de langue",IF(AH12>=191,SUM(AR12,AT12,AV12,AS12,AU12/191*191),SUM(AR12,AT12,AV12,AS12,AU12/191*AH12)),SUM(AR12:AV12))))),IF($AR$6="prime de langue",IF(AH12>=176,SUM(AS12:AV12,AR12/176*176),SUM(AS12:AV12,AR12/176*AH12)),IF($AS$6="prime de langue",IF(AH12>=176,SUM(AR12,AT12,AU12,AV12,AS12/176*176),SUM(AR12,AT12,AU12,AV12,AS12/176*AH12)),IF($AT$6="prime de langue",IF(AH12>=176,SUM(AR12,AS12,AU12,AV12,AT12/176*176),SUM(AR12,AS12,AU12,AV12,AT12/176*AH12)),IF($AU$6="prime de langue",IF(AH12>=176,SUM(AR12,AT12,AV12,AS12,AU12/176*176),SUM(AR12,AT12,AV12,AS12,AU12/176*AH12)),SUM(AR12:AV12)))))) -> 0 | AY12: =IFERROR(((H12*AF12/100)*(1+AO12)+AW12),"") | BA12: =IFERROR(IF(OR(AI12>=2,AJ12>=8,AND(AI12=1,AJ12>=4)),0,IF(OR(AND(AI12=1,AJ12<4),AND(AI12=0,AJ12>=4,AJ12<8)),0.5,1))*AF12*(AN12-AM12)/AN12,"") -> 0 | BB12: =IF(BC12="","","è") | BC12: =IF(BA12=0,"",IF(BA12>=MAX($BA$9:$BA$216),A12,""))
H13: =IF(OR(D13="",F13="",A13=""),"",IF(E13="oui",0,IF(D13=OBJECTIFS!$C$45,VLOOKUP(F13,OBJECTIFS!$C$9:$D$11,2,FALSE),IF(D13=OBJECTIFS!$C$46,VLOOKUP(F13,OBJECTIFS!$C$16:$D$18,2,FALSE),IF(D13=OBJECTIFS!$C$47,VLOOKUP(F13,OBJECTIFS!$C$23:$D$25,2,FALSE),IF(D13=OBJECTIFS!$C$48,VLOOKUP(F13,OBJECTIFS!$C$30:$D$32,2,FALSE),IF(D13=OBJECTIFS!$C$49,VLOOKUP(F13,OBJECTIFS!$C$37:$D$39,2,FALSE)))))))) | K13: =IF(OR($A13="",$D13="",J13=""),"",SUMIFS(OBJECTIFS!E$9:E$39,OBJECTIFS!$A$9:$A$39,$D13,OBJECTIFS!$C$9:$C$39,$F13)) | L13: =IF(OR(AND($D13=OBJECTIFS!$B$6,OBJECTIFS!E$8="dmt"),AND($D13=OBJECTIFS!$B$13,OBJECTIFS!$E$15="dmt"),AND($D13=OBJECTIFS!$B$20,OBJECTIFS!$E$22="dmt"),AND($D13=OBJECTIFS!$B$27,OBJECTIFS!$E$29="dmt"),AND($D13=OBJECTIFS!$B$34,OBJECTIFS!$E$36="dmt"),AND($D13=OBJECTIFS!$B$6,OBJECTIFS!$E$8="taux de chute"),AND($D13=OBJECTIFS!$B$13,OBJECTIFS!$E$15="taux de chute"),AND($D13=OBJECTIFS!$B$20,OBJECTIFS!$E$22="taux de chute"),AND($D13=OBJECTIFS!$B$27,OBJECTIFS!$E$29="taux de chute"),AND($D13=OBJECTIFS!$B$34,OBJECTIFS!$E$36="taux de chute")),IFERROR(K13/J13,""),IFERROR(J13/K13,"")) | M13: =IFERROR(IF(OR(J13="",K13="",L13=""),0,IF(L13<OBJECTIFS!$E$56,0,IF(L13<OBJECTIFS!$G$56,M$8*OBJECTIFS!$F$60,IF(L13<OBJECTIFS!$I$56,M$8*OBJECTIFS!$H$60,M$8)))),0) -> 0 | O13: =IF(OR($A13="",$D13="",N13=""),"",SUMIFS(OBJECTIFS!F$9:F$39,OBJECTIFS!$A$9:$A$39,$D13,OBJECTIFS!$C$9:$C$39,$F13)) | P13: =IF(OR(AND($D13=OBJECTIFS!$B$6,OBJECTIFS!$F$8="dmt"),AND($D13=OBJECTIFS!$B$13,OBJECTIFS!$F$15="dmt"),AND($D13=OBJECTIFS!$B$20,OBJECTIFS!$F$22="dmt"),AND($D13=OBJECTIFS!$B$27,OBJECTIFS!$F$29="dmt"),AND($D13=OBJECTIFS!$B$34,OBJECTIFS!$F$36="dmt"),AND($D13=OBJECTIFS!$B$6,OBJECTIFS!$F$8="taux de chute"),AND($D13=OBJECTIFS!$B$13,OBJECTIFS!$F$15="taux de chute"),AND($D13=OBJECTIFS!$B$20,OBJECTIFS!$F$22="taux de chute"),AND($D13=OBJECTIFS!$B$27,OBJECTIFS!$F$29="taux de chute"),AND($D13=OBJECTIFS!$B$34,OBJECTIFS!$F$36="taux de chute")),IFERROR(O13/N13,""),IFERROR(N13/O13,"")) | Q13: =IFERROR(IF(OR(N13="",O13="",P13=""),0,IF(P13<OBJECTIFS!$E$56,0,IF(P13<OBJECTIFS!$G$56,Q$8*OBJECTIFS!$F$60,IF(P13<OBJECTIFS!$I$56,Q$8*OBJECTIFS!$H$60,Q$8)))),0) -> 0 | S13: =IF(OR($A13="",$D13="",R13=""),"",SUMIFS(OBJECTIFS!G$9:G$39,OBJECTIFS!$A$9:$A$39,$D13,OBJECTIFS!$C$9:$C$39,$F13)) | T13: =IF(OR(AND($D13=OBJECTIFS!$B$6,OBJECTIFS!G$8="dmt"),AND($D13=OBJECTIFS!$B$13,OBJECTIFS!$G$15="dmt"),AND($D13=OBJECTIFS!$B$20,OBJECTIFS!$G$22="dmt"),AND($D13=OBJECTIFS!$B$27,OBJECTIFS!$G$29="dmt"),AND($D13=OBJECTIFS!$B$34,OBJECTIFS!$G$36="dmt"),AND($D13=OBJECTIFS!$B$6,OBJECTIFS!$G$8="taux de chute"),AND($D13=OBJECTIFS!$B$13,OBJECTIFS!$G$15="taux de chute"),AND($D13=OBJECTIFS!$B$20,OBJECTIFS!$G$22="taux de chute"),AND($D13=OBJECTIFS!$B$27,OBJECTIFS!$G$29="taux de chute"),AND($D13=OBJECTIFS!$B$34,OBJECTIFS!$G$36="taux de chute")),IFERROR(S13/R13,""),IFERROR(R13/S13,"")) | U13: =IFERROR(IF(OR(R13="",S13="",T13=""),0,IF(T13<OBJECTIFS!$E$56,0,IF(T13<OBJECTIFS!$G$56,U$8*OBJECTIFS!$F$60,IF(T13<OBJECTIFS!$I$56,U$8*OBJECTIFS!$H$60,U$8)))),0) -> 0 | W13: =IF(OR($A13="",$D13="",V13=""),"",SUMIFS(OBJECTIFS!H$9:H$39,OBJECTIFS!$A$9:$A$39,$D13,OBJECTIFS!$C$9:$C$39,$F13)) | X13: =IF(OR(AND($D13=OBJECTIFS!$B$6,OBJECTIFS!H$8="dmt"),AND($D13=OBJECTIFS!$B$13,OBJECTIFS!$H$15="dmt"),AND($D13=OBJECTIFS!$B$20,OBJECTIFS!$H$22="dmt"),AND($D13=OBJECTIFS!$B$27,OBJECTIFS!$H$29="dmt"),AND($D13=OBJECTIFS!$B$34,OBJECTIFS!$H$36="dmt"),AND($D13=OBJECTIFS!$B$6,OBJECTIFS!$H$8="taux de chute"),AND($D13=OBJECTIFS!$B$13,OBJECTIFS!$H$15="taux de chute"),AND($D13=OBJECTIFS!$B$20,OBJECTIFS!$H$22="taux de chute"),AND($D13=OBJECTIFS!$B$27,OBJECTIFS!$H$29="taux de chute"),AND($D13=OBJECTIFS!$B$34,OBJECTIFS!$H$36="taux de chute")),IFERROR(W13/V13,""),IFERROR(V13/W13,"")) | Y13: =IFERROR(IF(OR(V13="",W13="",X13=""),0,IF(X13<OBJECTIFS!$E$56,0,IF(X13<OBJECTIFS!$G$56,Y$8*OBJECTIFS!$F$60,IF(X13<OBJECTIFS!$I$56,Y$8*OBJECTIFS!$H$60,Y$8)))),0) -> 0 | AA13: =IF(OR($A13="",$D13="",Z13=""),"",SUMIFS(OBJECTIFS!I$9:I$39,OBJECTIFS!$A$9:$A$39,$D13,OBJECTIFS!$C$9:$C$39,$F13)) | AB13: =IF(OR(AND($D13=OBJECTIFS!$B$6,OBJECTIFS!I$8="dmt"),AND($D13=OBJECTIFS!$B$13,OBJECTIFS!$I$15="dmt"),AND($D13=OBJECTIFS!$B$20,OBJECTIFS!$I$22="dmt"),AND($D13=OBJECTIFS!$B$27,OBJECTIFS!$I$29="dmt"),AND($D13=OBJECTIFS!$B$34,OBJECTIFS!$I$36="dmt"),AND($D13=OBJECTIFS!$B$6,OBJECTIFS!$I$8="taux de chute"),AND($D13=OBJECTIFS!$B$13,OBJECTIFS!$I$15="taux de chute"),AND($D13=OBJECTIFS!$B$20,OBJECTIFS!$I$22="taux de chute"),AND($D13=OBJECTIFS!$B$27,OBJECTIFS!$I$29="taux de chute"),AND($D13=OBJECTIFS!$B$34,OBJECTIFS!$I$36="taux de chute")),IFERROR(AA13/Z13,""),IFERROR(Z13/AA13,"")) | AC13: =IFERROR(IF(OR(Z13="",AA13="",AB13=""),0,IF(AB13<OBJECTIFS!$E$56,0,IF(AB13<OBJECTIFS!$G$56,AC$8*OBJECTIFS!$F$60,IF(AB13<OBJECTIFS!$I$56,AC$8*OBJECTIFS!$H$60,AC$8)))),0) -> 0 | AF13: =IF(AD13>=1,0,SUMIF($J$7:$AC$8,"Nb de points",$J13:$AC13)) -> 0 | AM13: =SUM(AK13:AL13,AI13) -> 0 | AN13: 22 | AO13: =IFERROR(IF(IF(OR(AI13>=2,AJ13>=8,AND(AI13=1,AJ13>=4)),0,IF(OR(AND(AI13=1,AJ13<4),AND(AI13=0,AJ13>=4,AJ13<8)),50%,100%))*(AN13-AM13)/AN13=0,-100%,IF(OR(AI13>=2,AJ13>=8,AND(AI13=1,AJ13>=4)),0,IF(OR(AND(AI13=1,AJ13<4),AND(AI13=0,AJ13>=4,AJ13<8)),50%,100%))*(AN13-AM13)/AN13-1),"") -> 0 | AP13: =IFERROR((H13*AF13/100)*(1+AO13),"") | AR13: =IFERROR(VLOOKUP(B13,OBJECTIFS!$C$76:$E$137,2,FALSE),0) -> 0 | AS13: =IFERROR(VLOOKUP(B13,OBJECTIFS!$H$76:$J$137,2,FALSE),0) -> 0 | AT13: =IFERROR(VLOOKUP(B13,OBJECTIFS!$C$142:$E$203,2,FALSE),0) -> 0 | AU13: =IFERROR(VLOOKUP(B13,OBJECTIFS!$H$142:$J$203,2,FALSE),0) -> 0 | AV13: =IFERROR(VLOOKUP(B13,OBJECTIFS!$F$208:$H$269,3,FALSE),0) -> 0 | AW13: =IF($B$5="interne",IF($AR$6="prime de langue",IF(AH13>=191,SUM(AS13:AV13,AR13/191*191),SUM(AS13:AV13,AR13/191*AH13)),IF($AS$6="prime de langue",IF(AH13>=191,SUM(AR13,AT13,AU13,AV13,AS13/191*191),SUM(AR13,AT13,AU13,AV13,AS13/191*AH13)),IF($AT$6="prime de langue",IF(AH13>=191,SUM(AR13,AS13,AU13,AV13,AT13/191*191),SUM(AR13,AS13,AU13,AV13,AT13/191*AH13)),IF($AU$6="prime de langue",IF(AH13>=191,SUM(AR13,AT13,AV13,AS13,AU13/191*191),SUM(AR13,AT13,AV13,AS13,AU13/191*AH13)),SUM(AR13:AV13))))),IF($AR$6="prime de langue",IF(AH13>=176,SUM(AS13:AV13,AR13/176*176),SUM(AS13:AV13,AR13/176*AH13)),IF($AS$6="prime de langue",IF(AH13>=176,SUM(AR13,AT13,AU13,AV13,AS13/176*176),SUM(AR13,AT13,AU13,AV13,AS13/176*AH13)),IF($AT$6="prime de langue",IF(AH13>=176,SUM(AR13,AS13,AU13,AV13,AT13/176*176),SUM(AR13,AS13,AU13,AV13,AT13/176*AH13)),IF($AU$6="prime de langue",IF(AH13>=176,SUM(AR13,AT13,AV13,AS13,AU13/176*176),SUM(AR13,AT13,AV13,AS13,AU13/176*AH13)),SUM(AR13:AV13)))))) -> 0 | AY13: =IFERROR(((H13*AF13/100)*(1+AO13)+AW13),"") | BA13: =IFERROR(IF(OR(AI13>=2,AJ13>=8,AND(AI13=1,AJ13>=4)),0,IF(OR(AND(AI13=1,AJ13<4),AND(AI13=0,AJ13>=4,AJ13<8)),0.5,1))*AF13*(AN13-AM13)/AN13,"") -> 0 | BB13: =IF(BC13="","","è") | BC13: =IF(BA13=0,"",IF(BA13>=MAX($BA$9:$BA$216),A13,""))
H14: =IF(OR(D14="",F14="",A14=""),"",IF(E14="oui",0,IF(D14=OBJECTIFS!$C$45,VLOOKUP(F14,OBJECTIFS!$C$9:$D$11,2,FALSE),IF(D14=OBJECTIFS!$C$46,VLOOKUP(F14,OBJECTIFS!$C$16:$D$18,2,FALSE),IF(D14=OBJECTIFS!$C$47,VLOOKUP(F14,OBJECTIFS!$C$23:$D$25,2,FALSE),IF(D14=OBJECTIFS!$C$48,VLOOKUP(F14,OBJECTIFS!$C$30:$D$32,2,FALSE),IF(D14=OBJECTIFS!$C$49,VLOOKUP(F14,OBJECTIFS!$C$37:$D$39,2,FALSE)))))))) | K14: =IF(OR($A14="",$D14="",J14=""),"",SUMIFS(OBJECTIFS!E$9:E$39,OBJECTIFS!$A$9:$A$39,$D14,OBJECTIFS!$C$9:$C$39,$F14)) | L14: =IF(OR(AND($D14=OBJECTIFS!$B$6,OBJECTIFS!E$8="dmt"),AND($D14=OBJECTIFS!$B$13,OBJECTIFS!$E$15="dmt"),AND($D14=OBJECTIFS!$B$20,OBJECTIFS!$E$22="dmt"),AND($D14=OBJECTIFS!$B$27,OBJECTIFS!$E$29="dmt"),AND($D14=OBJECTIFS!$B$34,OBJECTIFS!$E$36="dmt"),AND($D14=OBJECTIFS!$B$6,OBJECTIFS!$E$8="taux de chute"),AND($D14=OBJECTIFS!$B$13,OBJECTIFS!$E$15="taux de chute"),AND($D14=OBJECTIFS!$B$20,OBJECTIFS!$E$22="taux de chute"),AND($D14=OBJECTIFS!$B$27,OBJECTIFS!$E$29="taux de chute"),AND($D14=OBJECTIFS!$B$34,OBJECTIFS!$E$36="taux de chute")),IFERROR(K14/J14,""),IFERROR(J14/K14,"")) | M14: =IFERROR(IF(OR(J14="",K14="",L14=""),0,IF(L14<OBJECTIFS!$E$56,0,IF(L14<OBJECTIFS!$G$56,M$8*OBJECTIFS!$F$60,IF(L14<OBJECTIFS!$I$56,M$8*OBJECTIFS!$H$60,M$8)))),0) -> 0 | O14: =IF(OR($A14="",$D14="",N14=""),"",SUMIFS(OBJECTIFS!F$9:F$39,OBJECTIFS!$A$9:$A$39,$D14,OBJECTIFS!$C$9:$C$39,$F14)) | P14: =IF(OR(AND($D14=OBJECTIFS!$B$6,OBJECTIFS!$F$8="dmt"),AND($D14=OBJECTIFS!$B$13,OBJECTIFS!$F$15="dmt"),AND($D14=OBJECTIFS!$B$20,OBJECTIFS!$F$22="dmt"),AND($D14=OBJECTIFS!$B$27,OBJECTIFS!$F$29="dmt"),AND($D14=OBJECTIFS!$B$34,OBJECTIFS!$F$36="dmt"),AND($D14=OBJECTIFS!$B$6,OBJECTIFS!$F$8="taux de chute"),AND($D14=OBJECTIFS!$B$13,OBJECTIFS!$F$15="taux de chute"),AND($D14=OBJECTIFS!$B$20,OBJECTIFS!$F$22="taux de chute"),AND($D14=OBJECTIFS!$B$27,OBJECTIFS!$F$29="taux de chute"),AND($D14=OBJECTIFS!$B$34,OBJECTIFS!$F$36="taux de chute")),IFERROR(O14/N14,""),IFERROR(N14/O14,"")) | Q14: =IFERROR(IF(OR(N14="",O14="",P14=""),0,IF(P14<OBJECTIFS!$E$56,0,IF(P14<OBJECTIFS!$G$56,Q$8*OBJECTIFS!$F$60,IF(P14<OBJECTIFS!$I$56,Q$8*OBJECTIFS!$H$60,Q$8)))),0) -> 0 | S14: =IF(OR($A14="",$D14="",R14=""),"",SUMIFS(OBJECTIFS!G$9:G$39,OBJECTIFS!$A$9:$A$39,$D14,OBJECTIFS!$C$9:$C$39,$F14)) | T14: =IF(OR(AND($D14=OBJECTIFS!$B$6,OBJECTIFS!G$8="dmt"),AND($D14=OBJECTIFS!$B$13,OBJECTIFS!$G$15="dmt"),AND($D14=OBJECTIFS!$B$20,OBJECTIFS!$G$22="dmt"),AND($D14=OBJECTIFS!$B$27,OBJECTIFS!$G$29="dmt"),AND($D14=OBJECTIFS!$B$34,OBJECTIFS!$G$36="dmt"),AND($D14=OBJECTIFS!$B$6,OBJECTIFS!$G$8="taux de chute"),AND($D14=OBJECTIFS!$B$13,OBJECTIFS!$G$15="taux de chute"),AND($D14=OBJECTIFS!$B$20,OBJECTIFS!$G$22="taux de chute"),AND($D14=OBJECTIFS!$B$27,OBJECTIFS!$G$29="taux de chute"),AND($D14=OBJECTIFS!$B$34,OBJECTIFS!$G$36="taux de chute")),IFERROR(S14/R14,""),IFERROR(R14/S14,"")) | U14: =IFERROR(IF(OR(R14="",S14="",T14=""),0,IF(T14<OBJECTIFS!$E$56,0,IF(T14<OBJECTIFS!$G$56,U$8*OBJECTIFS!$F$60,IF(T14<OBJECTIFS!$I$56,U$8*OBJECTIFS!$H$60,U$8)))),0) -> 0 | W14: =IF(OR($A14="",$D14="",V14=""),"",SUMIFS(OBJECTIFS!H$9:H$39,OBJECTIFS!$A$9:$A$39,$D14,OBJECTIFS!$C$9:$C$39,$F14)) | X14: =IF(OR(AND($D14=OBJECTIFS!$B$6,OBJECTIFS!H$8="dmt"),AND($D14=OBJECTIFS!$B$13,OBJECTIFS!$H$15="dmt"),AND($D14=OBJECTIFS!$B$20,OBJECTIFS!$H$22="dmt"),AND($D14=OBJECTIFS!$B$27,OBJECTIFS!$H$29="dmt"),AND($D14=OBJECTIFS!$B$34,OBJECTIFS!$H$36="dmt"),AND($D14=OBJECTIFS!$B$6,OBJECTIFS!$H$8="taux de chute"),AND($D14=OBJECTIFS!$B$13,OBJECTIFS!$H$15="taux de chute"),AND($D14=OBJECTIFS!$B$20,OBJECTIFS!$H$22="taux de chute"),AND($D14=OBJECTIFS!$B$27,OBJECTIFS!$H$29="taux de chute"),AND($D14=OBJECTIFS!$B$34,OBJECTIFS!$H$36="taux de chute")),IFERROR(W14/V14,""),IFERROR(V14/W14,"")) | Y14: =IFERROR(IF(OR(V14="",W14="",X14=""),0,IF(X14<OBJECTIFS!$E$56,0,IF(X14<OBJECTIFS!$G$56,Y$8*OBJECTIFS!$F$60,IF(X14<OBJECTIFS!$I$56,Y$8*OBJECTIFS!$H$60,Y$8)))),0) -> 0 | AA14: =IF(OR($A14="",$D14="",Z14=""),"",SUMIFS(OBJECTIFS!I$9:I$39,OBJECTIFS!$A$9:$A$39,$D14,OBJECTIFS!$C$9:$C$39,$F14)) | AB14: =IF(OR(AND($D14=OBJECTIFS!$B$6,OBJECTIFS!I$8="dmt"),AND($D14=OBJECTIFS!$B$13,OBJECTIFS!$I$15="dmt"),AND($D14=OBJECTIFS!$B$20,OBJECTIFS!$I$22="dmt"),AND($D14=OBJECTIFS!$B$27,OBJECTIFS!$I$29="dmt"),AND($D14=OBJECTIFS!$B$34,OBJECTIFS!$I$36="dmt"),AND($D14=OBJECTIFS!$B$6,OBJECTIFS!$I$8="taux de chute"),AND($D14=OBJECTIFS!$B$13,OBJECTIFS!$I$15="taux de chute"),AND($D14=OBJECTIFS!$B$20,OBJECTIFS!$I$22="taux de chute"),AND($D14=OBJECTIFS!$B$27,OBJECTIFS!$I$29="taux de chute"),AND($D14=OBJECTIFS!$B$34,OBJECTIFS!$I$36="taux de chute")),IFERROR(AA14/Z14,""),IFERROR(Z14/AA14,"")) | AC14: =IFERROR(IF(OR(Z14="",AA14="",AB14=""),0,IF(AB14<OBJECTIFS!$E$56,0,IF(AB14<OBJECTIFS!$G$56,AC$8*OBJECTIFS!$F$60,IF(AB14<OBJECTIFS!$I$56,AC$8*OBJECTIFS!$H$60,AC$8)))),0) -> 0 | AF14: =IF(AD14>=1,0,SUMIF($J$7:$AC$8,"Nb de points",$J14:$AC14)) -> 0 | AM14: =SUM(AK14:AL14,AI14) -> 0 | AN14: 22 | AO14: =IFERROR(IF(IF(OR(AI14>=2,AJ14>=8,AND(AI14=1,AJ14>=4)),0,IF(OR(AND(AI14=1,AJ14<4),AND(AI14=0,AJ14>=4,AJ14<8)),50%,100%))*(AN14-AM14)/AN14=0,-100%,IF(OR(AI14>=2,AJ14>=8,AND(AI14=1,AJ14>=4)),0,IF(OR(AND(AI14=1,AJ14<4),AND(AI14=0,AJ14>=4,AJ14<8)),50%,100%))*(AN14-AM14)/AN14-1),"") -> 0 | AP14: =IFERROR((H14*AF14/100)*(1+AO14),"") | AR14: =IFERROR(VLOOKUP(B14,OBJECTIFS!$C$76:$E$137,2,FALSE),0) -> 0 | AS14: =IFERROR(VLOOKUP(B14,OBJECTIFS!$H$76:$J$137,2,FALSE),0) -> 0 | AT14: =IFERROR(VLOOKUP(B14,OBJECTIFS!$C$142:$E$203,2,FALSE),0) -> 0 | AU14: =IFERROR(VLOOKUP(B14,OBJECTIFS!$H$142:$J$203,2,FALSE),0) -> 0 | AV14: =IFERROR(VLOOKUP(B14,OBJECTIFS!$F$208:$H$269,3,FALSE),0) -> 0 | AW14: =IF($B$5="interne",IF($AR$6="prime de langue",IF(AH14>=191,SUM(AS14:AV14,AR14/191*191),SUM(AS14:AV14,AR14/191*AH14)),IF($AS$6="prime de langue",IF(AH14>=191,SUM(AR14,AT14,AU14,AV14,AS14/191*191),SUM(AR14,AT14,AU14,AV14,AS14/191*AH14)),IF($AT$6="prime de langue",IF(AH14>=191,SUM(AR14,AS14,AU14,AV14,AT14/191*191),SUM(AR14,AS14,AU14,AV14,AT14/191*AH14)),IF($AU$6="prime de langue",IF(AH14>=191,SUM(AR14,AT14,AV14,AS14,AU14/191*191),SUM(AR14,AT14,AV14,AS14,AU14/191*AH14)),SUM(AR14:AV14))))),IF($AR$6="prime de langue",IF(AH14>=176,SUM(AS14:AV14,AR14/176*176),SUM(AS14:AV14,AR14/176*AH14)),IF($AS$6="prime de langue",IF(AH14>=176,SUM(AR14,AT14,AU14,AV14,AS14/176*176),SUM(AR14,AT14,AU14,AV14,AS14/176*AH14)),IF($AT$6="prime de langue",IF(AH14>=176,SUM(AR14,AS14,AU14,AV14,AT14/176*176),SUM(AR14,AS14,AU14,AV14,AT14/176*AH14)),IF($AU$6="prime de langue",IF(AH14>=176,SUM(AR14,AT14,AV14,AS14,AU14/176*176),SUM(AR14,AT14,AV14,AS14,AU14/176*AH14)),SUM(AR14:AV14)))))) -> 0 | AY14: =IFERROR(((H14*AF14/100)*(1+AO14)+AW14),"") | BA14: =IFERROR(IF(OR(AI14>=2,AJ14>=8,AND(AI14=1,AJ14>=4)),0,IF(OR(AND(AI14=1,AJ14<4),AND(AI14=0,AJ14>=4,AJ14<8)),0.5,1))*AF14*(AN14-AM14)/AN14,"") -> 0 | BB14: =IF(BC14="","","è") | BC14: =IF(BA14=0,"",IF(BA14>=MAX($BA$9:$BA$216),A14,""))
H15: =IF(OR(D15="",F15="",A15=""),"",IF(E15="oui",0,IF(D15=OBJECTIFS!$C$45,VLOOKUP(F15,OBJECTIFS!$C$9:$D$11,2,FALSE),IF(D15=OBJECTIFS!$C$46,VLOOKUP(F15,OBJECTIFS!$C$16:$D$18,2,FALSE),IF(D15=OBJECTIFS!$C$47,VLOOKUP(F15,OBJECTIFS!$C$23:$D$25,2,FALSE),IF(D15=OBJECTIFS!$C$48,VLOOKUP(F15,OBJECTIFS!$C$30:$D$32,2,FALSE),IF(D15=OBJECTIFS!$C$49,VLOOKUP(F15,OBJECTIFS!$C$37:$D$39,2,FALSE)))))))) | K15: =IF(OR($A15="",$D15="",J15=""),"",SUMIFS(OBJECTIFS!E$9:E$39,OBJECTIFS!$A$9:$A$39,$D15,OBJECTIFS!$C$9:$C$39,$F15)) | L15: =IF(OR(AND($D15=OBJECTIFS!$B$6,OBJECTIFS!E$8="dmt"),AND($D15=OBJECTIFS!$B$13,OBJECTIFS!$E$15="dmt"),AND($D15=OBJECTIFS!$B$20,OBJECTIFS!$E$22="dmt"),AND($D15=OBJECTIFS!$B$27,OBJECTIFS!$E$29="dmt"),AND($D15=OBJECTIFS!$B$34,OBJECTIFS!$E$36="dmt"),AND($D15=OBJECTIFS!$B$6,OBJECTIFS!$E$8="taux de chute"),AND($D15=OBJECTIFS!$B$13,OBJECTIFS!$E$15="taux de chute"),AND($D15=OBJECTIFS!$B$20,OBJECTIFS!$E$22="taux de chute"),AND($D15=OBJECTIFS!$B$27,OBJECTIFS!$E$29="taux de chute"),AND($D15=OBJECTIFS!$B$34,OBJECTIFS!$E$36="taux de chute")),IFERROR(K15/J15,""),IFERROR(J15/K15,"")) | M15: =IFERROR(IF(OR(J15="",K15="",L15=""),0,IF(L15<OBJECTIFS!$E$56,0,IF(L15<OBJECTIFS!$G$56,M$8*OBJECTIFS!$F$60,IF(L15<OBJECTIFS!$I$56,M$8*OBJECTIFS!$H$60,M$8)))),0) -> 0 | O15: =IF(OR($A15="",$D15="",N15=""),"",SUMIFS(OBJECTIFS!F$9:F$39,OBJECTIFS!$A$9:$A$39,$D15,OBJECTIFS!$C$9:$C$39,$F15)) | P15: =IF(OR(AND($D15=OBJECTIFS!$B$6,OBJECTIFS!$F$8="dmt"),AND($D15=OBJECTIFS!$B$13,OBJECTIFS!$F$15="dmt"),AND($D15=OBJECTIFS!$B$20,OBJECTIFS!$F$22="dmt"),AND($D15=OBJECTIFS!$B$27,OBJECTIFS!$F$29="dmt"),AND($D15=OBJECTIFS!$B$34,OBJECTIFS!$F$36="dmt"),AND($D15=OBJECTIFS!$B$6,OBJECTIFS!$F$8="taux de chute"),AND($D15=OBJECTIFS!$B$13,OBJECTIFS!$F$15="taux de chute"),AND($D15=OBJECTIFS!$B$20,OBJECTIFS!$F$22="taux de chute"),AND($D15=OBJECTIFS!$B$27,OBJECTIFS!$F$29="taux de chute"),AND($D15=OBJECTIFS!$B$34,OBJECTIFS!$F$36="taux de chute")),IFERROR(O15/N15,""),IFERROR(N15/O15,"")) | Q15: =IFERROR(IF(OR(N15="",O15="",P15=""),0,IF(P15<OBJECTIFS!$E$56,0,IF(P15<OBJECTIFS!$G$56,Q$8*OBJECTIFS!$F$60,IF(P15<OBJECTIFS!$I$56,Q$8*OBJECTIFS!$H$60,Q$8)))),0) -> 0 | S15: =IF(OR($A15="",$D15="",R15=""),"",SUMIFS(OBJECTIFS!G$9:G$39,OBJECTIFS!$A$9:$A$39,$D15,OBJECTIFS!$C$9:$C$39,$F15)) | T15: =IF(OR(AND($D15=OBJECTIFS!$B$6,OBJECTIFS!G$8="dmt"),AND($D15=OBJECTIFS!$B$13,OBJECTIFS!$G$15="dmt"),AND($D15=OBJECTIFS!$B$20,OBJECTIFS!$G$22="dmt"),AND($D15=OBJECTIFS!$B$27,OBJECTIFS!$G$29="dmt"),AND($D15=OBJECTIFS!$B$34,OBJECTIFS!$G$36="dmt"),AND($D15=OBJECTIFS!$B$6,OBJECTIFS!$G$8="taux de chute"),AND($D15=OBJECTIFS!$B$13,OBJECTIFS!$G$15="taux de chute"),AND($D15=OBJECTIFS!$B$20,OBJECTIFS!$G$22="taux de chute"),AND($D15=OBJECTIFS!$B$27,OBJECTIFS!$G$29="taux de chute"),AND($D15=OBJECTIFS!$B$34,OBJECTIFS!$G$36="taux de chute")),IFERROR(S15/R15,""),IFERROR(R15/S15,"")) | U15: =IFERROR(IF(OR(R15="",S15="",T15=""),0,IF(T15<OBJECTIFS!$E$56,0,IF(T15<OBJECTIFS!$G$56,U$8*OBJECTIFS!$F$60,IF(T15<OBJECTIFS!$I$56,U$8*OBJECTIFS!$H$60,U$8)))),0) -> 0 | W15: =IF(OR($A15="",$D15="",V15=""),"",SUMIFS(OBJECTIFS!H$9:H$39,OBJECTIFS!$A$9:$A$39,$D15,OBJECTIFS!$C$9:$C$39,$F15)) | X15: =IF(OR(AND($D15=OBJECTIFS!$B$6,OBJECTIFS!H$8="dmt"),AND($D15=OBJECTIFS!$B$13,OBJECTIFS!$H$15="dmt"),AND($D15=OBJECTIFS!$B$20,OBJECTIFS!$H$22="dmt"),AND($D15=OBJECTIFS!$B$27,OBJECTIFS!$H$29="dmt"),AND($D15=OBJECTIFS!$B$34,OBJECTIFS!$H$36="dmt"),AND($D15=OBJECTIFS!$B$6,OBJECTIFS!$H$8="taux de chute"),AND($D15=OBJECTIFS!$B$13,OBJECTIFS!$H$15="taux de chute"),AND($D15=OBJECTIFS!$B$20,OBJECTIFS!$H$22="taux de chute"),AND($D15=OBJECTIFS!$B$27,OBJECTIFS!$H$29="taux de chute"),AND($D15=OBJECTIFS!$B$34,OBJECTIFS!$H$36="taux de chute")),IFERROR(W15/V15,""),IFERROR(V15/W15,"")) | Y15: =IFERROR(IF(OR(V15="",W15="",X15=""),0,IF(X15<OBJECTIFS!$E$56,0,IF(X15<OBJECTIFS!$G$56,Y$8*OBJECTIFS!$F$60,IF(X15<OBJECTIFS!$I$56,Y$8*OBJECTIFS!$H$60,Y$8)))),0) -> 0 | AA15: =IF(OR($A15="",$D15="",Z15=""),"",SUMIFS(OBJECTIFS!I$9:I$39,OBJECTIFS!$A$9:$A$39,$D15,OBJECTIFS!$C$9:$C$39,$F15)) | AB15: =IF(OR(AND($D15=OBJECTIFS!$B$6,OBJECTIFS!I$8="dmt"),AND($D15=OBJECTIFS!$B$13,OBJECTIFS!$I$15="dmt"),AND($D15=OBJECTIFS!$B$20,OBJECTIFS!$I$22="dmt"),AND($D15=OBJECTIFS!$B$27,OBJECTIFS!$I$29="dmt"),AND($D15=OBJECTIFS!$B$34,OBJECTIFS!$I$36="dmt"),AND($D15=OBJECTIFS!$B$6,OBJECTIFS!$I$8="taux de chute"),AND($D15=OBJECTIFS!$B$13,OBJECTIFS!$I$15="taux de chute"),AND($D15=OBJECTIFS!$B$20,OBJECTIFS!$I$22="taux de chute"),AND($D15=OBJECTIFS!$B$27,OBJECTIFS!$I$29="taux de chute"),AND($D15=OBJECTIFS!$B$34,OBJECTIFS!$I$36="taux de chute")),IFERROR(AA15/Z15,""),IFERROR(Z15/AA15,"")) | AC15: =IFERROR(IF(OR(Z15="",AA15="",AB15=""),0,IF(AB15<OBJECTIFS!$E$56,0,IF(AB15<OBJECTIFS!$G$56,AC$8*OBJECTIFS!$F$60,IF(AB15<OBJECTIFS!$I$56,AC$8*OBJECTIFS!$H$60,AC$8)))),0) -> 0 | AF15: =IF(AD15>=1,0,SUMIF($J$7:$AC$8,"Nb de points",$J15:$AC15)) -> 0 | AM15: =SUM(AK15:AL15,AI15) -> 0 | AN15: 22 | AO15: =IFERROR(IF(IF(OR(AI15>=2,AJ15>=8,AND(AI15=1,AJ15>=4)),0,IF(OR(AND(AI15=1,AJ15<4),AND(AI15=0,AJ15>=4,AJ15<8)),50%,100%))*(AN15-AM15)/AN15=0,-100%,IF(OR(AI15>=2,AJ15>=8,AND(AI15=1,AJ15>=4)),0,IF(OR(AND(AI15=1,AJ15<4),AND(AI15=0,AJ15>=4,AJ15<8)),50%,100%))*(AN15-AM15)/AN15-1),"") -> 0 | AP15: =IFERROR((H15*AF15/100)*(1+AO15),"") | AR15: =IFERROR(VLOOKUP(B15,OBJECTIFS!$C$76:$E$137,2,FALSE),0) -> 0 | AS15: =IFERROR(VLOOKUP(B15,OBJECTIFS!$H$76:$J$137,2,FALSE),0) -> 0 | AT15: =IFERROR(VLOOKUP(B15,OBJECTIFS!$C$142:$E$203,2,FALSE),0) -> 0 | AU15: =IFERROR(VLOOKUP(B15,OBJECTIFS!$H$142:$J$203,2,FALSE),0) -> 0 | AV15: =IFERROR(VLOOKUP(B15,OBJECTIFS!$F$208:$H$269,3,FALSE),0) -> 0 | AW15: =IF($B$5="interne",IF($AR$6="prime de langue",IF(AH15>=191,SUM(AS15:AV15,AR15/191*191),SUM(AS15:AV15,AR15/191*AH15)),IF($AS$6="prime de langue",IF(AH15>=191,SUM(AR15,AT15,AU15,AV15,AS15/191*191),SUM(AR15,AT15,AU15,AV15,AS15/191*AH15)),IF($AT$6="prime de langue",IF(AH15>=191,SUM(AR15,AS15,AU15,AV15,AT15/191*191),SUM(AR15,AS15,AU15,AV15,AT15/191*AH15)),IF($AU$6="prime de langue",IF(AH15>=191,SUM(AR15,AT15,AV15,AS15,AU15/191*191),SUM(AR15,AT15,AV15,AS15,AU15/191*AH15)),SUM(AR15:AV15))))),IF($AR$6="prime de langue",IF(AH15>=176,SUM(AS15:AV15,AR15/176*176),SUM(AS15:AV15,AR15/176*AH15)),IF($AS$6="prime de langue",IF(AH15>=176,SUM(AR15,AT15,AU15,AV15,AS15/176*176),SUM(AR15,AT15,AU15,AV15,AS15/176*AH15)),IF($AT$6="prime de langue",IF(AH15>=176,SUM(AR15,AS15,AU15,AV15,AT15/176*176),SUM(AR15,AS15,AU15,AV15,AT15/176*AH15)),IF($AU$6="prime de langue",IF(AH15>=176,SUM(AR15,AT15,AV15,AS15,AU15/176*176),SUM(AR15,AT15,AV15,AS15,AU15/176*AH15)),SUM(AR15:AV15)))))) -> 0 | AY15: =IFERROR(((H15*AF15/100)*(1+AO15)+AW15),"") | BA15: =IFERROR(IF(OR(AI15>=2,AJ15>=8,AND(AI15=1,AJ15>=4)),0,IF(OR(AND(AI15=1,AJ15<4),AND(AI15=0,AJ15>=4,AJ15<8)),0.5,1))*AF15*(AN15-AM15)/AN15,"") -> 0 | BB15: =IF(BC15="","","è") | BC15: =IF(BA15=0,"",IF(BA15>=MAX($BA$9:$BA$216),A15,""))
H16: =IF(OR(D16="",F16="",A16=""),"",IF(E16="oui",0,IF(D16=OBJECTIFS!$C$45,VLOOKUP(F16,OBJECTIFS!$C$9:$D$11,2,FALSE),IF(D16=OBJECTIFS!$C$46,VLOOKUP(F16,OBJECTIFS!$C$16:$D$18,2,FALSE),IF(D16=OBJECTIFS!$C$47,VLOOKUP(F16,OBJECTIFS!$C$23:$D$25,2,FALSE),IF(D16=OBJECTIFS!$C$48,VLOOKUP(F16,OBJECTIFS!$C$30:$D$32,2,FALSE),IF(D16=OBJECTIFS!$C$49,VLOOKUP(F16,OBJECTIFS!$C$37:$D$39,2,FALSE)))))))) | K16: =IF(OR($A16="",$D16="",J16=""),"",SUMIFS(OBJECTIFS!E$9:E$39,OBJECTIFS!$A$9:$A$39,$D16,OBJECTIFS!$C$9:$C$39,$F16)) | L16: =IF(OR(AND($D16=OBJECTIFS!$B$6,OBJECTIFS!E$8="dmt"),AND($D16=OBJECTIFS!$B$13,OBJECTIFS!$E$15="dmt"),AND($D16=OBJECTIFS!$B$20,OBJECTIFS!$E$22="dmt"),AND($D16=OBJECTIFS!$B$27,OBJECTIFS!$E$29="dmt"),AND($D16=OBJECTIFS!$B$34,OBJECTIFS!$E$36="dmt"),AND($D16=OBJECTIFS!$B$6,OBJECTIFS!$E$8="taux de chute"),AND($D16=OBJECTIFS!$B$13,OBJECTIFS!$E$15="taux de chute"),AND($D16=OBJECTIFS!$B$20,OBJECTIFS!$E$22="taux de chute"),AND($D16=OBJECTIFS!$B$27,OBJECTIFS!$E$29="taux de chute"),AND($D16=OBJECTIFS!$B$34,OBJECTIFS!$E$36="taux de chute")),IFERROR(K16/J16,""),IFERROR(J16/K16,"")) | M16: =IFERROR(IF(OR(J16="",K16="",L16=""),0,IF(L16<OBJECTIFS!$E$56,0,IF(L16<OBJECTIFS!$G$56,M$8*OBJECTIFS!$F$60,IF(L16<OBJECTIFS!$I$56,M$8*OBJECTIFS!$H$60,M$8)))),0) -> 0 | O16: =IF(OR($A16="",$D16="",N16=""),"",SUMIFS(OBJECTIFS!F$9:F$39,OBJECTIFS!$A$9:$A$39,$D16,OBJECTIFS!$C$9:$C$39,$F16)) | P16: =IF(OR(AND($D16=OBJECTIFS!$B$6,OBJECTIFS!$F$8="dmt"),AND($D16=OBJECTIFS!$B$13,OBJECTIFS!$F$15="dmt"),AND($D16=OBJECTIFS!$B$20,OBJECTIFS!$F$22="dmt"),AND($D16=OBJECTIFS!$B$27,OBJECTIFS!$F$29="dmt"),AND($D16=OBJECTIFS!$B$34,OBJECTIFS!$F$36="dmt"),AND($D16=OBJECTIFS!$B$6,OBJECTIFS!$F$8="taux de chute"),AND($D16=OBJECTIFS!$B$13,OBJECTIFS!$F$15="taux de chute"),AND($D16=OBJECTIFS!$B$20,OBJECTIFS!$F$22="taux de chute"),AND($D16=OBJECTIFS!$B$27,OBJECTIFS!$F$29="taux de chute"),AND($D16=OBJECTIFS!$B$34,OBJECTIFS!$F$36="taux de chute")),IFERROR(O16/N16,""),IFERROR(N16/O16,"")) | Q16: =IFERROR(IF(OR(N16="",O16="",P16=""),0,IF(P16<OBJECTIFS!$E$56,0,IF(P16<OBJECTIFS!$G$56,Q$8*OBJECTIFS!$F$60,IF(P16<OBJECTIFS!$I$56,Q$8*OBJECTIFS!$H$60,Q$8)))),0) -> 0 | S16: =IF(OR($A16="",$D16="",R16=""),"",SUMIFS(OBJECTIFS!G$9:G$39,OBJECTIFS!$A$9:$A$39,$D16,OBJECTIFS!$C$9:$C$39,$F16)) | T16: =IF(OR(AND($D16=OBJECTIFS!$B$6,OBJECTIFS!G$8="dmt"),AND($D16=OBJECTIFS!$B$13,OBJECTIFS!$G$15="dmt"),AND($D16=OBJECTIFS!$B$20,OBJECTIFS!$G$22="dmt"),AND($D16=OBJECTIFS!$B$27,OBJECTIFS!$G$29="dmt"),AND($D16=OBJECTIFS!$B$34,OBJECTIFS!$G$36="dmt"),AND($D16=OBJECTIFS!$B$6,OBJECTIFS!$G$8="taux de chute"),AND($D16=OBJECTIFS!$B$13,OBJECTIFS!$G$15="taux de chute"),AND($D16=OBJECTIFS!$B$20,OBJECTIFS!$G$22="taux de chute"),AND($D16=OBJECTIFS!$B$27,OBJECTIFS!$G$29="taux de chute"),AND($D16=OBJECTIFS!$B$34,OBJECTIFS!$G$36="taux de chute")),IFERROR(S16/R16,""),IFERROR(R16/S16,"")) | U16: =IFERROR(IF(OR(R16="",S16="",T16=""),0,IF(T16<OBJECTIFS!$E$56,0,IF(T16<OBJECTIFS!$G$56,U$8*OBJECTIFS!$F$60,IF(T16<OBJECTIFS!$I$56,U$8*OBJECTIFS!$H$60,U$8)))),0) -> 0 | W16: =IF(OR($A16="",$D16="",V16=""),"",SUMIFS(OBJECTIFS!H$9:H$39,OBJECTIFS!$A$9:$A$39,$D16,OBJECTIFS!$C$9:$C$39,$F16)) | X16: =IF(OR(AND($D16=OBJECTIFS!$B$6,OBJECTIFS!H$8="dmt"),AND($D16=OBJECTIFS!$B$13,OBJECTIFS!$H$15="dmt"),AND($D16=OBJECTIFS!$B$20,OBJECTIFS!$H$22="dmt"),AND($D16=OBJECTIFS!$B$27,OBJECTIFS!$H$29="dmt"),AND($D16=OBJECTIFS!$B$34,OBJECTIFS!$H$36="dmt"),AND($D16=OBJECTIFS!$B$6,OBJECTIFS!$H$8="taux de chute"),AND($D16=OBJECTIFS!$B$13,OBJECTIFS!$H$15="taux de chute"),AND($D16=OBJECTIFS!$B$20,OBJECTIFS!$H$22="taux de chute"),AND($D16=OBJECTIFS!$B$27,OBJECTIFS!$H$29="taux de chute"),AND($D16=OBJECTIFS!$B$34,OBJECTIFS!$H$36="taux de chute")),IFERROR(W16/V16,""),IFERROR(V16/W16,"")) | Y16: =IFERROR(IF(OR(V16="",W16="",X16=""),0,IF(X16<OBJECTIFS!$E$56,0,IF(X16<OBJECTIFS!$G$56,Y$8*OBJECTIFS!$F$60,IF(X16<OBJECTIFS!$I$56,Y$8*OBJECTIFS!$H$60,Y$8)))),0) -> 0 | AA16: =IF(OR($A16="",$D16="",Z16=""),"",SUMIFS(OBJECTIFS!I$9:I$39,OBJECTIFS!$A$9:$A$39,$D16,OBJECTIFS!$C$9:$C$39,$F16)) | AB16: =IF(OR(AND($D16=OBJECTIFS!$B$6,OBJECTIFS!I$8="dmt"),AND($D16=OBJECTIFS!$B$13,OBJECTIFS!$I$15="dmt"),AND($D16=OBJECTIFS!$B$20,OBJECTIFS!$I$22="dmt"),AND($D16=OBJECTIFS!$B$27,OBJECTIFS!$I$29="dmt"),AND($D16=OBJECTIFS!$B$34,OBJECTIFS!$I$36="dmt"),AND($D16=OBJECTIFS!$B$6,OBJECTIFS!$I$8="taux de chute"),AND($D16=OBJECTIFS!$B$13,OBJECTIFS!$I$15="taux de chute"),AND($D16=OBJECTIFS!$B$20,OBJECTIFS!$I$22="taux de chute"),AND($D16=OBJECTIFS!$B$27,OBJECTIFS!$I$29="taux de chute"),AND($D16=OBJECTIFS!$B$34,OBJECTIFS!$I$36="taux de chute")),IFERROR(AA16/Z16,""),IFERROR(Z16/AA16,"")) | AC16: =IFERROR(IF(OR(Z16="",AA16="",AB16=""),0,IF(AB16<OBJECTIFS!$E$56,0,IF(AB16<OBJECTIFS!$G$56,AC$8*OBJECTIFS!$F$60,IF(AB16<OBJECTIFS!$I$56,AC$8*OBJECTIFS!$H$60,AC$8)))),0) -> 0 | AF16: =IF(AD16>=1,0,SUMIF($J$7:$AC$8,"Nb de points",$J16:$AC16)) -> 0 | AM16: =SUM(AK16:AL16,AI16) -> 0 | AN16: 22 | AO16: =IFERROR(IF(IF(OR(AI16>=2,AJ16>=8,AND(AI16=1,AJ16>=4)),0,IF(OR(AND(AI16=1,AJ16<4),AND(AI16=0,AJ16>=4,AJ16<8)),50%,100%))*(AN16-AM16)/AN16=0,-100%,IF(OR(AI16>=2,AJ16>=8,AND(AI16=1,AJ16>=4)),0,IF(OR(AND(AI16=1,AJ16<4),AND(AI16=0,AJ16>=4,AJ16<8)),50%,100%))*(AN16-AM16)/AN16-1),"") -> 0 | AP16: =IFERROR((H16*AF16/100)*(1+AO16),"") | AR16: =IFERROR(VLOOKUP(B16,OBJECTIFS!$C$76:$E$137,2,FALSE),0) -> 0 | AS16: =IFERROR(VLOOKUP(B16,OBJECTIFS!$H$76:$J$137,2,FALSE),0) -> 0 | AT16: =IFERROR(VLOOKUP(B16,OBJECTIFS!$C$142:$E$203,2,FALSE),0) -> 0 | AU16: =IFERROR(VLOOKUP(B16,OBJECTIFS!$H$142:$J$203,2,FALSE),0) -> 0 | AV16: =IFERROR(VLOOKUP(B16,OBJECTIFS!$F$208:$H$269,3,FALSE),0) -> 0 | AW16: =IF($B$5="interne",IF($AR$6="prime de langue",IF(AH16>=191,SUM(AS16:AV16,AR16/191*191),SUM(AS16:AV16,AR16/191*AH16)),IF($AS$6="prime de langue",IF(AH16>=191,SUM(AR16,AT16,AU16,AV16,AS16/191*191),SUM(AR16,AT16,AU16,AV16,AS16/191*AH16)),IF($AT$6="prime de langue",IF(AH16>=191,SUM(AR16,AS16,AU16,AV16,AT16/191*191),SUM(AR16,AS16,AU16,AV16,AT16/191*AH16)),IF($AU$6="prime de langue",IF(AH16>=191,SUM(AR16,AT16,AV16,AS16,AU16/191*191),SUM(AR16,AT16,AV16,AS16,AU16/191*AH16)),SUM(AR16:AV16))))),IF($AR$6="prime de langue",IF(AH16>=176,SUM(AS16:AV16,AR16/176*176),SUM(AS16:AV16,AR16/176*AH16)),IF($AS$6="prime de langue",IF(AH16>=176,SUM(AR16,AT16,AU16,AV16,AS16/176*176),SUM(AR16,AT16,AU16,AV16,AS16/176*AH16)),IF($AT$6="prime de langue",IF(AH16>=176,SUM(AR16,AS16,AU16,AV16,AT16/176*176),SUM(AR16,AS16,AU16,AV16,AT16/176*AH16)),IF($AU$6="prime de langue",IF(AH16>=176,SUM(AR16,AT16,AV16,AS16,AU16/176*176),SUM(AR16,AT16,AV16,AS16,AU16/176*AH16)),SUM(AR16:AV16)))))) -> 0 | AY16: =IFERROR(((H16*AF16/100)*(1+AO16)+AW16),"") | BA16: =IFERROR(IF(OR(AI16>=2,AJ16>=8,AND(AI16=1,AJ16>=4)),0,IF(OR(AND(AI16=1,AJ16<4),AND(AI16=0,AJ16>=4,AJ16<8)),0.5,1))*AF16*(AN16-AM16)/AN16,"") -> 0 | BB16: =IF(BC16="","","è") | BC16: =IF(BA16=0,"",IF(BA16>=MAX($BA$9:$BA$216),A16,""))
H17: =IF(OR(D17="",F17="",A17=""),"",IF(E17="oui",0,IF(D17=OBJECTIFS!$C$45,VLOOKUP(F17,OBJECTIFS!$C$9:$D$11,2,FALSE),IF(D17=OBJECTIFS!$C$46,VLOOKUP(F17,OBJECTIFS!$C$16:$D$18,2,FALSE),IF(D17=OBJECTIFS!$C$47,VLOOKUP(F17,OBJECTIFS!$C$23:$D$25,2,FALSE),IF(D17=OBJECTIFS!$C$48,VLOOKUP(F17,OBJECTIFS!$C$30:$D$32,2,FALSE),IF(D17=OBJECTIFS!$C$49,VLOOKUP(F17,OBJECTIFS!$C$37:$D$39,2,FALSE)))))))) | K17: =IF(OR($A17="",$D17="",J17=""),"",SUMIFS(OBJECTIFS!E$9:E$39,OBJECTIFS!$A$9:$A$39,$D17,OBJECTIFS!$C$9:$C$39,$F17)) | L17: =IF(OR(AND($D17=OBJECTIFS!$B$6,OBJECTIFS!E$8="dmt"),AND($D17=OBJECTIFS!$B$13,OBJECTIFS!$E$15="dmt"),AND($D17=OBJECTIFS!$B$20,OBJECTIFS!$E$22="dmt"),AND($D17=OBJECTIFS!$B$27,OBJECTIFS!$E$29="dmt"),AND($D17=OBJECTIFS!$B$34,OBJECTIFS!$E$36="dmt"),AND($D17=OBJECTIFS!$B$6,OBJECTIFS!$E$8="taux de chute"),AND($D17=OBJECTIFS!$B$13,OBJECTIFS!$E$15="taux de chute"),AND($D17=OBJECTIFS!$B$20,OBJECTIFS!$E$22="taux de chute"),AND($D17=OBJECTIFS!$B$27,OBJECTIFS!$E$29="taux de chute"),AND($D17=OBJECTIFS!$B$34,OBJECTIFS!$E$36="taux de chute")),IFERROR(K17/J17,""),IFERROR(J17/K17,"")) | M17: =IFERROR(IF(OR(J17="",K17="",L17=""),0,IF(L17<OBJECTIFS!$E$56,0,IF(L17<OBJECTIFS!$G$56,M$8*OBJECTIFS!$F$60,IF(L17<OBJECTIFS!$I$56,M$8*OBJECTIFS!$H$60,M$8)))),0) -> 0 | O17: =IF(OR($A17="",$D17="",N17=""),"",SUMIFS(OBJECTIFS!F$9:F$39,OBJECTIFS!$A$9:$A$39,$D17,OBJECTIFS!$C$9:$C$39,$F17)) | P17: =IF(OR(AND($D17=OBJECTIFS!$B$6,OBJECTIFS!$F$8="dmt"),AND($D17=OBJECTIFS!$B$13,OBJECTIFS!$F$15="dmt"),AND($D17=OBJECTIFS!$B$20,OBJECTIFS!$F$22="dmt"),AND($D17=OBJECTIFS!$B$27,OBJECTIFS!$F$29="dmt"),AND($D17=OBJECTIFS!$B$34,OBJECTIFS!$F$36="dmt"),AND($D17=OBJECTIFS!$B$6,OBJECTIFS!$F$8="taux de chute"),AND($D17=OBJECTIFS!$B$13,OBJECTIFS!$F$15="taux de chute"),AND($D17=OBJECTIFS!$B$20,OBJECTIFS!$F$22="taux de chute"),AND($D17=OBJECTIFS!$B$27,OBJECTIFS!$F$29="taux de chute"),AND($D17=OBJECTIFS!$B$34,OBJECTIFS!$F$36="taux de chute")),IFERROR(O17/N17,""),IFERROR(N17/O17,"")) | Q17: =IFERROR(IF(OR(N17="",O17="",P17=""),0,IF(P17<OBJECTIFS!$E$56,0,IF(P17<OBJECTIFS!$G$56,Q$8*OBJECTIFS!$F$60,IF(P17<OBJECTIFS!$I$56,Q$8*OBJECTIFS!$H$60,Q$8)))),0) -> 0 | S17: =IF(OR($A17="",$D17="",R17=""),"",SUMIFS(OBJECTIFS!G$9:G$39,OBJECTIFS!$A$9:$A$39,$D17,OBJECTIFS!$C$9:$C$39,$F17)) | T17: =IF(OR(AND($D17=OBJECTIFS!$B$6,OBJECTIFS!G$8="dmt"),AND($D17=OBJECTIFS!$B$13,OBJECTIFS!$G$15="dmt"),AND($D17=OBJECTIFS!$B$20,OBJECTIFS!$G$22="dmt"),AND($D17=OBJECTIFS!$B$27,OBJECTIFS!$G$29="dmt"),AND($D17=OBJECTIFS!$B$34,OBJECTIFS!$G$36="dmt"),AND($D17=OBJECTIFS!$B$6,OBJECTIFS!$G$8="taux de chute"),AND($D17=OBJECTIFS!$B$13,OBJECTIFS!$G$15="taux de chute"),AND($D17=OBJECTIFS!$B$20,OBJECTIFS!$G$22="taux de chute"),AND($D17=OBJECTIFS!$B$27,OBJECTIFS!$G$29="taux de chute"),AND($D17=OBJECTIFS!$B$34,OBJECTIFS!$G$36="taux de chute")),IFERROR(S17/R17,""),IFERROR(R17/S17,"")) | U17: =IFERROR(IF(OR(R17="",S17="",T17=""),0,IF(T17<OBJECTIFS!$E$56,0,IF(T17<OBJECTIFS!$G$56,U$8*OBJECTIFS!$F$60,IF(T17<OBJECTIFS!$I$56,U$8*OBJECTIFS!$H$60,U$8)))),0) -> 0 | W17: =IF(OR($A17="",$D17="",V17=""),"",SUMIFS(OBJECTIFS!H$9:H$39,OBJECTIFS!$A$9:$A$39,$D17,OBJECTIFS!$C$9:$C$39,$F17)) | X17: =IF(OR(AND($D17=OBJECTIFS!$B$6,OBJECTIFS!H$8="dmt"),AND($D17=OBJECTIFS!$B$13,OBJECTIFS!$H$15="dmt"),AND($D17=OBJECTIFS!$B$20,OBJECTIFS!$H$22="dmt"),AND($D17=OBJECTIFS!$B$27,OBJECTIFS!$H$29="dmt"),AND($D17=OBJECTIFS!$B$34,OBJECTIFS!$H$36="dmt"),AND($D17=OBJECTIFS!$B$6,OBJECTIFS!$H$8="taux de chute"),AND($D17=OBJECTIFS!$B$13,OBJECTIFS!$H$15="taux de chute"),AND($D17=OBJECTIFS!$B$20,OBJECTIFS!$H$22="taux de chute"),AND($D17=OBJECTIFS!$B$27,OBJECTIFS!$H$29="taux de chute"),AND($D17=OBJECTIFS!$B$34,OBJECTIFS!$H$36="taux de chute")),IFERROR(W17/V17,""),IFERROR(V17/W17,"")) | Y17: =IFERROR(IF(OR(V17="",W17="",X17=""),0,IF(X17<OBJECTIFS!$E$56,0,IF(X17<OBJECTIFS!$G$56,Y$8*OBJECTIFS!$F$60,IF(X17<OBJECTIFS!$I$56,Y$8*OBJECTIFS!$H$60,Y$8)))),0) -> 0 | AA17: =IF(OR($A17="",$D17="",Z17=""),"",SUMIFS(OBJECTIFS!I$9:I$39,OBJECTIFS!$A$9:$A$39,$D17,OBJECTIFS!$C$9:$C$39,$F17)) | AB17: =IF(OR(AND($D17=OBJECTIFS!$B$6,OBJECTIFS!I$8="dmt"),AND($D17=OBJECTIFS!$B$13,OBJECTIFS!$I$15="dmt"),AND($D17=OBJECTIFS!$B$20,OBJECTIFS!$I$22="dmt"),AND($D17=OBJECTIFS!$B$27,OBJECTIFS!$I$29="dmt"),AND($D17=OBJECTIFS!$B$34,OBJECTIFS!$I$36="dmt"),AND($D17=OBJECTIFS!$B$6,OBJECTIFS!$I$8="taux de chute"),AND($D17=OBJECTIFS!$B$13,OBJECTIFS!$I$15="taux de chute"),AND($D17=OBJECTIFS!$B$20,OBJECTIFS!$I$22="taux de chute"),AND($D17=OBJECTIFS!$B$27,OBJECTIFS!$I$29="taux de chute"),AND($D17=OBJECTIFS!$B$34,OBJECTIFS!$I$36="taux de chute")),IFERROR(AA17/Z17,""),IFERROR(Z17/AA17,"")) | AC17: =IFERROR(IF(OR(Z17="",AA17="",AB17=""),0,IF(AB17<OBJECTIFS!$E$56,0,IF(AB17<OBJECTIFS!$G$56,AC$8*OBJECTIFS!$F$60,IF(AB17<OBJECTIFS!$I$56,AC$8*OBJECTIFS!$H$60,AC$8)))),0) -> 0 | AF17: =IF(AD17>=1,0,SUMIF($J$7:$AC$8,"Nb de points",$J17:$AC17)) -> 0 | AM17: =SUM(AK17:AL17,AI17) -> 0 | AN17: 22 | AO17: =IFERROR(IF(IF(OR(AI17>=2,AJ17>=8,AND(AI17=1,AJ17>=4)),0,IF(OR(AND(AI17=1,AJ17<4),AND(AI17=0,AJ17>=4,AJ17<8)),50%,100%))*(AN17-AM17)/AN17=0,-100%,IF(OR(AI17>=2,AJ17>=8,AND(AI17=1,AJ17>=4)),0,IF(OR(AND(AI17=1,AJ17<4),AND(AI17=0,AJ17>=4,AJ17<8)),50%,100%))*(AN17-AM17)/AN17-1),"") -> 0 | AP17: =IFERROR((H17*AF17/100)*(1+AO17),"") | AR17: =IFERROR(VLOOKUP(B17,OBJECTIFS!$C$76:$E$137,2,FALSE),0) -> 0 | AS17: =IFERROR(VLOOKUP(B17,OBJECTIFS!$H$76:$J$137,2,FALSE),0) -> 0 | AT17: =IFERROR(VLOOKUP(B17,OBJECTIFS!$C$142:$E$203,2,FALSE),0) -> 0 | AU17: =IFERROR(VLOOKUP(B17,OBJECTIFS!$H$142:$J$203,2,FALSE),0) -> 0 | AV17: =IFERROR(VLOOKUP(B17,OBJECTIFS!$F$208:$H$269,3,FALSE),0) -> 0 | AW17: =IF($B$5="interne",IF($AR$6="prime de langue",IF(AH17>=191,SUM(AS17:AV17,AR17/191*191),SUM(AS17:AV17,AR17/191*AH17)),IF($AS$6="prime de langue",IF(AH17>=191,SUM(AR17,AT17,AU17,AV17,AS17/191*191),SUM(AR17,AT17,AU17,AV17,AS17/191*AH17)),IF($AT$6="prime de langue",IF(AH17>=191,SUM(AR17,AS17,AU17,AV17,AT17/191*191),SUM(AR17,AS17,AU17,AV17,AT17/191*AH17)),IF($AU$6="prime de langue",IF(AH17>=191,SUM(AR17,AT17,AV17,AS17,AU17/191*191),SUM(AR17,AT17,AV17,AS17,AU17/191*AH17)),SUM(AR17:AV17))))),IF($AR$6="prime de langue",IF(AH17>=176,SUM(AS17:AV17,AR17/176*176),SUM(AS17:AV17,AR17/176*AH17)),IF($AS$6="prime de langue",IF(AH17>=176,SUM(AR17,AT17,AU17,AV17,AS17/176*176),SUM(AR17,AT17,AU17,AV17,AS17/176*AH17)),IF($AT$6="prime de langue",IF(AH17>=176,SUM(AR17,AS17,AU17,AV17,AT17/176*176),SUM(AR17,AS17,AU17,AV17,AT17/176*AH17)),IF($AU$6="prime de langue",IF(AH17>=176,SUM(AR17,AT17,AV17,AS17,AU17/176*176),SUM(AR17,AT17,AV17,AS17,AU17/176*AH17)),SUM(AR17:AV17)))))) -> 0 | AY17: =IFERROR(((H17*AF17/100)*(1+AO17)+AW17),"") | BA17: =IFERROR(IF(OR(AI17>=2,AJ17>=8,AND(AI17=1,AJ17>=4)),0,IF(OR(AND(AI17=1,AJ17<4),AND(AI17=0,AJ17>=4,AJ17<8)),0.5,1))*AF17*(AN17-AM17)/AN17,"") -> 0 | BB17: =IF(BC17="","","è") | BC17: =IF(BA17=0,"",IF(BA17>=MAX($BA$9:$BA$216),A17,""))
H18: =IF(OR(D18="",F18="",A18=""),"",IF(E18="oui",0,IF(D18=OBJECTIFS!$C$45,VLOOKUP(F18,OBJECTIFS!$C$9:$D$11,2,FALSE),IF(D18=OBJECTIFS!$C$46,VLOOKUP(F18,OBJECTIFS!$C$16:$D$18,2,FALSE),IF(D18=OBJECTIFS!$C$47,VLOOKUP(F18,OBJECTIFS!$C$23:$D$25,2,FALSE),IF(D18=OBJECTIFS!$C$48,VLOOKUP(F18,OBJECTIFS!$C$30:$D$32,2,FALSE),IF(D18=OBJECTIFS!$C$49,VLOOKUP(F18,OBJECTIFS!$C$37:$D$39,2,FALSE)))))))) | K18: =IF(OR($A18="",$D18="",J18=""),"",SUMIFS(OBJECTIFS!E$9:E$39,OBJECTIFS!$A$9:$A$39,$D18,OBJECTIFS!$C$9:$C$39,$F18)) | L18: =IF(OR(AND($D18=OBJECTIFS!$B$6,OBJECTIFS!E$8="dmt"),AND($D18=OBJECTIFS!$B$13,OBJECTIFS!$E$15="dmt"),AND($D18=OBJECTIFS!$B$20,OBJECTIFS!$E$22="dmt"),AND($D18=OBJECTIFS!$B$27,OBJECTIFS!$E$29="dmt"),AND($D18=OBJECTIFS!$B$34,OBJECTIFS!$E$36="dmt"),AND($D18=OBJECTIFS!$B$6,OBJECTIFS!$E$8="taux de chute"),AND($D18=OBJECTIFS!$B$13,OBJECTIFS!$E$15="taux de chute"),AND($D18=OBJECTIFS!$B$20,OBJECTIFS!$E$22="taux de chute"),AND($D18=OBJECTIFS!$B$27,OBJECTIFS!$E$29="taux de chute"),AND($D18=OBJECTIFS!$B$34,OBJECTIFS!$E$36="taux de chute")),IFERROR(K18/J18,""),IFERROR(J18/K18,"")) | M18: =IFERROR(IF(OR(J18="",K18="",L18=""),0,IF(L18<OBJECTIFS!$E$56,0,IF(L18<OBJECTIFS!$G$56,M$8*OBJECTIFS!$F$60,IF(L18<OBJECTIFS!$I$56,M$8*OBJECTIFS!$H$60,M$8)))),0) -> 0 | O18: =IF(OR($A18="",$D18="",N18=""),"",SUMIFS(OBJECTIFS!F$9:F$39,OBJECTIFS!$A$9:$A$39,$D18,OBJECTIFS!$C$9:$C$39,$F18)) | P18: =IF(OR(AND($D18=OBJECTIFS!$B$6,OBJECTIFS!$F$8="dmt"),AND($D18=OBJECTIFS!$B$13,OBJECTIFS!$F$15="dmt"),AND($D18=OBJECTIFS!$B$20,OBJECTIFS!$F$22="dmt"),AND($D18=OBJECTIFS!$B$27,OBJECTIFS!$F$29="dmt"),AND($D18=OBJECTIFS!$B$34,OBJECTIFS!$F$36="dmt"),AND($D18=OBJECTIFS!$B$6,OBJECTIFS!$F$8="taux de chute"),AND($D18=OBJECTIFS!$B$13,OBJECTIFS!$F$15="taux de chute"),AND($D18=OBJECTIFS!$B$20,OBJECTIFS!$F$22="taux de chute"),AND($D18=OBJECTIFS!$B$27,OBJECTIFS!$F$29="taux de chute"),AND($D18=OBJECTIFS!$B$34,OBJECTIFS!$F$36="taux de chute")),IFERROR(O18/N18,""),IFERROR(N18/O18,"")) | Q18: =IFERROR(IF(OR(N18="",O18="",P18=""),0,IF(P18<OBJECTIFS!$E$56,0,IF(P18<OBJECTIFS!$G$56,Q$8*OBJECTIFS!$F$60,IF(P18<OBJECTIFS!$I$56,Q$8*OBJECTIFS!$H$60,Q$8)))),0) -> 0 | S18: =IF(OR($A18="",$D18="",R18=""),"",SUMIFS(OBJECTIFS!G$9:G$39,OBJECTIFS!$A$9:$A$39,$D18,OBJECTIFS!$C$9:$C$39,$F18)) | T18: =IF(OR(AND($D18=OBJECTIFS!$B$6,OBJECTIFS!G$8="dmt"),AND($D18=OBJECTIFS!$B$13,OBJECTIFS!$G$15="dmt"),AND($D18=OBJECTIFS!$B$20,OBJECTIFS!$G$22="dmt"),AND($D18=OBJECTIFS!$B$27,OBJECTIFS!$G$29="dmt"),AND($D18=OBJECTIFS!$B$34,OBJECTIFS!$G$36="dmt"),AND($D18=OBJECTIFS!$B$6,OBJECTIFS!$G$8="taux de chute"),AND($D18=OBJECTIFS!$B$13,OBJECTIFS!$G$15="taux de chute"),AND($D18=OBJECTIFS!$B$20,OBJECTIFS!$G$22="taux de chute"),AND($D18=OBJECTIFS!$B$27,OBJECTIFS!$G$29="taux de chute"),AND($D18=OBJECTIFS!$B$34,OBJECTIFS!$G$36="taux de chute")),IFERROR(S18/R18,""),IFERROR(R18/S18,"")) | U18: =IFERROR(IF(OR(R18="",S18="",T18=""),0,IF(T18<OBJECTIFS!$E$56,0,IF(T18<OBJECTIFS!$G$56,U$8*OBJECTIFS!$F$60,IF(T18<OBJECTIFS!$I$56,U$8*OBJECTIFS!$H$60,U$8)))),0) -> 0 | W18: =IF(OR($A18="",$D18="",V18=""),"",SUMIFS(OBJECTIFS!H$9:H$39,OBJECTIFS!$A$9:$A$39,$D18,OBJECTIFS!$C$9:$C$39,$F18)) | X18: =IF(OR(AND($D18=OBJECTIFS!$B$6,OBJECTIFS!H$8="dmt"),AND($D18=OBJECTIFS!$B$13,OBJECTIFS!$H$15="dmt"),AND($D18=OBJECTIFS!$B$20,OBJECTIFS!$H$22="dmt"),AND($D18=OBJECTIFS!$B$27,OBJECTIFS!$H$29="dmt"),AND($D18=OBJECTIFS!$B$34,OBJECTIFS!$H$36="dmt"),AND($D18=OBJECTIFS!$B$6,OBJECTIFS!$H$8="taux de chute"),AND($D18=OBJECTIFS!$B$13,OBJECTIFS!$H$15="taux de chute"),AND($D18=OBJECTIFS!$B$20,OBJECTIFS!$H$22="taux de chute"),AND($D18=OBJECTIFS!$B$27,OBJECTIFS!$H$29="taux de chute"),AND($D18=OBJECTIFS!$B$34,OBJECTIFS!$H$36="taux de chute")),IFERROR(W18/V18,""),IFERROR(V18/W18,"")) | Y18: =IFERROR(IF(OR(V18="",W18="",X18=""),0,IF(X18<OBJECTIFS!$E$56,0,IF(X18<OBJECTIFS!$G$56,Y$8*OBJECTIFS!$F$60,IF(X18<OBJECTIFS!$I$56,Y$8*OBJECTIFS!$H$60,Y$8)))),0) -> 0 | AA18: =IF(OR($A18="",$D18="",Z18=""),"",SUMIFS(OBJECTIFS!I$9:I$39,OBJECTIFS!$A$9:$A$39,$D18,OBJECTIFS!$C$9:$C$39,$F18)) | AB18: =IF(OR(AND($D18=OBJECTIFS!$B$6,OBJECTIFS!I$8="dmt"),AND($D18=OBJECTIFS!$B$13,OBJECTIFS!$I$15="dmt"),AND($D18=OBJECTIFS!$B$20,OBJECTIFS!$I$22="dmt"),AND($D18=OBJECTIFS!$B$27,OBJECTIFS!$I$29="dmt"),AND($D18=OBJECTIFS!$B$34,OBJECTIFS!$I$36="dmt"),AND($D18=OBJECTIFS!$B$6,OBJECTIFS!$I$8="taux de chute"),AND($D18=OBJECTIFS!$B$13,OBJECTIFS!$I$15="taux de chute"),AND($D18=OBJECTIFS!$B$20,OBJECTIFS!$I$22="taux de chute"),AND($D18=OBJECTIFS!$B$27,OBJECTIFS!$I$29="taux de chute"),AND($D18=OBJECTIFS!$B$34,OBJECTIFS!$I$36="taux de chute")),IFERROR(AA18/Z18,""),IFERROR(Z18/AA18,"")) | AC18: =IFERROR(IF(OR(Z18="",AA18="",AB18=""),0,IF(AB18<OBJECTIFS!$E$56,0,IF(AB18<OBJECTIFS!$G$56,AC$8*OBJECTIFS!$F$60,IF(AB18<OBJECTIFS!$I$56,AC$8*OBJECTIFS!$H$60,AC$8)))),0) -> 0 | AF18: =IF(AD18>=1,0,SUMIF($J$7:$AC$8,"Nb de points",$J18:$AC18)) -> 0 | AM18: =SUM(AK18:AL18,AI18) -> 0 | AN18: 22 | AO18: =IFERROR(IF(IF(OR(AI18>=2,AJ18>=8,AND(AI18=1,AJ18>=4)),0,IF(OR(AND(AI18=1,AJ18<4),AND(AI18=0,AJ18>=4,AJ18<8)),50%,100%))*(AN18-AM18)/AN18=0,-100%,IF(OR(AI18>=2,AJ18>=8,AND(AI18=1,AJ18>=4)),0,IF(OR(AND(AI18=1,AJ18<4),AND(AI18=0,AJ18>=4,AJ18<8)),50%,100%))*(AN18-AM18)/AN18-1),"") -> 0 | AP18: =IFERROR((H18*AF18/100)*(1+AO18),"") | AR18: =IFERROR(VLOOKUP(B18,OBJECTIFS!$C$76:$E$137,2,FALSE),0) -> 0 | AS18: =IFERROR(VLOOKUP(B18,OBJECTIFS!$H$76:$J$137,2,FALSE),0) -> 0 | AT18: =IFERROR(VLOOKUP(B18,OBJECTIFS!$C$142:$E$203,2,FALSE),0) -> 0 | AU18: =IFERROR(VLOOKUP(B18,OBJECTIFS!$H$142:$J$203,2,FALSE),0) -> 0 | AV18: =IFERROR(VLOOKUP(B18,OBJECTIFS!$F$208:$H$269,3,FALSE),0) -> 0 | AW18: =IF($B$5="interne",IF($AR$6="prime de langue",IF(AH18>=191,SUM(AS18:AV18,AR18/191*191),SUM(AS18:AV18,AR18/191*AH18)),IF($AS$6="prime de langue",IF(AH18>=191,SUM(AR18,AT18,AU18,AV18,AS18/191*191),SUM(AR18,AT18,AU18,AV18,AS18/191*AH18)),IF($AT$6="prime de langue",IF(AH18>=191,SUM(AR18,AS18,AU18,AV18,AT18/191*191),SUM(AR18,AS18,AU18,AV18,AT18/191*AH18)),IF($AU$6="prime de langue",IF(AH18>=191,SUM(AR18,AT18,AV18,AS18,AU18/191*191),SUM(AR18,AT18,AV18,AS18,AU18/191*AH18)),SUM(AR18:AV18))))),IF($AR$6="prime de langue",IF(AH18>=176,SUM(AS18:AV18,AR18/176*176),SUM(AS18:AV18,AR18/176*AH18)),IF($AS$6="prime de langue",IF(AH18>=176,SUM(AR18,AT18,AU18,AV18,AS18/176*176),SUM(AR18,AT18,AU18,AV18,AS18/176*AH18)),IF($AT$6="prime de langue",IF(AH18>=176,SUM(AR18,AS18,AU18,AV18,AT18/176*176),SUM(AR18,AS18,AU18,AV18,AT18/176*AH18)),IF($AU$6="prime de langue",IF(AH18>=176,SUM(AR18,AT18,AV18,AS18,AU18/176*176),SUM(AR18,AT18,AV18,AS18,AU18/176*AH18)),SUM(AR18:AV18)))))) -> 0 | AY18: =IFERROR(((H18*AF18/100)*(1+AO18)+AW18),"") | BA18: =IFERROR(IF(OR(AI18>=2,AJ18>=8,AND(AI18=1,AJ18>=4)),0,IF(OR(AND(AI18=1,AJ18<4),AND(AI18=0,AJ18>=4,AJ18<8)),0.5,1))*AF18*(AN18-AM18)/AN18,"") -> 0 | BB18: =IF(BC18="","","è") | BC18: =IF(BA18=0,"",IF(BA18>=MAX($BA$9:$BA$216),A18,""))
H19: =IF(OR(D19="",F19="",A19=""),"",IF(E19="oui",0,IF(D19=OBJECTIFS!$C$45,VLOOKUP(F19,OBJECTIFS!$C$9:$D$11,2,FALSE),IF(D19=OBJECTIFS!$C$46,VLOOKUP(F19,OBJECTIFS!$C$16:$D$18,2,FALSE),IF(D19=OBJECTIFS!$C$47,VLOOKUP(F19,OBJECTIFS!$C$23:$D$25,2,FALSE),IF(D19=OBJECTIFS!$C$48,VLOOKUP(F19,OBJECTIFS!$C$30:$D$32,2,FALSE),IF(D19=OBJECTIFS!$C$49,VLOOKUP(F19,OBJECTIFS!$C$37:$D$39,2,FALSE)))))))) | K19: =IF(OR($A19="",$D19="",J19=""),"",SUMIFS(OBJECTIFS!E$9:E$39,OBJECTIFS!$A$9:$A$39,$D19,OBJECTIFS!$C$9:$C$39,$F19)) | L19: =IF(OR(AND($D19=OBJECTIFS!$B$6,OBJECTIFS!E$8="dmt"),AND($D19=OBJECTIFS!$B$13,OBJECTIFS!$E$15="dmt"),AND($D19=OBJECTIFS!$B$20,OBJECTIFS!$E$22="dmt"),AND($D19=OBJECTIFS!$B$27,OBJECTIFS!$E$29="dmt"),AND($D19=OBJECTIFS!$B$34,OBJECTIFS!$E$36="dmt"),AND($D19=OBJECTIFS!$B$6,OBJECTIFS!$E$8="taux de chute"),AND($D19=OBJECTIFS!$B$13,OBJECTIFS!$E$15="taux de chute"),AND($D19=OBJECTIFS!$B$20,OBJECTIFS!$E$22="taux de chute"),AND($D19=OBJECTIFS!$B$27,OBJECTIFS!$E$29="taux de chute"),AND($D19=OBJECTIFS!$B$34,OBJECTIFS!$E$36="taux de chute")),IFERROR(K19/J19,""),IFERROR(J19/K19,"")) | M19: =IFERROR(IF(OR(J19="",K19="",L19=""),0,IF(L19<OBJECTIFS!$E$56,0,IF(L19<OBJECTIFS!$G$56,M$8*OBJECTIFS!$F$60,IF(L19<OBJECTIFS!$I$56,M$8*OBJECTIFS!$H$60,M$8)))),0) -> 0 | O19: =IF(OR($A19="",$D19="",N19=""),"",SUMIFS(OBJECTIFS!F$9:F$39,OBJECTIFS!$A$9:$A$39,$D19,OBJECTIFS!$C$9:$C$39,$F19)) | P19: =IF(OR(AND($D19=OBJECTIFS!$B$6,OBJECTIFS!$F$8="dmt"),AND($D19=OBJECTIFS!$B$13,OBJECTIFS!$F$15="dmt"),AND($D19=OBJECTIFS!$B$20,OBJECTIFS!$F$22="dmt"),AND($D19=OBJECTIFS!$B$27,OBJECTIFS!$F$29="dmt"),AND($D19=OBJECTIFS!$B$34,OBJECTIFS!$F$36="dmt"),AND($D19=OBJECTIFS!$B$6,OBJECTIFS!$F$8="taux de chute"),AND($D19=OBJECTIFS!$B$13,OBJECTIFS!$F$15="taux de chute"),AND($D19=OBJECTIFS!$B$20,OBJECTIFS!$F$22="taux de chute"),AND($D19=OBJECTIFS!$B$27,OBJECTIFS!$F$29="taux de chute"),AND($D19=OBJECTIFS!$B$34,OBJECTIFS!$F$36="taux de chute")),IFERROR(O19/N19,""),IFERROR(N19/O19,"")) | Q19: =IFERROR(IF(OR(N19="",O19="",P19=""),0,IF(P19<OBJECTIFS!$E$56,0,IF(P19<OBJECTIFS!$G$56,Q$8*OBJECTIFS!$F$60,IF(P19<OBJECTIFS!$I$56,Q$8*OBJECTIFS!$H$60,Q$8)))),0) -> 0 | S19: =IF(OR($A19="",$D19="",R19=""),"",SUMIFS(OBJECTIFS!G$9:G$39,OBJECTIFS!$A$9:$A$39,$D19,OBJECTIFS!$C$9:$C$39,$F19)) | T19: =IF(OR(AND($D19=OBJECTIFS!$B$6,OBJECTIFS!G$8="dmt"),AND($D19=OBJECTIFS!$B$13,OBJECTIFS!$G$15="dmt"),AND($D19=OBJECTIFS!$B$20,OBJECTIFS!$G$22="dmt"),AND($D19=OBJECTIFS!$B$27,OBJECTIFS!$G$29="dmt"),AND($D19=OBJECTIFS!$B$34,OBJECTIFS!$G$36="dmt"),AND($D19=OBJECTIFS!$B$6,OBJECTIFS!$G$8="taux de chute"),AND($D19=OBJECTIFS!$B$13,OBJECTIFS!$G$15="taux de chute"),AND($D19=OBJECTIFS!$B$20,OBJECTIFS!$G$22="taux de chute"),AND($D19=OBJECTIFS!$B$27,OBJECTIFS!$G$29="taux de chute"),AND($D19=OBJECTIFS!$B$34,OBJECTIFS!$G$36="taux de chute")),IFERROR(S19/R19,""),IFERROR(R19/S19,"")) | U19: =IFERROR(IF(OR(R19="",S19="",T19=""),0,IF(T19<OBJECTIFS!$E$56,0,IF(T19<OBJECTIFS!$G$56,U$8*OBJECTIFS!$F$60,IF(T19<OBJECTIFS!$I$56,U$8*OBJECTIFS!$H$60,U$8)))),0) -> 0 | W19: =IF(OR($A19="",$D19="",V19=""),"",SUMIFS(OBJECTIFS!H$9:H$39,OBJECTIFS!$A$9:$A$39,$D19,OBJECTIFS!$C$9:$C$39,$F19)) | X19: =IF(OR(AND($D19=OBJECTIFS!$B$6,OBJECTIFS!H$8="dmt"),AND($D19=OBJECTIFS!$B$13,OBJECTIFS!$H$15="dmt"),AND($D19=OBJECTIFS!$B$20,OBJECTIFS!$H$22="dmt"),AND($D19=OBJECTIFS!$B$27,OBJECTIFS!$H$29="dmt"),AND($D19=OBJECTIFS!$B$34,OBJECTIFS!$H$36="dmt"),AND($D19=OBJECTIFS!$B$6,OBJECTIFS!$H$8="taux de chute"),AND($D19=OBJECTIFS!$B$13,OBJECTIFS!$H$15="taux de chute"),AND($D19=OBJECTIFS!$B$20,OBJECTIFS!$H$22="taux de chute"),AND($D19=OBJECTIFS!$B$27,OBJECTIFS!$H$29="taux de chute"),AND($D19=OBJECTIFS!$B$34,OBJECTIFS!$H$36="taux de chute")),IFERROR(W19/V19,""),IFERROR(V19/W19,"")) | Y19: =IFERROR(IF(OR(V19="",W19="",X19=""),0,IF(X19<OBJECTIFS!$E$56,0,IF(X19<OBJECTIFS!$G$56,Y$8*OBJECTIFS!$F$60,IF(X19<OBJECTIFS!$I$56,Y$8*OBJECTIFS!$H$60,Y$8)))),0) -> 0 | AA19: =IF(OR($A19="",$D19="",Z19=""),"",SUMIFS(OBJECTIFS!I$9:I$39,OBJECTIFS!$A$9:$A$39,$D19,OBJECTIFS!$C$9:$C$39,$F19)) | AB19: =IF(OR(AND($D19=OBJECTIFS!$B$6,OBJECTIFS!I$8="dmt"),AND($D19=OBJECTIFS!$B$13,OBJECTIFS!$I$15="dmt"),AND($D19=OBJECTIFS!$B$20,OBJECTIFS!$I$22="dmt"),AND($D19=OBJECTIFS!$B$27,OBJECTIFS!$I$29="dmt"),AND($D19=OBJECTIFS!$B$34,OBJECTIFS!$I$36="dmt"),AND($D19=OBJECTIFS!$B$6,OBJECTIFS!$I$8="taux de chute"),AND($D19=OBJECTIFS!$B$13,OBJECTIFS!$I$15="taux de chute"),AND($D19=OBJECTIFS!$B$20,OBJECTIFS!$I$22="taux de chute"),AND($D19=OBJECTIFS!$B$27,OBJECTIFS!$I$29="taux de chute"),AND($D19=OBJECTIFS!$B$34,OBJECTIFS!$I$36="taux de chute")),IFERROR(AA19/Z19,""),IFERROR(Z19/AA19,"")) | AC19: =IFERROR(IF(OR(Z19="",AA19="",AB19=""),0,IF(AB19<OBJECTIFS!$E$56,0,IF(AB19<OBJECTIFS!$G$56,AC$8*OBJECTIFS!$F$60,IF(AB19<OBJECTIFS!$I$56,AC$8*OBJECTIFS!$H$60,AC$8)))),0) -> 0 | AF19: =IF(AD19>=1,0,SUMIF($J$7:$AC$8,"Nb de points",$J19:$AC19)) -> 0 | AM19: =SUM(AK19:AL19,AI19) -> 0 | AN19: 22 | AO19: =IFERROR(IF(IF(OR(AI19>=2,AJ19>=8,AND(AI19=1,AJ19>=4)),0,IF(OR(AND(AI19=1,AJ19<4),AND(AI19=0,AJ19>=4,AJ19<8)),50%,100%))*(AN19-AM19)/AN19=0,-100%,IF(OR(AI19>=2,AJ19>=8,AND(AI19=1,AJ19>=4)),0,IF(OR(AND(AI19=1,AJ19<4),AND(AI19=0,AJ19>=4,AJ19<8)),50%,100%))*(AN19-AM19)/AN19-1),"") -> 0 | AP19: =IFERROR((H19*AF19/100)*(1+AO19),"") | AR19: =IFERROR(VLOOKUP(B19,OBJECTIFS!$C$76:$E$137,2,FALSE),0) -> 0 | AS19: =IFERROR(VLOOKUP(B19,OBJECTIFS!$H$76:$J$137,2,FALSE),0) -> 0 | AT19: =IFERROR(VLOOKUP(B19,OBJECTIFS!$C$142:$E$203,2,FALSE),0) -> 0 | AU19: =IFERROR(VLOOKUP(B19,OBJECTIFS!$H$142:$J$203,2,FALSE),0) -> 0 | AV19: =IFERROR(VLOOKUP(B19,OBJECTIFS!$F$208:$H$269,3,FALSE),0) -> 0 | AW19: =IF($B$5="interne",IF($AR$6="prime de langue",IF(AH19>=191,SUM(AS19:AV19,AR19/191*191),SUM(AS19:AV19,AR19/191*AH19)),IF($AS$6="prime de langue",IF(AH19>=191,SUM(AR19,AT19,AU19,AV19,AS19/191*191),SUM(AR19,AT19,AU19,AV19,AS19/191*AH19)),IF($AT$6="prime de langue",IF(AH19>=191,SUM(AR19,AS19,AU19,AV19,AT19/191*191),SUM(AR19,AS19,AU19,AV19,AT19/191*AH19)),IF($AU$6="prime de langue",IF(AH19>=191,SUM(AR19,AT19,AV19,AS19,AU19/191*191),SUM(AR19,AT19,AV19,AS19,AU19/191*AH19)),SUM(AR19:AV19))))),IF($AR$6="prime de langue",IF(AH19>=176,SUM(AS19:AV19,AR19/176*176),SUM(AS19:AV19,AR19/176*AH19)),IF($AS$6="prime de langue",IF(AH19>=176,SUM(AR19,AT19,AU19,AV19,AS19/176*176),SUM(AR19,AT19,AU19,AV19,AS19/176*AH19)),IF($AT$6="prime de langue",IF(AH19>=176,SUM(AR19,AS19,AU19,AV19,AT19/176*176),SUM(AR19,AS19,AU19,AV19,AT19/176*AH19)),IF($AU$6="prime de langue",IF(AH19>=176,SUM(AR19,AT19,AV19,AS19,AU19/176*176),SUM(AR19,AT19,AV19,AS19,AU19/176*AH19)),SUM(AR19:AV19)))))) -> 0 | AY19: =IFERROR(((H19*AF19/100)*(1+AO19)+AW19),"") | BA19: =IFERROR(IF(OR(AI19>=2,AJ19>=8,AND(AI19=1,AJ19>=4)),0,IF(OR(AND(AI19=1,AJ19<4),AND(AI19=0,AJ19>=4,AJ19<8)),0.5,1))*AF19*(AN19-AM19)/AN19,"") -> 0 | BB19: =IF(BC19="","","è") | BC19: =IF(BA19=0,"",IF(BA19>=MAX($BA$9:$BA$216),A19,""))
H20: =IF(OR(D20="",F20="",A20=""),"",IF(E20="oui",0,IF(D20=OBJECTIFS!$C$45,VLOOKUP(F20,OBJECTIFS!$C$9:$D$11,2,FALSE),IF(D20=OBJECTIFS!$C$46,VLOOKUP(F20,OBJECTIFS!$C$16:$D$18,2,FALSE),IF(D20=OBJECTIFS!$C$47,VLOOKUP(F20,OBJECTIFS!$C$23:$D$25,2,FALSE),IF(D20=OBJECTIFS!$C$48,VLOOKUP(F20,OBJECTIFS!$C$30:$D$32,2,FALSE),IF(D20=OBJECTIFS!$C$49,VLOOKUP(F20,OBJECTIFS!$C$37:$D$39,2,FALSE)))))))) | K20: =IF(OR($A20="",$D20="",J20=""),"",SUMIFS(OBJECTIFS!E$9:E$39,OBJECTIFS!$A$9:$A$39,$D20,OBJECTIFS!$C$9:$C$39,$F20)) | L20: =IF(OR(AND($D20=OBJECTIFS!$B$6,OBJECTIFS!E$8="dmt"),AND($D20=OBJECTIFS!$B$13,OBJECTIFS!$E$15="dmt"),AND($D20=OBJECTIFS!$B$20,OBJECTIFS!$E$22="dmt"),AND($D20=OBJECTIFS!$B$27,OBJECTIFS!$E$29="dmt"),AND($D20=OBJECTIFS!$B$34,OBJECTIFS!$E$36="dmt"),AND($D20=OBJECTIFS!$B$6,OBJECTIFS!$E$8="taux de chute"),AND($D20=OBJECTIFS!$B$13,OBJECTIFS!$E$15="taux de chute"),AND($D20=OBJECTIFS!$B$20,OBJECTIFS!$E$22="taux de chute"),AND($D20=OBJECTIFS!$B$27,OBJECTIFS!$E$29="taux de chute"),AND($D20=OBJECTIFS!$B$34,OBJECTIFS!$E$36="taux de chute")),IFERROR(K20/J20,""),IFERROR(J20/K20,"")) | M20: =IFERROR(IF(OR(J20="",K20="",L20=""),0,IF(L20<OBJECTIFS!$E$56,0,IF(L20<OBJECTIFS!$G$56,M$8*OBJECTIFS!$F$60,IF(L20<OBJECTIFS!$I$56,M$8*OBJECTIFS!$H$60,M$8)))),0) -> 0 | O20: =IF(OR($A20="",$D20="",N20=""),"",SUMIFS(OBJECTIFS!F$9:F$39,OBJECTIFS!$A$9:$A$39,$D20,OBJECTIFS!$C$9:$C$39,$F20)) | P20: =IF(OR(AND($D20=OBJECTIFS!$B$6,OBJECTIFS!$F$8="dmt"),AND($D20=OBJECTIFS!$B$13,OBJECTIFS!$F$15="dmt"),AND($D20=OBJECTIFS!$B$20,OBJECTIFS!$F$22="dmt"),AND($D20=OBJECTIFS!$B$27,OBJECTIFS!$F$29="dmt"),AND($D20=OBJECTIFS!$B$34,OBJECTIFS!$F$36="dmt"),AND($D20=OBJECTIFS!$B$6,OBJECTIFS!$F$8="taux de chute"),AND($D20=OBJECTIFS!$B$13,OBJECTIFS!$F$15="taux de chute"),AND($D20=OBJECTIFS!$B$20,OBJECTIFS!$F$22="taux de chute"),AND($D20=OBJECTIFS!$B$27,OBJECTIFS!$F$29="taux de chute"),AND($D20=OBJECTIFS!$B$34,OBJECTIFS!$F$36="taux de chute")),IFERROR(O20/N20,""),IFERROR(N20/O20,"")) | Q20: =IFERROR(IF(OR(N20="",O20="",P20=""),0,IF(P20<OBJECTIFS!$E$56,0,IF(P20<OBJECTIFS!$G$56,Q$8*OBJECTIFS!$F$60,IF(P20<OBJECTIFS!$I$56,Q$8*OBJECTIFS!$H$60,Q$8)))),0) -> 0 | S20: =IF(OR($A20="",$D20="",R20=""),"",SUMIFS(OBJECTIFS!G$9:G$39,OBJECTIFS!$A$9:$A$39,$D20,OBJECTIFS!$C$9:$C$39,$F20)) | T20: =IF(OR(AND($D20=OBJECTIFS!$B$6,OBJECTIFS!G$8="dmt"),AND($D20=OBJECTIFS!$B$13,OBJECTIFS!$G$15="dmt"),AND($D20=OBJECTIFS!$B$20,OBJECTIFS!$G$22="dmt"),AND($D20=OBJECTIFS!$B$27,OBJECTIFS!$G$29="dmt"),AND($D20=OBJECTIFS!$B$34,OBJECTIFS!$G$36="dmt"),AND($D20=OBJECTIFS!$B$6,OBJECTIFS!$G$8="taux de chute"),AND($D20=OBJECTIFS!$B$13,OBJECTIFS!$G$15="taux de chute"),AND($D20=OBJECTIFS!$B$20,OBJECTIFS!$G$22="taux de chute"),AND($D20=OBJECTIFS!$B$27,OBJECTIFS!$G$29="taux de chute"),AND($D20=OBJECTIFS!$B$34,OBJECTIFS!$G$36="taux de chute")),IFERROR(S20/R20,""),IFERROR(R20/S20,"")) | U20: =IFERROR(IF(OR(R20="",S20="",T20=""),0,IF(T20<OBJECTIFS!$E$56,0,IF(T20<OBJECTIFS!$G$56,U$8*OBJECTIFS!$F$60,IF(T20<OBJECTIFS!$I$56,U$8*OBJECTIFS!$H$60,U$8)))),0) -> 0 | W20: =IF(OR($A20="",$D20="",V20=""),"",SUMIFS(OBJECTIFS!H$9:H$39,OBJECTIFS!$A$9:$A$39,$D20,OBJECTIFS!$C$9:$C$39,$F20)) | X20: =IF(OR(AND($D20=OBJECTIFS!$B$6,OBJECTIFS!H$8="dmt"),AND($D20=OBJECTIFS!$B$13,OBJECTIFS!$H$15="dmt"),AND($D20=OBJECTIFS!$B$20,OBJECTIFS!$H$22="dmt"),AND($D20=OBJECTIFS!$B$27,OBJECTIFS!$H$29="dmt"),AND($D20=OBJECTIFS!$B$34,OBJECTIFS!$H$36="dmt"),AND($D20=OBJECTIFS!$B$6,OBJECTIFS!$H$8="taux de chute"),AND($D20=OBJECTIFS!$B$13,OBJECTIFS!$H$15="taux de chute"),AND($D20=OBJECTIFS!$B$20,OBJECTIFS!$H$22="taux de chute"),AND($D20=OBJECTIFS!$B$27,OBJECTIFS!$H$29="taux de chute"),AND($D20=OBJECTIFS!$B$34,OBJECTIFS!$H$36="taux de chute")),IFERROR(W20/V20,""),IFERROR(V20/W20,"")) | Y20: =IFERROR(IF(OR(V20="",W20="",X20=""),0,IF(X20<OBJECTIFS!$E$56,0,IF(X20<OBJECTIFS!$G$56,Y$8*OBJECTIFS!$F$60,IF(X20<OBJECTIFS!$I$56,Y$8*OBJECTIFS!$H$60,Y$8)))),0) -> 0 | AA20: =IF(OR($A20="",$D20="",Z20=""),"",SUMIFS(OBJECTIFS!I$9:I$39,OBJECTIFS!$A$9:$A$39,$D20,OBJECTIFS!$C$9:$C$39,$F20)) | AB20: =IF(OR(AND($D20=OBJECTIFS!$B$6,OBJECTIFS!I$8="dmt"),AND($D20=OBJECTIFS!$B$13,OBJECTIFS!$I$15="dmt"),AND($D20=OBJECTIFS!$B$20,OBJECTIFS!$I$22="dmt"),AND($D20=OBJECTIFS!$B$27,OBJECTIFS!$I$29="dmt"),AND($D20=OBJECTIFS!$B$34,OBJECTIFS!$I$36="dmt"),AND($D20=OBJECTIFS!$B$6,OBJECTIFS!$I$8="taux de chute"),AND($D20=OBJECTIFS!$B$13,OBJECTIFS!$I$15="taux de chute"),AND($D20=OBJECTIFS!$B$20,OBJECTIFS!$I$22="taux de chute"),AND($D20=OBJECTIFS!$B$27,OBJECTIFS!$I$29="taux de chute"),AND($D20=OBJECTIFS!$B$34,OBJECTIFS!$I$36="taux de chute")),IFERROR(AA20/Z20,""),IFERROR(Z20/AA20,"")) | AC20: =IFERROR(IF(OR(Z20="",AA20="",AB20=""),0,IF(AB20<OBJECTIFS!$E$56,0,IF(AB20<OBJECTIFS!$G$56,AC$8*OBJECTIFS!$F$60,IF(AB20<OBJECTIFS!$I$56,AC$8*OBJECTIFS!$H$60,AC$8)))),0) -> 0 | AF20: =IF(AD20>=1,0,SUMIF($J$7:$AC$8,"Nb de points",$J20:$AC20)) -> 0 | AM20: =SUM(AK20:AL20,AI20) -> 0 | AN20: 22 | AO20: =IFERROR(IF(IF(OR(AI20>=2,AJ20>=8,AND(AI20=1,AJ20>=4)),0,IF(OR(AND(AI20=1,AJ20<4),AND(AI20=0,AJ20>=4,AJ20<8)),50%,100%))*(AN20-AM20)/AN20=0,-100%,IF(OR(AI20>=2,AJ20>=8,AND(AI20=1,AJ20>=4)),0,IF(OR(AND(AI20=1,AJ20<4),AND(AI20=0,AJ20>=4,AJ20<8)),50%,100%))*(AN20-AM20)/AN20-1),"") -> 0 | AP20: =IFERROR((H20*AF20/100)*(1+AO20),"") | AR20: =IFERROR(VLOOKUP(B20,OBJECTIFS!$C$76:$E$137,2,FALSE),0) -> 0 | AS20: =IFERROR(VLOOKUP(B20,OBJECTIFS!$H$76:$J$137,2,FALSE),0) -> 0 | AT20: =IFERROR(VLOOKUP(B20,OBJECTIFS!$C$142:$E$203,2,FALSE),0) -> 0 | AU20: =IFERROR(VLOOKUP(B20,OBJECTIFS!$H$142:$J$203,2,FALSE),0) -> 0 | AV20: =IFERROR(VLOOKUP(B20,OBJECTIFS!$F$208:$H$269,3,FALSE),0) -> 0 | AW20: =IF($B$5="interne",IF($AR$6="prime de langue",IF(AH20>=191,SUM(AS20:AV20,AR20/191*191),SUM(AS20:AV20,AR20/191*AH20)),IF($AS$6="prime de langue",IF(AH20>=191,SUM(AR20,AT20,AU20,AV20,AS20/191*191),SUM(AR20,AT20,AU20,AV20,AS20/191*AH20)),IF($AT$6="prime de langue",IF(AH20>=191,SUM(AR20,AS20,AU20,AV20,AT20/191*191),SUM(AR20,AS20,AU20,AV20,AT20/191*AH20)),IF($AU$6="prime de langue",IF(AH20>=191,SUM(AR20,AT20,AV20,AS20,AU20/191*191),SUM(AR20,AT20,AV20,AS20,AU20/191*AH20)),SUM(AR20:AV20))))),IF($AR$6="prime de langue",IF(AH20>=176,SUM(AS20:AV20,AR20/176*176),SUM(AS20:AV20,AR20/176*AH20)),IF($AS$6="prime de langue",IF(AH20>=176,SUM(AR20,AT20,AU20,AV20,AS20/176*176),SUM(AR20,AT20,AU20,AV20,AS20/176*AH20)),IF($AT$6="prime de langue",IF(AH20>=176,SUM(AR20,AS20,AU20,AV20,AT20/176*176),SUM(AR20,AS20,AU20,AV20,AT20/176*AH20)),IF($AU$6="prime de langue",IF(AH20>=176,SUM(AR20,AT20,AV20,AS20,AU20/176*176),SUM(AR20,AT20,AV20,AS20,AU20/176*AH20)),SUM(AR20:AV20)))))) -> 0 | AY20: =IFERROR(((H20*AF20/100)*(1+AO20)+AW20),"") | BA20: =IFERROR(IF(OR(AI20>=2,AJ20>=8,AND(AI20=1,AJ20>=4)),0,IF(OR(AND(AI20=1,AJ20<4),AND(AI20=0,AJ20>=4,AJ20<8)),0.5,1))*AF20*(AN20-AM20)/AN20,"") -> 0 | BB20: =IF(BC20="","","è") | BC20: =IF(BA20=0,"",IF(BA20>=MAX($BA$9:$BA$216),A20,""))
... H213: =IF(OR(D213="",F213="",A213=""),"",IF(E213="oui",0,IF(D213=OBJECTIFS!$C$45,VLOOKUP(F213,OBJECTIFS!$C$9:$D$11,2,FALSE),IF(D213=OBJECTIFS!$C$46,VLOOKUP(F213,OBJECTIFS!$C$16:$D$18,2,FALSE),IF(D213=OBJECTIFS!$C$47,VLOOKUP(F213,OBJECTIFS!$C$23:$D$25,2,FALSE),IF(D213=OBJECTIFS!$C$48,VLOOKUP(F213,OBJECTIFS!$C$30:$D$32,2,FALSE),IF(D213=OBJECTIFS!$C$49,VLOOKUP(F213,OBJECTIFS!$C$37:$D$39,2,FALSE)))))))) | K213: =IF(OR($A213="",$D213="",J213=""),"",SUMIFS(OBJECTIFS!E$9:E$39,OBJECTIFS!$A$9:$A$39,$D213,OBJECTIFS!$C$9:$C$39,$F213)) | L213: =IF(OR(AND($D213=OBJECTIFS!$B$6,OBJECTIFS!E$8="dmt"),AND($D213=OBJECTIFS!$B$13,OBJECTIFS!$E$15="dmt"),AND($D213=OBJECTIFS!$B$20,OBJECTIFS!$E$22="dmt"),AND($D213=OBJECTIFS!$B$27,OBJECTIFS!$E$29="dmt"),AND($D213=OBJECTIFS!$B$34,OBJECTIFS!$E$36="dmt"),AND($D213=OBJECTIFS!$B$6,OBJECTIFS!$E$8="taux de chute"),AND($D213=OBJECTIFS!$B$13,OBJECTIFS!$E$15="taux de chute"),AND($D213=OBJECTIFS!$B$20,OBJECTIFS!$E$22="taux de chute"),AND($D213=OBJECTIFS!$B$27,OBJECTIFS!$E$29="taux de chute"),AND($D213=OBJECTIFS!$B$34,OBJECTIFS!$E$36="taux de chute")),IFERROR(K213/J213,""),IFERROR(J213/K213,"")) | M213: =IFERROR(IF(OR(J213="",K213="",L213=""),0,IF(L213<OBJECTIFS!$E$56,0,IF(L213<OBJECTIFS!$G$56,M$8*OBJECTIFS!$F$60,IF(L213<OBJECTIFS!$I$56,M$8*OBJECTIFS!$H$60,M$8)))),0) -> 0 | O213: =IF(OR($A213="",$D213="",N213=""),"",SUMIFS(OBJECTIFS!F$9:F$39,OBJECTIFS!$A$9:$A$39,$D213,OBJECTIFS!$C$9:$C$39,$F213)) | P213: =IF(OR(AND($D213=OBJECTIFS!$B$6,OBJECTIFS!$F$8="dmt"),AND($D213=OBJECTIFS!$B$13,OBJECTIFS!$F$15="dmt"),AND($D213=OBJECTIFS!$B$20,OBJECTIFS!$F$22="dmt"),AND($D213=OBJECTIFS!$B$27,OBJECTIFS!$F$29="dmt"),AND($D213=OBJECTIFS!$B$34,OBJECTIFS!$F$36="dmt"),AND($D213=OBJECTIFS!$B$6,OBJECTIFS!$F$8="taux de chute"),AND($D213=OBJECTIFS!$B$13,OBJECTIFS!$F$15="taux de chute"),AND($D213=OBJECTIFS!$B$20,OBJECTIFS!$F$22="taux de chute"),AND($D213=OBJECTIFS!$B$27,OBJECTIFS!$F$29="taux de chute"),AND($D213=OBJECTIFS!$B$34,OBJECTIFS!$F$36="taux de chute")),IFERROR(O213/N213,""),IFERROR(N213/O213,"")) | Q213: =IFERROR(IF(OR(N213="",O213="",P213=""),0,IF(P213<OBJECTIFS!$E$56,0,IF(P213<OBJECTIFS!$G$56,Q$8*OBJECTIFS!$F$60,IF(P213<OBJECTIFS!$I$56,Q$8*OBJECTIFS!$H$60,Q$8)))),0) -> 0 | S213: =IF(OR($A213="",$D213="",R213=""),"",SUMIFS(OBJECTIFS!G$9:G$39,OBJECTIFS!$A$9:$A$39,$D213,OBJECTIFS!$C$9:$C$39,$F213)) | T213: =IF(OR(AND($D213=OBJECTIFS!$B$6,OBJECTIFS!G$8="dmt"),AND($D213=OBJECTIFS!$B$13,OBJECTIFS!$G$15="dmt"),AND($D213=OBJECTIFS!$B$20,OBJECTIFS!$G$22="dmt"),AND($D213=OBJECTIFS!$B$27,OBJECTIFS!$G$29="dmt"),AND($D213=OBJECTIFS!$B$34,OBJECTIFS!$G$36="dmt"),AND($D213=OBJECTIFS!$B$6,OBJECTIFS!$G$8="taux de chute"),AND($D213=OBJECTIFS!$B$13,OBJECTIFS!$G$15="taux de chute"),AND($D213=OBJECTIFS!$B$20,OBJECTIFS!$G$22="taux de chute"),AND($D213=OBJECTIFS!$B$27,OBJECTIFS!$G$29="taux de chute"),AND($D213=OBJECTIFS!$B$34,OBJECTIFS!$G$36="taux de chute")),IFERROR(S213/R213,""),IFERROR(R213/S213,"")) | U213: =IFERROR(IF(OR(R213="",S213="",T213=""),0,IF(T213<OBJECTIFS!$E$56,0,IF(T213<OBJECTIFS!$G$56,U$8*OBJECTIFS!$F$60,IF(T213<OBJECTIFS!$I$56,U$8*OBJECTIFS!$H$60,U$8)))),0) -> 0 | W213: =IF(OR($A213="",$D213="",V213=""),"",SUMIFS(OBJECTIFS!H$9:H$39,OBJECTIFS!$A$9:$A$39,$D213,OBJECTIFS!$C$9:$C$39,$F213)) | X213: =IF(OR(AND($D213=OBJECTIFS!$B$6,OBJECTIFS!H$8="dmt"),AND($D213=OBJECTIFS!$B$13,OBJECTIFS!$H$15="dmt"),AND($D213=OBJECTIFS!$B$20,OBJECTIFS!$H$22="dmt"),AND($D213=OBJECTIFS!$B$27,OBJECTIFS!$H$29="dmt"),AND($D213=OBJECTIFS!$B$34,OBJECTIFS!$H$36="dmt"),AND($D213=OBJECTIFS!$B$6,OBJECTIFS!$H$8="taux de chute"),AND($D213=OBJECTIFS!$B$13,OBJECTIFS!$H$15="taux de chute"),AND($D213=OBJECTIFS!$B$20,OBJECTIFS!$H$22="taux de chute"),AND($D213=OBJECTIFS!$B$27,OBJECTIFS!$H$29="taux de chute"),AND($D213=OBJECTIFS!$B$34,OBJECTIFS!$H$36="taux de chute")),IFERROR(W213/V213,""),IFERROR(V213/W213,"")) | Y213: =IFERROR(IF(OR(V213="",W213="",X213=""),0,IF(X213<OBJECTIFS!$E$56,0,IF(X213<OBJECTIFS!$G$56,Y$8*OBJECTIFS!$F$60,IF(X213<OBJECTIFS!$I$56,Y$8*OBJECTIFS!$H$60,Y$8)))),0) -> 0 | AA213: =IF(OR($A213="",$D213="",Z213=""),"",SUMIFS(OBJECTIFS!I$9:I$39,OBJECTIFS!$A$9:$A$39,$D213,OBJECTIFS!$C$9:$C$39,$F213)) | AB213: =IF(OR(AND($D213=OBJECTIFS!$B$6,OBJECTIFS!I$8="dmt"),AND($D213=OBJECTIFS!$B$13,OBJECTIFS!$I$15="dmt"),AND($D213=OBJECTIFS!$B$20,OBJECTIFS!$I$22="dmt"),AND($D213=OBJECTIFS!$B$27,OBJECTIFS!$I$29="dmt"),AND($D213=OBJECTIFS!$B$34,OBJECTIFS!$I$36="dmt"),AND($D213=OBJECTIFS!$B$6,OBJECTIFS!$I$8="taux de chute"),AND($D213=OBJECTIFS!$B$13,OBJECTIFS!$I$15="taux de chute"),AND($D213=OBJECTIFS!$B$20,OBJECTIFS!$I$22="taux de chute"),AND($D213=OBJECTIFS!$B$27,OBJECTIFS!$I$29="taux de chute"),AND($D213=OBJECTIFS!$B$34,OBJECTIFS!$I$36="taux de chute")),IFERROR(AA213/Z213,""),IFERROR(Z213/AA213,"")) | AC213: =IFERROR(IF(OR(Z213="",AA213="",AB213=""),0,IF(AB213<OBJECTIFS!$E$56,0,IF(AB213<OBJECTIFS!$G$56,AC$8*OBJECTIFS!$F$60,IF(AB213<OBJECTIFS!$I$56,AC$8*OBJECTIFS!$H$60,AC$8)))),0) -> 0 | AF213: =IF(AD213>=1,0,SUMIF($J$7:$AC$8,"Nb de points",$J213:$AC213)) -> 0 | AM213: =SUM(AK213:AL213,AI213) -> 0 | AN213: 22 | AO213: =IFERROR(IF(IF(OR(AI213>=2,AJ213>=8,AND(AI213=1,AJ213>=4)),0,IF(OR(AND(AI213=1,AJ213<4),AND(AI213=0,AJ213>=4,AJ213<8)),50%,100%))*(AN213-AM213)/AN213=0,-100%,IF(OR(AI213>=2,AJ213>=8,AND(AI213=1,AJ213>=4)),0,IF(OR(AND(AI213=1,AJ213<4),AND(AI213=0,AJ213>=4,AJ213<8)),50%,100%))*(AN213-AM213)/AN213-1),"") -> 0 | AP213: =IFERROR((H213*AF213/100)*(1+AO213),"") | AR213: =IFERROR(VLOOKUP(B213,OBJECTIFS!$C$76:$E$137,2,FALSE),0) -> 0 | AS213: =IFERROR(VLOOKUP(B213,OBJECTIFS!$H$76:$J$137,2,FALSE),0) -> 0 | AT213: =IFERROR(VLOOKUP(B213,OBJECTIFS!$C$142:$E$203,2,FALSE),0) -> 0 | AU213: =IFERROR(VLOOKUP(B213,OBJECTIFS!$H$142:$J$203,2,FALSE),0) -> 0 | AV213: =IFERROR(VLOOKUP(B213,OBJECTIFS!$F$208:$H$269,3,FALSE),0) -> 0 | AW213: =IF($B$5="interne",IF($AR$6="prime de langue",IF(AH213>=191,SUM(AS213:AV213,AR213/191*191),SUM(AS213:AV213,AR213/191*AH213)),IF($AS$6="prime de langue",IF(AH213>=191,SUM(AR213,AT213,AU213,AV213,AS213/191*191),SUM(AR213,AT213,AU213,AV213,AS213/191*AH213)),IF($AT$6="prime de langue",IF(AH213>=191,SUM(AR213,AS213,AU213,AV213,AT213/191*191),SUM(AR213,AS213,AU213,AV213,AT213/191*AH213)),IF($AU$6="prime de langue",IF(AH213>=191,SUM(AR213,AT213,AV213,AS213,AU213/191*191),SUM(AR213,AT213,AV213,AS213,AU213/191*AH213)),SUM(AR213:AV213))))),IF($AR$6="prime de langue",IF(AH213>=176,SUM(AS213:AV213,AR213/176*176),SUM(AS213:AV213,AR213/176*AH213)),IF($AS$6="prime de langue",IF(AH213>=176,SUM(AR213,AT213,AU213,AV213,AS213/176*176),SUM(AR213,AT213,AU213,AV213,AS213/176*AH213)),IF($AT$6="prime de langue",IF(AH213>=176,SUM(AR213,AS213,AU213,AV213,AT213/176*176),SUM(AR213,AS213,AU213,AV213,AT213/176*AH213)),IF($AU$6="prime de langue",IF(AH213>=176,SUM(AR213,AT213,AV213,AS213,AU213/176*176),SUM(AR213,AT213,AV213,AS213,AU213/176*AH213)),SUM(AR213:AV213)))))) -> 0 | AY213: =IFERROR(((H213*AF213/100)*(1+AO213)+AW213),"") | BA213: =IFERROR(IF(OR(AI213>=2,AJ213>=8,AND(AI213=1,AJ213>=4)),0,IF(OR(AND(AI213=1,AJ213<4),AND(AI213=0,AJ213>=4,AJ213<8)),0.5,1))*AF213*(AN213-AM213)/AN213,"") -> 0 | BB213: =IF(BC213="","","è") | BC213: =IF(BA213=0,"",IF(BA213>=MAX($BA$9:$BA$216),A213,""))
H214: =IF(OR(D214="",F214="",A214=""),"",IF(E214="oui",0,IF(D214=OBJECTIFS!$C$45,VLOOKUP(F214,OBJECTIFS!$C$9:$D$11,2,FALSE),IF(D214=OBJECTIFS!$C$46,VLOOKUP(F214,OBJECTIFS!$C$16:$D$18,2,FALSE),IF(D214=OBJECTIFS!$C$47,VLOOKUP(F214,OBJECTIFS!$C$23:$D$25,2,FALSE),IF(D214=OBJECTIFS!$C$48,VLOOKUP(F214,OBJECTIFS!$C$30:$D$32,2,FALSE),IF(D214=OBJECTIFS!$C$49,VLOOKUP(F214,OBJECTIFS!$C$37:$D$39,2,FALSE)))))))) | K214: =IF(OR($A214="",$D214="",J214=""),"",SUMIFS(OBJECTIFS!E$9:E$39,OBJECTIFS!$A$9:$A$39,$D214,OBJECTIFS!$C$9:$C$39,$F214)) | L214: =IF(OR(AND($D214=OBJECTIFS!$B$6,OBJECTIFS!E$8="dmt"),AND($D214=OBJECTIFS!$B$13,OBJECTIFS!$E$15="dmt"),AND($D214=OBJECTIFS!$B$20,OBJECTIFS!$E$22="dmt"),AND($D214=OBJECTIFS!$B$27,OBJECTIFS!$E$29="dmt"),AND($D214=OBJECTIFS!$B$34,OBJECTIFS!$E$36="dmt"),AND($D214=OBJECTIFS!$B$6,OBJECTIFS!$E$8="taux de chute"),AND($D214=OBJECTIFS!$B$13,OBJECTIFS!$E$15="taux de chute"),AND($D214=OBJECTIFS!$B$20,OBJECTIFS!$E$22="taux de chute"),AND($D214=OBJECTIFS!$B$27,OBJECTIFS!$E$29="taux de chute"),AND($D214=OBJECTIFS!$B$34,OBJECTIFS!$E$36="taux de chute")),IFERROR(K214/J214,""),IFERROR(J214/K214,"")) | M214: =IFERROR(IF(OR(J214="",K214="",L214=""),0,IF(L214<OBJECTIFS!$E$56,0,IF(L214<OBJECTIFS!$G$56,M$8*OBJECTIFS!$F$60,IF(L214<OBJECTIFS!$I$56,M$8*OBJECTIFS!$H$60,M$8)))),0) -> 0 | O214: =IF(OR($A214="",$D214="",N214=""),"",SUMIFS(OBJECTIFS!F$9:F$39,OBJECTIFS!$A$9:$A$39,$D214,OBJECTIFS!$C$9:$C$39,$F214)) | P214: =IF(OR(AND($D214=OBJECTIFS!$B$6,OBJECTIFS!$F$8="dmt"),AND($D214=OBJECTIFS!$B$13,OBJECTIFS!$F$15="dmt"),AND($D214=OBJECTIFS!$B$20,OBJECTIFS!$F$22="dmt"),AND($D214=OBJECTIFS!$B$27,OBJECTIFS!$F$29="dmt"),AND($D214=OBJECTIFS!$B$34,OBJECTIFS!$F$36="dmt"),AND($D214=OBJECTIFS!$B$6,OBJECTIFS!$F$8="taux de chute"),AND($D214=OBJECTIFS!$B$13,OBJECTIFS!$F$15="taux de chute"),AND($D214=OBJECTIFS!$B$20,OBJECTIFS!$F$22="taux de chute"),AND($D214=OBJECTIFS!$B$27,OBJECTIFS!$F$29="taux de chute"),AND($D214=OBJECTIFS!$B$34,OBJECTIFS!$F$36="taux de chute")),IFERROR(O214/N214,""),IFERROR(N214/O214,"")) | Q214: =IFERROR(IF(OR(N214="",O214="",P214=""),0,IF(P214<OBJECTIFS!$E$56,0,IF(P214<OBJECTIFS!$G$56,Q$8*OBJECTIFS!$F$60,IF(P214<OBJECTIFS!$I$56,Q$8*OBJECTIFS!$H$60,Q$8)))),0) -> 0 | S214: =IF(OR($A214="",$D214="",R214=""),"",SUMIFS(OBJECTIFS!G$9:G$39,OBJECTIFS!$A$9:$A$39,$D214,OBJECTIFS!$C$9:$C$39,$F214)) | T214: =IF(OR(AND($D214=OBJECTIFS!$B$6,OBJECTIFS!G$8="dmt"),AND($D214=OBJECTIFS!$B$13,OBJECTIFS!$G$15="dmt"),AND($D214=OBJECTIFS!$B$20,OBJECTIFS!$G$22="dmt"),AND($D214=OBJECTIFS!$B$27,OBJECTIFS!$G$29="dmt"),AND($D214=OBJECTIFS!$B$34,OBJECTIFS!$G$36="dmt"),AND($D214=OBJECTIFS!$B$6,OBJECTIFS!$G$8="taux de chute"),AND($D214=OBJECTIFS!$B$13,OBJECTIFS!$G$15="taux de chute"),AND($D214=OBJECTIFS!$B$20,OBJECTIFS!$G$22="taux de chute"),AND($D214=OBJECTIFS!$B$27,OBJECTIFS!$G$29="taux de chute"),AND($D214=OBJECTIFS!$B$34,OBJECTIFS!$G$36="taux de chute")),IFERROR(S214/R214,""),IFERROR(R214/S214,"")) | U214: =IFERROR(IF(OR(R214="",S214="",T214=""),0,IF(T214<OBJECTIFS!$E$56,0,IF(T214<OBJECTIFS!$G$56,U$8*OBJECTIFS!$F$60,IF(T214<OBJECTIFS!$I$56,U$8*OBJECTIFS!$H$60,U$8)))),0) -> 0 | W214: =IF(OR($A214="",$D214="",V214=""),"",SUMIFS(OBJECTIFS!H$9:H$39,OBJECTIFS!$A$9:$A$39,$D214,OBJECTIFS!$C$9:$C$39,$F214)) | X214: =IF(OR(AND($D214=OBJECTIFS!$B$6,OBJECTIFS!H$8="dmt"),AND($D214=OBJECTIFS!$B$13,OBJECTIFS!$H$15="dmt"),AND($D214=OBJECTIFS!$B$20,OBJECTIFS!$H$22="dmt"),AND($D214=OBJECTIFS!$B$27,OBJECTIFS!$H$29="dmt"),AND($D214=OBJECTIFS!$B$34,OBJECTIFS!$H$36="dmt"),AND($D214=OBJECTIFS!$B$6,OBJECTIFS!$H$8="taux de chute"),AND($D214=OBJECTIFS!$B$13,OBJECTIFS!$H$15="taux de chute"),AND($D214=OBJECTIFS!$B$20,OBJECTIFS!$H$22="taux de chute"),AND($D214=OBJECTIFS!$B$27,OBJECTIFS!$H$29="taux de chute"),AND($D214=OBJECTIFS!$B$34,OBJECTIFS!$H$36="taux de chute")),IFERROR(W214/V214,""),IFERROR(V214/W214,"")) | Y214: =IFERROR(IF(OR(V214="",W214="",X214=""),0,IF(X214<OBJECTIFS!$E$56,0,IF(X214<OBJECTIFS!$G$56,Y$8*OBJECTIFS!$F$60,IF(X214<OBJECTIFS!$I$56,Y$8*OBJECTIFS!$H$60,Y$8)))),0) -> 0 | AA214: =IF(OR($A214="",$D214="",Z214=""),"",SUMIFS(OBJECTIFS!I$9:I$39,OBJECTIFS!$A$9:$A$39,$D214,OBJECTIFS!$C$9:$C$39,$F214)) | AB214: =IF(OR(AND($D214=OBJECTIFS!$B$6,OBJECTIFS!I$8="dmt"),AND($D214=OBJECTIFS!$B$13,OBJECTIFS!$I$15="dmt"),AND($D214=OBJECTIFS!$B$20,OBJECTIFS!$I$22="dmt"),AND($D214=OBJECTIFS!$B$27,OBJECTIFS!$I$29="dmt"),AND($D214=OBJECTIFS!$B$34,OBJECTIFS!$I$36="dmt"),AND($D214=OBJECTIFS!$B$6,OBJECTIFS!$I$8="taux de chute"),AND($D214=OBJECTIFS!$B$13,OBJECTIFS!$I$15="taux de chute"),AND($D214=OBJECTIFS!$B$20,OBJECTIFS!$I$22="taux de chute"),AND($D214=OBJECTIFS!$B$27,OBJECTIFS!$I$29="taux de chute"),AND($D214=OBJECTIFS!$B$34,OBJECTIFS!$I$36="taux de chute")),IFERROR(AA214/Z214,""),IFERROR(Z214/AA214,"")) | AC214: =IFERROR(IF(OR(Z214="",AA214="",AB214=""),0,IF(AB214<OBJECTIFS!$E$56,0,IF(AB214<OBJECTIFS!$G$56,AC$8*OBJECTIFS!$F$60,IF(AB214<OBJECTIFS!$I$56,AC$8*OBJECTIFS!$H$60,AC$8)))),0) -> 0 | AF214: =IF(AD214>=1,0,SUMIF($J$7:$AC$8,"Nb de points",$J214:$AC214)) -> 0 | AM214: =SUM(AK214:AL214,AI214) -> 0 | AN214: =AN213 -> 22 | AO214: =IFERROR(IF(IF(OR(AI214>=2,AJ214>=8,AND(AI214=1,AJ214>=4)),0,IF(OR(AND(AI214=1,AJ214<4),AND(AI214=0,AJ214>=4,AJ214<8)),50%,100%))*(AN214-AM214)/AN214=0,-100%,IF(OR(AI214>=2,AJ214>=8,AND(AI214=1,AJ214>=4)),0,IF(OR(AND(AI214=1,AJ214<4),AND(AI214=0,AJ214>=4,AJ214<8)),50%,100%))*(AN214-AM214)/AN214-1),"") -> 0 | AP214: =IFERROR((H214*AF214/100)*(1+AO214),"") | AR214: =IFERROR(VLOOKUP(B214,OBJECTIFS!$C$76:$E$137,2,FALSE),0) -> 0 | AS214: =IFERROR(VLOOKUP(B214,OBJECTIFS!$H$76:$J$137,2,FALSE),0) -> 0 | AT214: =IFERROR(VLOOKUP(B214,OBJECTIFS!$C$142:$E$203,2,FALSE),0) -> 0 | AU214: =IFERROR(VLOOKUP(B214,OBJECTIFS!$H$142:$J$203,2,FALSE),0) -> 0 | AV214: =IFERROR(VLOOKUP(B214,OBJECTIFS!$F$208:$H$269,3,FALSE),0) -> 0 | AW214: =IF($B$5="interne",IF($AR$6="prime de langue",IF(AH214>=191,SUM(AS214:AV214,AR214/191*191),SUM(AS214:AV214,AR214/191*AH214)),IF($AS$6="prime de langue",IF(AH214>=191,SUM(AR214,AT214,AU214,AV214,AS214/191*191),SUM(AR214,AT214,AU214,AV214,AS214/191*AH214)),IF($AT$6="prime de langue",IF(AH214>=191,SUM(AR214,AS214,AU214,AV214,AT214/191*191),SUM(AR214,AS214,AU214,AV214,AT214/191*AH214)),IF($AU$6="prime de langue",IF(AH214>=191,SUM(AR214,AT214,AV214,AS214,AU214/191*191),SUM(AR214,AT214,AV214,AS214,AU214/191*AH214)),SUM(AR214:AV214))))),IF($AR$6="prime de langue",IF(AH214>=176,SUM(AS214:AV214,AR214/176*176),SUM(AS214:AV214,AR214/176*AH214)),IF($AS$6="prime de langue",IF(AH214>=176,SUM(AR214,AT214,AU214,AV214,AS214/176*176),SUM(AR214,AT214,AU214,AV214,AS214/176*AH214)),IF($AT$6="prime de langue",IF(AH214>=176,SUM(AR214,AS214,AU214,AV214,AT214/176*176),SUM(AR214,AS214,AU214,AV214,AT214/176*AH214)),IF($AU$6="prime de langue",IF(AH214>=176,SUM(AR214,AT214,AV214,AS214,AU214/176*176),SUM(AR214,AT214,AV214,AS214,AU214/176*AH214)),SUM(AR214:AV214)))))) -> 0 | AY214: =IFERROR(((H214*AF214/100)*(1+AO214)+AW214),"") | BA214: =IFERROR(IF(OR(AI214>=2,AJ214>=8,AND(AI214=1,AJ214>=4)),0,IF(OR(AND(AI214=1,AJ214<4),AND(AI214=0,AJ214>=4,AJ214<8)),0.5,1))*AF214*(AN214-AM214)/AN214,"") -> 0 | BB214: =IF(BC214="","","è") | BC214: =IF(BA214=0,"",IF(BA214>=MAX($BA$9:$BA$215),A214,""))
H215: =IF(OR(D215="",F215="",A215=""),"",IF(E215="oui",0,IF(D215=OBJECTIFS!$C$45,VLOOKUP(F215,OBJECTIFS!$C$9:$D$11,2,FALSE),IF(D215=OBJECTIFS!$C$46,VLOOKUP(F215,OBJECTIFS!$C$16:$D$18,2,FALSE),IF(D215=OBJECTIFS!$C$47,VLOOKUP(F215,OBJECTIFS!$C$23:$D$25,2,FALSE),IF(D215=OBJECTIFS!$C$48,VLOOKUP(F215,OBJECTIFS!$C$30:$D$32,2,FALSE),IF(D215=OBJECTIFS!$C$49,VLOOKUP(F215,OBJECTIFS!$C$37:$D$39,2,FALSE)))))))) | K215: =IF(OR($A215="",$D215="",J215=""),"",SUMIFS(OBJECTIFS!E$9:E$39,OBJECTIFS!$A$9:$A$39,$D215,OBJECTIFS!$C$9:$C$39,$F215)) | L215: =IF(OR(AND($D215=OBJECTIFS!$B$6,OBJECTIFS!E$8="dmt"),AND($D215=OBJECTIFS!$B$13,OBJECTIFS!$E$15="dmt"),AND($D215=OBJECTIFS!$B$20,OBJECTIFS!$E$22="dmt"),AND($D215=OBJECTIFS!$B$27,OBJECTIFS!$E$29="dmt"),AND($D215=OBJECTIFS!$B$34,OBJECTIFS!$E$36="dmt"),AND($D215=OBJECTIFS!$B$6,OBJECTIFS!$E$8="taux de chute"),AND($D215=OBJECTIFS!$B$13,OBJECTIFS!$E$15="taux de chute"),AND($D215=OBJECTIFS!$B$20,OBJECTIFS!$E$22="taux de chute"),AND($D215=OBJECTIFS!$B$27,OBJECTIFS!$E$29="taux de chute"),AND($D215=OBJECTIFS!$B$34,OBJECTIFS!$E$36="taux de chute")),IFERROR(K215/J215,""),IFERROR(J215/K215,"")) | M215: =IFERROR(IF(OR(J215="",K215="",L215=""),0,IF(L215<OBJECTIFS!$E$56,0,IF(L215<OBJECTIFS!$G$56,M$8*OBJECTIFS!$F$60,IF(L215<OBJECTIFS!$I$56,M$8*OBJECTIFS!$H$60,M$8)))),0) -> 0 | O215: =IF(OR($A215="",$D215="",N215=""),"",SUMIFS(OBJECTIFS!F$9:F$39,OBJECTIFS!$A$9:$A$39,$D215,OBJECTIFS!$C$9:$C$39,$F215)) | P215: =IF(OR(AND($D215=OBJECTIFS!$B$6,OBJECTIFS!$F$8="dmt"),AND($D215=OBJECTIFS!$B$13,OBJECTIFS!$F$15="dmt"),AND($D215=OBJECTIFS!$B$20,OBJECTIFS!$F$22="dmt"),AND($D215=OBJECTIFS!$B$27,OBJECTIFS!$F$29="dmt"),AND($D215=OBJECTIFS!$B$34,OBJECTIFS!$F$36="dmt"),AND($D215=OBJECTIFS!$B$6,OBJECTIFS!$F$8="taux de chute"),AND($D215=OBJECTIFS!$B$13,OBJECTIFS!$F$15="taux de chute"),AND($D215=OBJECTIFS!$B$20,OBJECTIFS!$F$22="taux de chute"),AND($D215=OBJECTIFS!$B$27,OBJECTIFS!$F$29="taux de chute"),AND($D215=OBJECTIFS!$B$34,OBJECTIFS!$F$36="taux de chute")),IFERROR(O215/N215,""),IFERROR(N215/O215,"")) | Q215: =IFERROR(IF(OR(N215="",O215="",P215=""),0,IF(P215<OBJECTIFS!$E$56,0,IF(P215<OBJECTIFS!$G$56,Q$8*OBJECTIFS!$F$60,IF(P215<OBJECTIFS!$I$56,Q$8*OBJECTIFS!$H$60,Q$8)))),0) -> 0 | S215: =IF(OR($A215="",$D215="",R215=""),"",SUMIFS(OBJECTIFS!G$9:G$39,OBJECTIFS!$A$9:$A$39,$D215,OBJECTIFS!$C$9:$C$39,$F215)) | T215: =IF(OR(AND($D215=OBJECTIFS!$B$6,OBJECTIFS!G$8="dmt"),AND($D215=OBJECTIFS!$B$13,OBJECTIFS!$G$15="dmt"),AND($D215=OBJECTIFS!$B$20,OBJECTIFS!$G$22="dmt"),AND($D215=OBJECTIFS!$B$27,OBJECTIFS!$G$29="dmt"),AND($D215=OBJECTIFS!$B$34,OBJECTIFS!$G$36="dmt"),AND($D215=OBJECTIFS!$B$6,OBJECTIFS!$G$8="taux de chute"),AND($D215=OBJECTIFS!$B$13,OBJECTIFS!$G$15="taux de chute"),AND($D215=OBJECTIFS!$B$20,OBJECTIFS!$G$22="taux de chute"),AND($D215=OBJECTIFS!$B$27,OBJECTIFS!$G$29="taux de chute"),AND($D215=OBJECTIFS!$B$34,OBJECTIFS!$G$36="taux de chute")),IFERROR(S215/R215,""),IFERROR(R215/S215,"")) | U215: =IFERROR(IF(OR(R215="",S215="",T215=""),0,IF(T215<OBJECTIFS!$E$56,0,IF(T215<OBJECTIFS!$G$56,U$8*OBJECTIFS!$F$60,IF(T215<OBJECTIFS!$I$56,U$8*OBJECTIFS!$H$60,U$8)))),0) -> 0 | W215: =IF(OR($A215="",$D215="",V215=""),"",SUMIFS(OBJECTIFS!H$9:H$39,OBJECTIFS!$A$9:$A$39,$D215,OBJECTIFS!$C$9:$C$39,$F215)) | X215: =IF(OR(AND($D215=OBJECTIFS!$B$6,OBJECTIFS!H$8="dmt"),AND($D215=OBJECTIFS!$B$13,OBJECTIFS!$H$15="dmt"),AND($D215=OBJECTIFS!$B$20,OBJECTIFS!$H$22="dmt"),AND($D215=OBJECTIFS!$B$27,OBJECTIFS!$H$29="dmt"),AND($D215=OBJECTIFS!$B$34,OBJECTIFS!$H$36="dmt"),AND($D215=OBJECTIFS!$B$6,OBJECTIFS!$H$8="taux de chute"),AND($D215=OBJECTIFS!$B$13,OBJECTIFS!$H$15="taux de chute"),AND($D215=OBJECTIFS!$B$20,OBJECTIFS!$H$22="taux de chute"),AND($D215=OBJECTIFS!$B$27,OBJECTIFS!$H$29="taux de chute"),AND($D215=OBJECTIFS!$B$34,OBJECTIFS!$H$36="taux de chute")),IFERROR(W215/V215,""),IFERROR(V215/W215,"")) | Y215: =IFERROR(IF(OR(V215="",W215="",X215=""),0,IF(X215<OBJECTIFS!$E$56,0,IF(X215<OBJECTIFS!$G$56,Y$8*OBJECTIFS!$F$60,IF(X215<OBJECTIFS!$I$56,Y$8*OBJECTIFS!$H$60,Y$8)))),0) -> 0 | AA215: =IF(OR($A215="",$D215="",Z215=""),"",SUMIFS(OBJECTIFS!I$9:I$39,OBJECTIFS!$A$9:$A$39,$D215,OBJECTIFS!$C$9:$C$39,$F215)) | AB215: =IF(OR(AND($D215=OBJECTIFS!$B$6,OBJECTIFS!I$8="dmt"),AND($D215=OBJECTIFS!$B$13,OBJECTIFS!$I$15="dmt"),AND($D215=OBJECTIFS!$B$20,OBJECTIFS!$I$22="dmt"),AND($D215=OBJECTIFS!$B$27,OBJECTIFS!$I$29="dmt"),AND($D215=OBJECTIFS!$B$34,OBJECTIFS!$I$36="dmt"),AND($D215=OBJECTIFS!$B$6,OBJECTIFS!$I$8="taux de chute"),AND($D215=OBJECTIFS!$B$13,OBJECTIFS!$I$15="taux de chute"),AND($D215=OBJECTIFS!$B$20,OBJECTIFS!$I$22="taux de chute"),AND($D215=OBJECTIFS!$B$27,OBJECTIFS!$I$29="taux de chute"),AND($D215=OBJECTIFS!$B$34,OBJECTIFS!$I$36="taux de chute")),IFERROR(AA215/Z215,""),IFERROR(Z215/AA215,"")) | AC215: =IFERROR(IF(OR(Z215="",AA215="",AB215=""),0,IF(AB215<OBJECTIFS!$E$56,0,IF(AB215<OBJECTIFS!$G$56,AC$8*OBJECTIFS!$F$60,IF(AB215<OBJECTIFS!$I$56,AC$8*OBJECTIFS!$H$60,AC$8)))),0) -> 0 | AF215: =IF(AD215>=1,0,SUMIF($J$7:$AC$8,"Nb de points",$J215:$AC215)) -> 0 | AM215: =SUM(AK215:AL215,AI215) -> 0 | AN215: =AN214 -> 22 | AO215: =IFERROR(IF(IF(OR(AI215>=2,AJ215>=8,AND(AI215=1,AJ215>=4)),0,IF(OR(AND(AI215=1,AJ215<4),AND(AI215=0,AJ215>=4,AJ215<8)),50%,100%))*(AN215-AM215)/AN215=0,-100%,IF(OR(AI215>=2,AJ215>=8,AND(AI215=1,AJ215>=4)),0,IF(OR(AND(AI215=1,AJ215<4),AND(AI215=0,AJ215>=4,AJ215<8)),50%,100%))*(AN215-AM215)/AN215-1),"") -> 0 | AP215: =IFERROR((H215*AF215/100)*(1+AO215),"") | AR215: =IFERROR(VLOOKUP(B215,OBJECTIFS!$C$76:$E$137,2,FALSE),0) -> 0 | AS215: =IFERROR(VLOOKUP(B215,OBJECTIFS!$H$76:$J$137,2,FALSE),0) -> 0 | AT215: =IFERROR(VLOOKUP(B215,OBJECTIFS!$C$142:$E$203,2,FALSE),0) -> 0 | AU215: =IFERROR(VLOOKUP(B215,OBJECTIFS!$H$142:$J$203,2,FALSE),0) -> 0 | AV215: =IFERROR(VLOOKUP(B215,OBJECTIFS!$F$208:$H$269,3,FALSE),0) -> 0 | AW215: =IF($B$5="interne",IF($AR$6="prime de langue",IF(AH215>=191,SUM(AS215:AV215,AR215/191*191),SUM(AS215:AV215,AR215/191*AH215)),IF($AS$6="prime de langue",IF(AH215>=191,SUM(AR215,AT215,AU215,AV215,AS215/191*191),SUM(AR215,AT215,AU215,AV215,AS215/191*AH215)),IF($AT$6="prime de langue",IF(AH215>=191,SUM(AR215,AS215,AU215,AV215,AT215/191*191),SUM(AR215,AS215,AU215,AV215,AT215/191*AH215)),IF($AU$6="prime de langue",IF(AH215>=191,SUM(AR215,AT215,AV215,AS215,AU215/191*191),SUM(AR215,AT215,AV215,AS215,AU215/191*AH215)),SUM(AR215:AV215))))),IF($AR$6="prime de langue",IF(AH215>=176,SUM(AS215:AV215,AR215/176*176),SUM(AS215:AV215,AR215/176*AH215)),IF($AS$6="prime de langue",IF(AH215>=176,SUM(AR215,AT215,AU215,AV215,AS215/176*176),SUM(AR215,AT215,AU215,AV215,AS215/176*AH215)),IF($AT$6="prime de langue",IF(AH215>=176,SUM(AR215,AS215,AU215,AV215,AT215/176*176),SUM(AR215,AS215,AU215,AV215,AT215/176*AH215)),IF($AU$6="prime de langue",IF(AH215>=176,SUM(AR215,AT215,AV215,AS215,AU215/176*176),SUM(AR215,AT215,AV215,AS215,AU215/176*AH215)),SUM(AR215:AV215)))))) -> 0 | AY215: =IFERROR(((H215*AF215/100)*(1+AO215)+AW215),"") | BA215: =IFERROR(IF(OR(AI215>=2,AJ215>=8,AND(AI215=1,AJ215>=4)),0,IF(OR(AND(AI215=1,AJ215<4),AND(AI215=0,AJ215>=4,AJ215<8)),0.5,1))*AF215*(AN215-AM215)/AN215,"") -> 0 | BB215: =IF(BC215="","","è") | BC215: =IF(BA215=0,"",IF(BA215>=MAX($BA$9:$BA$215),A215,""))
H216: =IF(OR(D216="",F216="",A216=""),"",IF(E216="oui",0,IF(D216=OBJECTIFS!$C$45,VLOOKUP(F216,OBJECTIFS!$C$9:$D$11,2,FALSE),IF(D216=OBJECTIFS!$C$46,VLOOKUP(F216,OBJECTIFS!$C$16:$D$18,2,FALSE),IF(D216=OBJECTIFS!$C$47,VLOOKUP(F216,OBJECTIFS!$C$23:$D$25,2,FALSE),IF(D216=OBJECTIFS!$C$48,VLOOKUP(F216,OBJECTIFS!$C$30:$D$32,2,FALSE),IF(D216=OBJECTIFS!$C$49,VLOOKUP(F216,OBJECTIFS!$C$37:$D$39,2,FALSE)))))))) | K216: =IF(OR($A216="",$D216="",J216=""),"",SUMIFS(OBJECTIFS!E$9:E$39,OBJECTIFS!$A$9:$A$39,$D216,OBJECTIFS!$C$9:$C$39,$F216)) | L216: =IF(OR(AND($D216=OBJECTIFS!$B$6,OBJECTIFS!E$8="dmt"),AND($D216=OBJECTIFS!$B$13,OBJECTIFS!$E$15="dmt"),AND($D216=OBJECTIFS!$B$20,OBJECTIFS!$E$22="dmt"),AND($D216=OBJECTIFS!$B$27,OBJECTIFS!$E$29="dmt"),AND($D216=OBJECTIFS!$B$34,OBJECTIFS!$E$36="dmt"),AND($D216=OBJECTIFS!$B$6,OBJECTIFS!$E$8="taux de chute"),AND($D216=OBJECTIFS!$B$13,OBJECTIFS!$E$15="taux de chute"),AND($D216=OBJECTIFS!$B$20,OBJECTIFS!$E$22="taux de chute"),AND($D216=OBJECTIFS!$B$27,OBJECTIFS!$E$29="taux de chute"),AND($D216=OBJECTIFS!$B$34,OBJECTIFS!$E$36="taux de chute")),IFERROR(K216/J216,""),IFERROR(J216/K216,"")) | M216: =IFERROR(IF(OR(J216="",K216="",L216=""),0,IF(L216<OBJECTIFS!$E$56,0,IF(L216<OBJECTIFS!$G$56,M$8*OBJECTIFS!$F$60,IF(L216<OBJECTIFS!$I$56,M$8*OBJECTIFS!$H$60,M$8)))),0) -> 0 | O216: =IF(OR($A216="",$D216="",N216=""),"",SUMIFS(OBJECTIFS!F$9:F$39,OBJECTIFS!$A$9:$A$39,$D216,OBJECTIFS!$C$9:$C$39,$F216)) | P216: =IF(OR(AND($D216=OBJECTIFS!$B$6,OBJECTIFS!$F$8="dmt"),AND($D216=OBJECTIFS!$B$13,OBJECTIFS!$F$15="dmt"),AND($D216=OBJECTIFS!$B$20,OBJECTIFS!$F$22="dmt"),AND($D216=OBJECTIFS!$B$27,OBJECTIFS!$F$29="dmt"),AND($D216=OBJECTIFS!$B$34,OBJECTIFS!$F$36="dmt"),AND($D216=OBJECTIFS!$B$6,OBJECTIFS!$F$8="taux de chute"),AND($D216=OBJECTIFS!$B$13,OBJECTIFS!$F$15="taux de chute"),AND($D216=OBJECTIFS!$B$20,OBJECTIFS!$F$22="taux de chute"),AND($D216=OBJECTIFS!$B$27,OBJECTIFS!$F$29="taux de chute"),AND($D216=OBJECTIFS!$B$34,OBJECTIFS!$F$36="taux de chute")),IFERROR(O216/N216,""),IFERROR(N216/O216,"")) | Q216: =IFERROR(IF(OR(N216="",O216="",P216=""),0,IF(P216<OBJECTIFS!$E$56,0,IF(P216<OBJECTIFS!$G$56,Q$8*OBJECTIFS!$F$60,IF(P216<OBJECTIFS!$I$56,Q$8*OBJECTIFS!$H$60,Q$8)))),0) -> 0 | S216: =IF(OR($A216="",$D216="",R216=""),"",SUMIFS(OBJECTIFS!G$9:G$39,OBJECTIFS!$A$9:$A$39,$D216,OBJECTIFS!$C$9:$C$39,$F216)) | T216: =IF(OR(AND($D216=OBJECTIFS!$B$6,OBJECTIFS!G$8="dmt"),AND($D216=OBJECTIFS!$B$13,OBJECTIFS!$G$15="dmt"),AND($D216=OBJECTIFS!$B$20,OBJECTIFS!$G$22="dmt"),AND($D216=OBJECTIFS!$B$27,OBJECTIFS!$G$29="dmt"),AND($D216=OBJECTIFS!$B$34,OBJECTIFS!$G$36="dmt"),AND($D216=OBJECTIFS!$B$6,OBJECTIFS!$G$8="taux de chute"),AND($D216=OBJECTIFS!$B$13,OBJECTIFS!$G$15="taux de chute"),AND($D216=OBJECTIFS!$B$20,OBJECTIFS!$G$22="taux de chute"),AND($D216=OBJECTIFS!$B$27,OBJECTIFS!$G$29="taux de chute"),AND($D216=OBJECTIFS!$B$34,OBJECTIFS!$G$36="taux de chute")),IFERROR(S216/R216,""),IFERROR(R216/S216,"")) | U216: =IFERROR(IF(OR(R216="",S216="",T216=""),0,IF(T216<OBJECTIFS!$E$56,0,IF(T216<OBJECTIFS!$G$56,U$8*OBJECTIFS!$F$60,IF(T216<OBJECTIFS!$I$56,U$8*OBJECTIFS!$H$60,U$8)))),0) -> 0 | W216: =IF(OR($A216="",$D216="",V216=""),"",SUMIFS(OBJECTIFS!H$9:H$39,OBJECTIFS!$A$9:$A$39,$D216,OBJECTIFS!$C$9:$C$39,$F216)) | X216: =IF(OR(AND($D216=OBJECTIFS!$B$6,OBJECTIFS!H$8="dmt"),AND($D216=OBJECTIFS!$B$13,OBJECTIFS!$H$15="dmt"),AND($D216=OBJECTIFS!$B$20,OBJECTIFS!$H$22="dmt"),AND($D216=OBJECTIFS!$B$27,OBJECTIFS!$H$29="dmt"),AND($D216=OBJECTIFS!$B$34,OBJECTIFS!$H$36="dmt"),AND($D216=OBJECTIFS!$B$6,OBJECTIFS!$H$8="taux de chute"),AND($D216=OBJECTIFS!$B$13,OBJECTIFS!$H$15="taux de chute"),AND($D216=OBJECTIFS!$B$20,OBJECTIFS!$H$22="taux de chute"),AND($D216=OBJECTIFS!$B$27,OBJECTIFS!$H$29="taux de chute"),AND($D216=OBJECTIFS!$B$34,OBJECTIFS!$H$36="taux de chute")),IFERROR(W216/V216,""),IFERROR(V216/W216,"")) | Y216: =IFERROR(IF(OR(V216="",W216="",X216=""),0,IF(X216<OBJECTIFS!$E$56,0,IF(X216<OBJECTIFS!$G$56,Y$8*OBJECTIFS!$F$60,IF(X216<OBJECTIFS!$I$56,Y$8*OBJECTIFS!$H$60,Y$8)))),0) -> 0 | AA216: =IF(OR($A216="",$D216="",Z216=""),"",SUMIFS(OBJECTIFS!I$9:I$39,OBJECTIFS!$A$9:$A$39,$D216,OBJECTIFS!$C$9:$C$39,$F216)) | AB216: =IF(OR(AND($D216=OBJECTIFS!$B$6,OBJECTIFS!I$8="dmt"),AND($D216=OBJECTIFS!$B$13,OBJECTIFS!$I$15="dmt"),AND($D216=OBJECTIFS!$B$20,OBJECTIFS!$I$22="dmt"),AND($D216=OBJECTIFS!$B$27,OBJECTIFS!$I$29="dmt"),AND($D216=OBJECTIFS!$B$34,OBJECTIFS!$I$36="dmt"),AND($D216=OBJECTIFS!$B$6,OBJECTIFS!$I$8="taux de chute"),AND($D216=OBJECTIFS!$B$13,OBJECTIFS!$I$15="taux de chute"),AND($D216=OBJECTIFS!$B$20,OBJECTIFS!$I$22="taux de chute"),AND($D216=OBJECTIFS!$B$27,OBJECTIFS!$I$29="taux de chute"),AND($D216=OBJECTIFS!$B$34,OBJECTIFS!$I$36="taux de chute")),IFERROR(AA216/Z216,""),IFERROR(Z216/AA216,"")) | AC216: =IFERROR(IF(OR(Z216="",AA216="",AB216=""),0,IF(AB216<OBJECTIFS!$E$56,0,IF(AB216<OBJECTIFS!$G$56,AC$8*OBJECTIFS!$F$60,IF(AB216<OBJECTIFS!$I$56,AC$8*OBJECTIFS!$H$60,AC$8)))),0) -> 0 | AF216: =IF(AD216>=1,0,SUMIF($J$7:$AC$8,"Nb de points",$J216:$AC216)) -> 0 | AM216: =SUM(AK216:AL216,AI216) -> 0 | AN216: =AN215 -> 22 | AO216: =IFERROR(IF(IF(OR(AI216>=2,AJ216>=8,AND(AI216=1,AJ216>=4)),0,IF(OR(AND(AI216=1,AJ216<4),AND(AI216=0,AJ216>=4,AJ216<8)),50%,100%))*(AN216-AM216)/AN216=0,-100%,IF(OR(AI216>=2,AJ216>=8,AND(AI216=1,AJ216>=4)),0,IF(OR(AND(AI216=1,AJ216<4),AND(AI216=0,AJ216>=4,AJ216<8)),50%,100%))*(AN216-AM216)/AN216-1),"") -> 0 | AP216: =IFERROR((H216*AF216/100)*(1+AO216),"") | AR216: =IFERROR(VLOOKUP(B216,OBJECTIFS!$C$76:$E$137,2,FALSE),0) -> 0 | AS216: =IFERROR(VLOOKUP(B216,OBJECTIFS!$H$76:$J$137,2,FALSE),0) -> 0 | AT216: =IFERROR(VLOOKUP(B216,OBJECTIFS!$C$142:$E$203,2,FALSE),0) -> 0 | AU216: =IFERROR(VLOOKUP(B216,OBJECTIFS!$H$142:$J$203,2,FALSE),0) -> 0 | AV216: =IFERROR(VLOOKUP(B216,OBJECTIFS!$F$208:$H$269,3,FALSE),0) -> 0 | AW216: =IF($B$5="interne",IF($AR$6="prime de langue",IF(AH216>=191,SUM(AS216:AV216,AR216/191*191),SUM(AS216:AV216,AR216/191*AH216)),IF($AS$6="prime de langue",IF(AH216>=191,SUM(AR216,AT216,AU216,AV216,AS216/191*191),SUM(AR216,AT216,AU216,AV216,AS216/191*AH216)),IF($AT$6="prime de langue",IF(AH216>=191,SUM(AR216,AS216,AU216,AV216,AT216/191*191),SUM(AR216,AS216,AU216,AV216,AT216/191*AH216)),IF($AU$6="prime de langue",IF(AH216>=191,SUM(AR216,AT216,AV216,AS216,AU216/191*191),SUM(AR216,AT216,AV216,AS216,AU216/191*AH216)),SUM(AR216:AV216))))),IF($AR$6="prime de langue",IF(AH216>=176,SUM(AS216:AV216,AR216/176*176),SUM(AS216:AV216,AR216/176*AH216)),IF($AS$6="prime de langue",IF(AH216>=176,SUM(AR216,AT216,AU216,AV216,AS216/176*176),SUM(AR216,AT216,AU216,AV216,AS216/176*AH216)),IF($AT$6="prime de langue",IF(AH216>=176,SUM(AR216,AS216,AU216,AV216,AT216/176*176),SUM(AR216,AS216,AU216,AV216,AT216/176*AH216)),IF($AU$6="prime de langue",IF(AH216>=176,SUM(AR216,AT216,AV216,AS216,AU216/176*176),SUM(AR216,AT216,AV216,AS216,AU216/176*AH216)),SUM(AR216:AV216)))))) -> 0 | AY216: =IFERROR(((H216*AF216/100)*(1+AO216)+AW216),"") | BA216: =IFERROR(IF(OR(AI216>=2,AJ216>=8,AND(AI216=1,AJ216>=4)),0,IF(OR(AND(AI216=1,AJ216<4),AND(AI216=0,AJ216>=4,AJ216<8)),0.5,1))*AF216*(AN216-AM216)/AN216,"") -> 0 | BB216: =IF(BC216="","","è") | BC216: =IF(BA216=0,"",IF(BA216>=MAX($BA$9:$BA$215),A216,""))
AR217: =IF(SUM(AR9:AR216)=SUM(OBJECTIFS!D76:E137),"OK","ALERTE") -> OK | AS217: =IF(SUM(AS9:AS216)=SUM(OBJECTIFS!I76:J137),"OK","ALERTE") -> OK | AT217: =IF(SUM(AT9:AT216)=SUM(OBJECTIFS!D142:E203),"OK","ALERTE") -> OK | AU217: =IF(SUM(AU9:AU216)=SUM(OBJECTIFS!I142:J203),"OK","ALERTE") -> OK | AV217: =IF(SUM(AV9:AV216)=SUM(OBJECTIFS!H208:H269),"OK","ALERTE") -> OK | AW217: TEST
J218: =J7 -> KPI1 | N218: =N7 -> KPI2 | R218: =R7 -> KPI3 | V218: =V7 -> KPI4 | Z218: =Z7 -> KPI5 | AR218: Prime moyenne | AW218: Projet | AY218: =IFERROR(AVERAGE($AY$9:$AY$216),"")
A219: MAL | J219: Résultat | K219: Objectif | L219: % d'att. | N219: Résultat | O219: Objectif | P219: % d'att. | R219: Résultat | S219: Objectif | T219: % d'att. | V219: Résultat | W219: Objectif | X219: % d'att. | Z219: Résultat | AA219: Objectif | AB219: % d'att. | AW219: Débutant | AY219: =IFERROR(SUMIF($F$9:$F$216,AW219,$AY$9:$AY$216)/COUNTIF($F$9:$F$216,AW219),"")
J220: =IFERROR(AVERAGEIFS(J$9:J$216,$C$9:$C$216,$A$219),"") | K220: =IFERROR(AVERAGEIFS(K$9:K$216,$C$9:$C$216,$A$219),"") | L220: =IFERROR(J220/K220,"") | N220: =IFERROR(AVERAGEIFS(N$9:N$216,$C$9:$C$216,$A$219),"") | O220: =IFERROR(AVERAGEIFS(O$9:O$216,$C$9:$C$216,$A$219),"") | P220: =IFERROR(N220/O220,"") | R220: =IFERROR(AVERAGEIFS(R$9:R$216,$C$9:$C$216,$A$219),"") | S220: =IFERROR(AVERAGEIFS(S$9:S$216,$C$9:$C$216,$A$219),"") | T220: =IFERROR(R220/S220,"") | V220: =IFERROR(AVERAGEIFS(V$9:V$216,$C$9:$C$216,$A$219),"") | W220: =IFERROR(AVERAGEIFS(W$9:W$216,$C$9:$C$216,$A$219),"") | X220: =IFERROR(V220/W220,"") | Z220: =IFERROR(AVERAGEIFS(Z$9:Z$216,$C$9:$C$216,$A$219),"") | AA220: =IFERROR(AVERAGEIFS(AA$9:AA$216,$C$9:$C$216,$A$219),"") | AB220: =IFERROR(Z220/AA220,"") | AW220: Confirmé | AY220: =IFERROR(SUMIF($F$9:$F$216,AW220,$AY$9:$AY$216)/COUNTIF($F$9:$F$216,AW220),"")
AW221: Sénior | AY221: =IFERROR(SUMIF($F$9:$F$216,AW221,$AY$9:$AY$216)/COUNTIF($F$9:$F$216,AW221),"")
AR222: Montant total de la prime | AY222: =SUM(AY9:AY216) -> 0
AY223: =IFERROR(SUMIF($E$9:$E$215,AW223,$AY$9:$AY$216)/COUNTIF($E$9:$E$215,AW223),"")

Sheet OBJECTIFS
B1: Auteur EG:
B2: Date émission EG:
D4: Nb de points | E4: 15 | F4: 27.5 | G4: 27.5 | H4: 20 | I4: 10 | J4: MALUS
E5: KPI1 | F5: KPI2 | G5: KPI3 | H5: KPI4 | I5: KPI5 | J5: KPI6
A6: =B6 -> ACTIVITE 1 | B6: =IF($C$45=0,"",$C$45) -> ACTIVITE 1 | C6: Statut | D6: Prime (Montant Brut) | E6: Objectifs / Indicateurs / Statuts
A7: =B6 -> ACTIVITE 1 | E7: Productivité | H7: Qualité | J7: Sat Client
A8: =B6 -> ACTIVITE 1 | E8: =IFERROR(VLOOKUP($B6,Matrice,3,FALSE),"") -> INTITULE KPI1 | F8: =IFERROR(VLOOKUP($B6,Matrice,4,FALSE),"") -> INTITULE KPI2 | G8: =IFERROR(VLOOKUP($B6,Matrice,5,FALSE),"") -> INTITULE KPI3 | H8: =IFERROR(VLOOKUP($B6,Matrice,6,FALSE),"") -> INTITULE KPI4 | I8: =IFERROR(VLOOKUP($B6,Matrice,7,FALSE),"") -> INTITULE KPI5 | J8: =IFERROR(VLOOKUP($B6,Matrice,8,FALSE),"") -> INTITULE KPI6
A9: =B6 -> ACTIVITE 1 | C9: Débutant | D9: 1200 | E9: 0.4 | F9: 0.0038194444 | G9: 7 | H9: 0.92 | I9: 0.98 | J9: 0
A10: =B6 -> ACTIVITE 1 | C10: Confirmé | D10: 1200 | E10: 0.4 | F10: 0.0038194444 | G10: 9 | H10: 0.92 | I10: 0.98 | J10: 0
A11: =B6 -> ACTIVITE 1 | C11: Sénior | D11: 1200 | E11: 0.4 | F11: 0.0038194444 | G11: 9 | H11: 0.92 | I11: 0.98 | J11: 0
A13: =B13 -> ACTIVITE 2 | B13: =IF($C$46=0,"",$C$46) -> ACTIVITE 2 | C13: =C6 -> Statut | D13: =D6 -> Prime (Montant Brut) | E13: Objectifs / Indicateurs / Statuts
A14: =B13 -> ACTIVITE 2 | E14: Productivité | H14: Qualité | J14: Sat Client
A15: =B13 -> ACTIVITE 2 | E15: =IFERROR(VLOOKUP($B13,Matrice,3,FALSE),"") -> INTITULE KPI1 | F15: =IFERROR(VLOOKUP($B13,Matrice,4,FALSE),"") -> INTITULE KPI2 | G15: =IFERROR(VLOOKUP($B13,Matrice,5,FALSE),"") -> INTITULE KPI3 | H15: =IFERROR(VLOOKUP($B13,Matrice,6,FALSE),"") -> INTITULE KPI4 | I15: =IFERROR(VLOOKUP($B13,Matrice,7,FALSE),"") -> INTITULE KPI5 | J15: =IFERROR(VLOOKUP($B13,Matrice,8,FALSE),"") -> INTITULE KPI6
A16: =B13 -> ACTIVITE 2 | C16: =C9 -> Débutant | D16: 1200 | J16: 0
A17: =B13 -> ACTIVITE 2 | C17: =C10 -> Confirmé | D17: 1200 | J17: 0
A18: =B13 -> ACTIVITE 2 | C18: =C11 -> Sénior | D18: 1200 | J18: 0
A20: =B20 | B20: =IF($C$47=0,"",$C$47) | C20: =C6 -> Statut | D20: =D6 -> Prime (Montant Brut) | E20: Objectifs / Indicateurs / Statuts
A21: =B20 | E21: Productivité | H21: Qualité | J21: Sat Client
A22: =B20 | E22: =IFERROR(VLOOKUP($B20,Matrice,3,FALSE),"") | F22: =IFERROR(VLOOKUP($B20,Matrice,4,FALSE),"") | G22: =IFERROR(VLOOKUP($B20,Matrice,5,FALSE),"") | H22: =IFERROR(VLOOKUP($B20,Matrice,6,FALSE),"") | I22: =IFERROR(VLOOKUP($B20,Matrice,7,FALSE),"") | J22: =IFERROR(VLOOKUP($B20,Matrice,8,FALSE),"")
A23: =B20 | C23: =C9 -> Débutant | D23: 1200 | J23: 0
A24: =B20 | C24: =C10 -> Confirmé | D24: 1200 | J24: 0
A25: =B20 | C25: =C11 -> Sénior | D25: 1200 | J25: 0
A27: =B27 | B27: =IF($C$48=0,"",$C$48) | C27: =C6 -> Statut | D27: =D6 -> Prime (Montant Brut) | E27: Objectifs / Indicateurs / Statuts
A28: =B27 | E28: Productivité | H28: Qualité | J28: Sat Client
A29: =B27 | E29: =IFERROR(VLOOKUP($B27,Matrice,3,FALSE),"") | F29: =IFERROR(VLOOKUP($B27,Matrice,4,FALSE),"") | G29: =IFERROR(VLOOKUP($B27,Matrice,5,FALSE),"") | H29: =IFERROR(VLOOKUP($B27,Matrice,6,FALSE),"") | I29: =IFERROR(VLOOKUP($B27,Matrice,7,FALSE),"") | J29: =IFERROR(VLOOKUP($B27,Matrice,8,FALSE),"")
A30: =B27 | C30: =C9 -> Débutant | D30: 1200 | J30: 0
A31: =B27 | C31: =C10 -> Confirmé | D31: 1200 | J31: 0
A32: =B27 | C32: =C11 -> Sénior | D32: 1200 | J32: 0
A34: =B34 | B34: =IF($C$48=0,"",$C$49) | C34: =C13 -> Statut | D34: =D13 -> Prime (Montant Brut) | E34: Objectifs / Indicateurs / Statuts
A35: =B34 | E35: Productivité | H35: Qualité | J35: Sat Client
A36: =B34 | E36: =IFERROR(VLOOKUP($B34,Matrice,3,FALSE),"") | F36: =IFERROR(VLOOKUP($B34,Matrice,4,FALSE),"") | G36: =IFERROR(VLOOKUP($B34,Matrice,5,FALSE),"") | H36: =IFERROR(VLOOKUP($B34,Matrice,6,FALSE),"") | I36: =IFERROR(VLOOKUP($B34,Matrice,7,FALSE),"") | J36: =IFERROR(VLOOKUP($B34,Matrice,8,FALSE),"")
A37: =B34 | C37: =C16 -> Débutant | D37: 1200 | J37: 0
A38: =B34 | C38: =C17 -> Confirmé | D38: 1200 | J38: 0
A39: =B34 | C39: =C18 -> Sénior | D39: 1200 | J39: 0
C43: Matrice des indicateurs par typologie d'activité
C45: ACTIVITE 1 | E45: INTITULE KPI1 | F45: INTITULE KPI2 | G45: INTITULE KPI3 | H45: INTITULE KPI4 | I45: INTITULE KPI5 | J45: INTITULE KPI6
C46: ACTIVITE 2 | E46: INTITULE KPI1 | F46: INTITULE KPI2 | G46: INTITULE KPI3 | H46: INTITULE KPI4 | I46: INTITULE KPI5 | J46: INTITULE KPI6
E52: Paliers VS % Points
E54: Min | G54: Objectif | I54: Max
E56: 0.85 | G56: 0.9 | I56: 1
F58: Palier 1 | H58: Palier 2 | J58: Palier 3
F60: 0.85 | H60: 0.9 | J60: 1
E63: Matrice des primes bonus sur l'activité
E65: PRIME | G65: DENOMINATION PRIME
E66: PRIME 1 | G66: MISSION
E67: PRIME 2 | G67: PRIME DE LANGUE
E68: PRIME 3
E69: PRIME 4
E71: Liste des bénéficiaires des différents bonus
B73: =IF(G66="",E66,G66) -> MISSION | G73: =IF(G67="",E67,G67) -> PRIME DE LANGUE
B75: Noms prénoms | C75: Matricule | D75: Montant Prime | G75: Noms prénoms | H75: Matricule | I75: Montant Prime
B139: =IF(G68="",E68,G68) -> PRIME 3 | G139: =IF(G69="",E69,G69) -> PRIME 4
B141: Noms prénoms | C141: Matricule | D141: Montant Prime | G141: Noms prénoms | H141: Matricule | I141: Montant Prime
D205: SUPER BONUS VENTES
E207: Noms prénoms | F207: Matricule | G207: Réalisation | H207: Montant Prime
H208: =IFERROR(VLOOKUP(G208,$C$276:$G$328,4,TRUE),0) -> 0
H209: =IFERROR(VLOOKUP(G209,$C$276:$G$328,4,TRUE),0) -> 0
H210: =IFERROR(VLOOKUP(G210,$C$276:$G$328,4,TRUE),0) -> 0
H211: =IFERROR(VLOOKUP(G211,$C$276:$G$328,4,TRUE),0) -> 0
H212: =IFERROR(VLOOKUP(G212,$C$276:$G$328,4,TRUE),0) -> 0
H213: =IFERROR(VLOOKUP(G213,$C$276:$G$328,4,TRUE),0) -> 0
H214: =IFERROR(VLOOKUP(G214,$C$276:$G$328,4,TRUE),0) -> 0
H215: =IFERROR(VLOOKUP(G215,$C$276:$G$328,4,TRUE),0) -> 0
H216: =IFERROR(VLOOKUP(G216,$C$276:$G$328,4,TRUE),0) -> 0
H217: =IFERROR(VLOOKUP(G217,$C$276:$G$328,4,TRUE),0) -> 0
H218: =IFERROR(VLOOKUP(G218,$C$276:$G$328,4,TRUE),0) -> 0
H219: =IFERROR(VLOOKUP(G219,$C$276:$G$328,4,TRUE),0) -> 0
... H269: =IFERROR(VLOOKUP(G269,$C$276:$G$328,4,TRUE),0) -> 0
C271: pay plan du super bonus vente/RDV
B273: TAUX DE CHANGE | C273: 10.5 | E273: BASE SUPER BONUS | F273: A RENSEIGNER | H273: PRIX RDV
C276: CA Net / RDV Net | E276: Commission | F276: Montant Cible (BRUT) | G276: Tx de Prime/CA
E277: =IFERROR(G277*C277,"") -> 0 | G277: =IFERROR((IF($F$273="VENTES",F277/(C277*$C$273),IF($F$273="RDV",F277/(C277*$I$273*$C$273),0))),"") -> 0
E278: =IFERROR(G278*C278,"") -> 0 | G278: =IFERROR((IF($F$273="VENTES",F278/(C278*$C$273),IF($F$273="RDV",F278/(C278*$I$273*$C$273),0))),"") -> 0
E279: =IFERROR(G279*C279,"") -> 0 | G279: =IFERROR((IF($F$273="VENTES",F279/(C279*$C$273),IF($F$273="RDV",F279/(C279*$I$273*$C$273),0))),"") -> 0
E280: =IFERROR(G280*C280,"") -> 0 | G280: =IFERROR((IF($F$273="VENTES",F280/(C280*$C$273),IF($F$273="RDV",F280/(C280*$I$273*$C$273),0))),"") -> 0
E281: =IFERROR(G281*C281,"") -> 0 | G281: =IFERROR((IF($F$273="VENTES",F281/(C281*$C$273),IF($F$273="RDV",F281/(C281*$I$273*$C$273),0))),"") -> 0
E282: =IFERROR(G282*C282,"") -> 0 | G282: =IFERROR((IF($F$273="VENTES",F282/(C282*$C$273),IF($F$273="RDV",F282/(C282*$I$273*$C$273),0))),"") -> 0
E283: =IFERROR(G283*C283,"") -> 0 | G283: =IFERROR((IF($F$273="VENTES",F283/(C283*$C$273),IF($F$273="RDV",F283/(C283*$I$273*$C$273),0))),"") -> 0
E284: =IFERROR(G284*C284,"") -> 0 | G284: =IFERROR((IF($F$273="VENTES",F284/(C284*$C$273),IF($F$273="RDV",F284/(C284*$I$273*$C$273),0))),"") -> 0
E285: =IFERROR(G285*C285,"") -> 0 | G285: =IFERROR((IF($F$273="VENTES",F285/(C285*$C$273),IF($F$273="RDV",F285/(C285*$I$273*$C$273),0))),"") -> 0
E286: =IFERROR(G286*C286,"") -> 0 | G286: =IFERROR((IF($F$273="VENTES",F286/(C286*$C$273),IF($F$273="RDV",F286/(C286*$I$273*$C$273),0))),"") -> 0
E287: =IFERROR(G287*C287,"") -> 0 | G287: =IFERROR((IF($F$273="VENTES",F287/(C287*$C$273),IF($F$273="RDV",F287/(C287*$I$273*$C$273),0))),"") -> 0
E288: =IFERROR(G288*C288,"") -> 0 | G288: =IFERROR((IF($F$273="VENTES",F288/(C288*$C$273),IF($F$273="RDV",F288/(C288*$I$273*$C$273),0))),"") -> 0
... E305: =IFERROR(G305*C305,"") -> 0 | G305: =IFERROR((IF($F$273="VENTES",F305/(C305*$C$273),IF($F$273="RDV",F305/(C305*$I$273*$C$273),0))),"") -> 0
G306: =IFERROR((IF($F$273="VENTES",F306/(C306*$C$273),IF($F$273="RDV",F306/(C306*$I$273*$C$273),0))),"") -> 0
G307: =IFERROR((IF($F$273="VENTES",F307/(C307*$C$273),IF($F$273="RDV",F307/(C307*$I$273*$C$273),0))),"") -> 0
G308: =IFERROR((IF($F$273="VENTES",F308/(C308*$C$273),IF($F$273="RDV",F308/(C308*$I$273*$C$273),0))),"") -> 0
G309: =IFERROR((IF($F$273="VENTES",F309/(C309*$C$273),IF($F$273="RDV",F309/(C309*$I$273*$C$273),0))),"") -> 0
G310: =IFERROR((IF($F$273="VENTES",F310/(C310*$C$273),IF($F$273="RDV",F310/(C310*$I$273*$C$273),0))),"") -> 0
G311: =IFERROR((IF($F$273="VENTES",F311/(C311*$C$273),IF($F$273="RDV",F311/(C311*$I$273*$C$273),0))),"") -> 0
G312: =IFERROR((IF($F$273="VENTES",F312/(C312*$C$273),IF($F$273="RDV",F312/(C312*$I$273*$C$273),0))),"") -> 0
G313: =IFERROR((IF($F$273="VENTES",F313/(C313*$C$273),IF($F$273="RDV",F313/(C313*$I$273*$C$273),0))),"") -> 0
G314: =IFERROR((IF($F$273="VENTES",F314/(C314*$C$273),IF($F$273="RDV",F314/(C314*$I$273*$C$273),0))),"") -> 0
G315: =IFERROR((IF($F$273="VENTES",F315/(C315*$C$273),IF($F$273="RDV",F315/(C315*$I$273*$C$273),0))),"") -> 0
G316: =IFERROR((IF($F$273="VENTES",F316/(C316*$C$273),IF($F$273="RDV",F316/(C316*$I$273*$C$273),0))),"") -> 0
G317: =IFERROR((IF($F$273="VENTES",F317/(C317*$C$273),IF($F$273="RDV",F317/(C317*$I$273*$C$273),0))),"") -> 0
... G341: =IFERROR((IF($F$273="VENTES",F341/(C341*$C$273),IF($F$273="RDV",F341/(C341*$I$273*$C$273),0))),"") -> 0
